CustomerID,Recency,Frequency,Monetary,R_Score,F_Score,M_Score,RFM_Score,Segment
1,2,7,48032.09,4,1,1,411,Regular Customers
2,81,9,119368.91,2,2,3,223,Regular Customers
3,8,11,116553.53,4,3,3,433,Loyal Customers
4,55,13,117756.05,2,4,3,243,Regular Customers
5,43,11,101702.65,3,3,2,332,Regular Customers
6,97,10,126772.56,2,2,3,223,Regular Customers
7,164,3,11256.1,1,1,1,111,At Risk
8,3,17,215550.62,4,4,4,444,Champions
9,171,4,32585.11,1,1,1,111,At Risk
10,340,7,62177.54,1,1,1,111,At Risk
11,67,9,124697.79000000001,2,2,3,223,Regular Customers
12,13,8,83257.11,4,1,2,412,Regular Customers
13,194,6,93422.19,1,1,2,112,At Risk
14,42,11,85760.82,3,3,2,332,Regular Customers
15,20,11,116296.03,4,3,3,433,Loyal Customers
16,94,12,162833.04,2,3,4,234,Big Spenders
17,2,13,143507.91,4,4,4,444,Champions
18,85,14,145544.03,2,4,4,244,Big Spenders
19,52,10,103839.56,2,2,2,222,Regular Customers
20,24,9,166265.39,3,2,4,324,Big Spenders
21,71,10,70624.08,2,2,1,221,Regular Customers
22,10,8,48720.31,4,1,1,411,Regular Customers
23,70,10,126583.96,2,2,3,223,Regular Customers
24,103,9,105847.96,1,2,3,123,At Risk
25,26,14,169581.9,3,4,4,344,Big Spenders
26,87,16,113132.15,2,4,3,243,Regular Customers
27,4,9,93403.61,4,2,2,422,Regular Customers
28,15,7,60066.44,4,1,1,411,Regular Customers
29,103,11,83767.4,1,3,2,132,At Risk
30,40,11,128086.04,3,3,3,333,Regular Customers
31,98,10,65363.15,2,2,1,221,Regular Customers
32,77,10,82066.15,2,2,2,222,Regular Customers
33,36,13,117490.36,3,4,3,343,Regular Customers
34,23,8,140596.97,3,1,4,314,Big Spenders
35,128,10,115039.67,1,2,3,123,At Risk
36,42,9,129948.08,3,2,3,323,Regular Customers
37,104,6,92549.72,1,1,2,112,At Risk
38,3,9,67451.97,4,2,1,421,Regular Customers
39,3,9,97443.95,4,2,2,422,Regular Customers
40,161,11,132759.4,1,3,3,133,At Risk
41,20,7,71049.04999999999,4,1,1,411,Regular Customers
42,85,12,190605.37,2,3,4,234,Big Spenders
43,200,16,195069.21,1,4,4,144,Big Spenders
44,10,12,152860.7,4,3,4,434,Loyal Customers
45,76,9,82712.47,2,2,2,222,Regular Customers
46,43,13,133124.96,3,4,3,343,Regular Customers
47,193,10,101301.91,1,2,2,122,At Risk
48,69,11,90849.23,2,3,2,232,Regular Customers
49,64,7,52142.74,2,1,1,211,Regular Customers
50,13,11,88820.96,4,3,2,432,Loyal Customers
51,87,11,178627.96,2,3,4,234,Big Spenders
52,111,10,93294.98999999999,1,2,2,122,At Risk
53,9,16,130535.13,4,4,3,443,Loyal Customers
54,5,5,62030.7,4,1,1,411,Regular Customers
55,50,17,190629.75,3,4,4,344,Big Spenders
56,14,9,84333.7,4,2,2,422,Regular Customers
57,47,15,207354.54,3,4,4,344,Big Spenders
58,46,15,187583.29,3,4,4,344,Big Spenders
59,16,9,93332.75,4,2,2,422,Regular Customers
60,44,12,163742.52,3,3,4,334,Big Spenders
61,186,7,86819.39,1,1,2,112,At Risk
62,63,12,123110.93999999999,2,3,3,233,Regular Customers
63,89,9,156468.84,2,2,4,224,Big Spenders
64,20,10,142529.16999999998,4,2,4,424,Big Spenders
65,5,15,176634.8,4,4,4,444,Champions
66,321,8,108485.91,1,1,3,113,At Risk
67,86,11,129322.98999999999,2,3,3,233,Regular Customers
68,137,9,96420.63,1,2,2,122,At Risk
69,117,9,91060.19,1,2,2,122,At Risk
70,63,10,110347.11,2,2,3,223,Regular Customers
71,21,14,118231.9,4,4,3,443,Loyal Customers
72,10,18,185100.54,4,4,4,444,Champions
73,105,8,84930.35,1,1,2,112,At Risk
74,31,12,137689.52,3,3,4,334,Big Spenders
75,21,15,100949.2,4,4,2,442,Loyal Customers
76,9,6,85145.0,4,1,2,412,Regular Customers
77,110,9,104039.03,1,2,2,122,At Risk
78,70,7,56232.28,2,1,1,211,Regular Customers
79,54,19,204017.23,2,4,4,244,Big Spenders
80,35,8,77870.51,3,1,2,312,Regular Customers
81,55,10,119258.99,2,2,3,223,Regular Customers
82,193,9,85041.74,1,2,2,122,At Risk
83,59,11,109481.53,2,3,3,233,Regular Customers
84,1,11,205283.97,4,3,4,434,Loyal Customers
85,52,15,214552.86,2,4,4,244,Big Spenders
86,116,8,57924.21,1,1,1,111,At Risk
87,57,12,144404.59,2,3,4,234,Big Spenders
88,43,10,149685.17,3,2,4,324,Big Spenders
89,65,10,146382.91,2,2,4,224,Big Spenders
90,15,11,114421.78,4,3,3,433,Loyal Customers
91,197,7,102850.59,1,1,2,112,At Risk
92,31,12,77354.65,3,3,2,332,Regular Customers
93,37,12,192521.77,3,3,4,334,Big Spenders
94,10,20,192053.24,4,4,4,444,Champions
95,135,15,170126.37,1,4,4,144,Big Spenders
96,48,6,48435.1,3,1,1,311,Regular Customers
97,35,10,89834.26,3,2,2,322,Regular Customers
98,10,11,175060.96,4,3,4,434,Loyal Customers
99,17,12,102690.42,4,3,2,432,Loyal Customers
100,35,7,50422.01,3,1,1,311,Regular Customers
101,2,15,159438.37,4,4,4,444,Champions
102,134,14,149486.59,1,4,4,144,Big Spenders
103,148,4,41379.17999999999,1,1,1,111,At Risk
104,184,7,95192.48000000001,1,1,2,112,At Risk
105,26,14,174903.97,3,4,4,344,Big Spenders
106,371,6,65297.44,1,1,1,111,At Risk
107,21,12,174269.25999999998,4,3,4,434,Loyal Customers
108,15,11,119633.84,4,3,3,433,Loyal Customers
109,40,10,94909.43,3,2,2,322,Regular Customers
110,4,16,163886.29,4,4,4,444,Champions
111,10,12,120686.74,4,3,3,433,Loyal Customers
112,9,10,139746.22999999998,4,2,4,424,Big Spenders
113,14,8,100581.51000000001,4,1,2,412,Regular Customers
114,34,15,142742.28,3,4,4,344,Big Spenders
115,213,5,37704.98,1,1,1,111,At Risk
116,161,8,91867.17,1,1,2,112,At Risk
117,2,15,182818.84,4,4,4,444,Champions
118,164,13,139871.21,1,4,4,144,Big Spenders
119,165,10,115023.5,1,2,3,123,At Risk
120,11,15,264815.77,4,4,4,444,Champions
121,254,6,53031.15,1,1,1,111,At Risk
122,56,14,172945.05,2,4,4,244,Big Spenders
123,89,7,99425.02,2,1,2,212,Regular Customers
124,40,8,78307.63,3,1,2,312,Regular Customers
125,60,10,118860.02,2,2,3,223,Regular Customers
126,16,8,87347.18000000001,4,1,2,412,Regular Customers
127,26,10,115781.92,3,2,3,323,Regular Customers
128,219,9,142113.82,1,2,4,124,Big Spenders
129,161,5,65258.28,1,1,1,111,At Risk
130,11,13,178426.57,4,4,4,444,Champions
131,21,11,143066.77,4,3,4,434,Loyal Customers
132,121,5,90302.07999999999,1,1,2,112,At Risk
133,18,14,143630.94,4,4,4,444,Champions
134,35,11,151676.06,3,3,4,334,Big Spenders
135,8,10,110993.26000000001,4,2,3,423,Regular Customers
136,78,10,102836.6,2,2,2,222,Regular Customers
137,31,9,109740.81999999999,3,2,3,323,Regular Customers
138,10,4,40230.16,4,1,1,411,Regular Customers
139,12,11,118358.32,4,3,3,433,Loyal Customers
140,15,10,112060.61,4,2,3,423,Regular Customers
141,1,14,145798.59,4,4,4,444,Champions
142,256,10,117513.73,1,2,3,123,At Risk
143,63,10,92492.1,2,2,2,222,Regular Customers
144,189,9,98030.55,1,2,2,122,At Risk
145,29,14,210711.58000000002,3,4,4,344,Big Spenders
146,24,14,141745.38,3,4,4,344,Big Spenders
147,8,11,128604.65,4,3,3,433,Loyal Customers
148,61,13,181920.13,2,4,4,244,Big Spenders
149,4,15,158371.57,4,4,4,444,Champions
150,3,7,54712.61,4,1,1,411,Regular Customers
151,2,13,98216.67,4,4,2,442,Loyal Customers
152,95,10,71161.84,2,2,1,221,Regular Customers
153,16,16,177571.51,4,4,4,444,Champions
154,139,8,127399.52,1,1,3,113,At Risk
155,10,13,153212.41,4,4,4,444,Champions
156,52,10,141653.97,2,2,4,224,Big Spenders
157,42,10,146708.98,3,2,4,324,Big Spenders
158,125,11,88549.48,1,3,2,132,At Risk
159,23,13,110367.89,3,4,3,343,Regular Customers
160,74,14,170673.79,2,4,4,244,Big Spenders
161,55,11,134051.82,2,3,3,233,Regular Customers
162,22,10,105047.61,3,2,3,323,Regular Customers
163,17,11,126702.38,4,3,3,433,Loyal Customers
164,45,10,134600.02000000002,3,2,3,323,Regular Customers
165,1,10,113997.27,4,2,3,423,Regular Customers
166,1,9,113144.65,4,2,3,423,Regular Customers
167,46,10,162631.31,3,2,4,324,Big Spenders
168,105,10,79294.87,1,2,2,122,At Risk
169,20,14,120699.89,4,4,3,443,Loyal Customers
170,66,9,76083.4,2,2,1,221,Regular Customers
171,98,12,156219.22,2,3,4,234,Big Spenders
172,148,9,63911.22,1,2,1,121,At Risk
173,97,9,48055.55,2,2,1,221,Regular Customers
174,112,12,119745.78,1,3,3,133,At Risk
175,35,13,155208.91999999998,3,4,4,344,Big Spenders
176,35,11,124464.49,3,3,3,333,Regular Customers
177,76,8,101927.76,2,1,2,212,Regular Customers
178,3,16,125928.48000000001,4,4,3,443,Loyal Customers
179,127,10,71142.4,1,2,1,121,At Risk
180,256,8,47985.0,1,1,1,111,At Risk
181,10,11,89986.6,4,3,2,432,Loyal Customers
182,13,11,119048.15,4,3,3,433,Loyal Customers
183,7,11,155435.88,4,3,4,434,Loyal Customers
184,1,14,166703.75,4,4,4,444,Champions
185,118,15,97576.4,1,4,2,142,At Risk
186,218,7,35291.62,1,1,1,111,At Risk
187,139,12,174905.63,1,3,4,134,Big Spenders
188,72,6,29596.45,2,1,1,211,Regular Customers
189,23,6,51050.56,3,1,1,311,Regular Customers
190,69,8,94405.43000000001,2,1,2,212,Regular Customers
191,2,10,67765.28,4,2,1,421,Regular Customers
192,22,8,105726.46,3,1,3,313,Regular Customers
193,192,7,68446.70999999999,1,1,1,111,At Risk
194,14,17,93500.2,4,4,2,442,Loyal Customers
195,184,11,143752.28,1,3,4,134,Big Spenders
196,22,8,85695.73,3,1,2,312,Regular Customers
197,15,8,85989.26,4,1,2,412,Regular Customers
198,82,10,64190.65,2,2,1,221,Regular Customers
199,10,13,94311.63,4,4,2,442,Loyal Customers
200,129,9,53471.200000000004,1,2,1,121,At Risk
201,14,15,125353.89,4,4,3,443,Loyal Customers
202,17,11,98233.12,4,3,2,432,Loyal Customers
203,271,5,79155.83,1,1,2,112,At Risk
204,40,10,121835.69,3,2,3,323,Regular Customers
205,59,14,137868.91999999998,2,4,4,244,Big Spenders
206,159,4,24270.13,1,1,1,111,At Risk
207,124,7,105097.47,1,1,3,113,At Risk
208,37,10,113643.51000000001,3,2,3,323,Regular Customers
209,85,14,114351.94,2,4,3,243,Regular Customers
210,41,9,48574.98,3,2,1,321,Regular Customers
211,24,11,134194.13,3,3,3,333,Regular Customers
212,114,6,68337.58,1,1,1,111,At Risk
213,123,4,46240.06,1,1,1,111,At Risk
214,31,14,145922.51,3,4,4,344,Big Spenders
215,6,10,137866.19,4,2,4,424,Big Spenders
216,4,13,155552.91,4,4,4,444,Champions
217,8,12,133056.99,4,3,3,433,Loyal Customers
218,46,16,204620.7,3,4,4,344,Big Spenders
219,23,10,183976.07,3,2,4,324,Big Spenders
220,169,11,118905.81999999999,1,3,3,133,At Risk
221,68,7,89189.36,2,1,2,212,Regular Customers
222,46,8,67465.06,3,1,1,311,Regular Customers
223,126,9,85837.83,1,2,2,122,At Risk
224,184,6,57152.32,1,1,1,111,At Risk
225,4,11,62664.91,4,3,1,431,Loyal Customers
226,61,13,196749.4,2,4,4,244,Big Spenders
227,77,7,75316.95,2,1,1,211,Regular Customers
228,14,8,98167.03000000001,4,1,2,412,Regular Customers
229,140,9,78918.57,1,2,2,122,At Risk
230,226,6,83819.58,1,1,2,112,At Risk
231,177,7,147015.42,1,1,4,114,Big Spenders
232,40,13,148175.94,3,4,4,344,Big Spenders
233,2,12,182062.53,4,3,4,434,Loyal Customers
234,105,9,151511.25,1,2,4,124,Big Spenders
235,31,14,123530.02,3,4,3,343,Regular Customers
236,101,10,93193.84,2,2,2,222,Regular Customers
237,31,12,108106.08,3,3,3,333,Regular Customers
238,20,11,93627.97,4,3,2,432,Loyal Customers
239,28,11,128483.82,3,3,3,333,Regular Customers
240,162,6,49542.96,1,1,1,111,At Risk
241,53,7,78092.01,2,1,2,212,Regular Customers
242,38,8,44525.229999999996,3,1,1,311,Regular Customers
243,106,13,174490.09,1,4,4,144,Big Spenders
244,138,10,74690.36,1,2,1,121,At Risk
245,77,15,179642.98,2,4,4,244,Big Spenders
246,41,10,145065.56,3,2,4,324,Big Spenders
247,127,9,61309.55,1,2,1,121,At Risk
248,1,10,128566.01000000001,4,2,3,423,Regular Customers
249,46,12,139080.89,3,3,4,334,Big Spenders
250,23,8,28558.11,3,1,1,311,Regular Customers
251,82,5,39119.27,2,1,1,211,Regular Customers
252,91,8,79261.98,2,1,2,212,Regular Customers
253,20,8,106554.54000000001,4,1,3,413,Regular Customers
254,99,10,110418.17000000001,2,2,3,223,Regular Customers
255,73,14,122886.87999999999,2,4,3,243,Regular Customers
256,4,17,221272.72,4,4,4,444,Champions
257,93,8,63838.649999999994,2,1,1,211,Regular Customers
258,77,13,176475.8,2,4,4,244,Big Spenders
259,86,10,79308.17,2,2,2,222,Regular Customers
260,164,10,105921.56,1,2,3,123,At Risk
261,28,5,20447.61,3,1,1,311,Regular Customers
262,113,8,104131.33,1,1,2,112,At Risk
263,193,7,45016.02,1,1,1,111,At Risk
264,1,8,72209.6,4,1,1,411,Regular Customers
265,8,13,123136.94,4,4,3,443,Loyal Customers
266,3,8,62328.16,4,1,1,411,Regular Customers
267,140,9,162856.43,1,2,4,124,Big Spenders
268,53,7,59453.29,2,1,1,211,Regular Customers
269,9,8,94269.41,4,1,2,412,Regular Customers
270,57,12,119108.84,2,3,3,233,Regular Customers
271,67,5,58475.71,2,1,1,211,Regular Customers
272,91,11,109274.14,2,3,3,233,Regular Customers
273,350,7,49985.16,1,1,1,111,At Risk
274,18,5,82740.14,4,1,2,412,Regular Customers
275,37,9,101816.9,3,2,2,322,Regular Customers
276,40,4,35147.78,3,1,1,311,Regular Customers
277,18,12,133788.63,4,3,3,433,Loyal Customers
278,4,13,140530.39,4,4,4,444,Champions
279,24,11,80320.43,3,3,2,332,Regular Customers
280,112,11,101491.21,1,3,2,132,At Risk
281,40,11,109430.92000000001,3,3,3,333,Regular Customers
282,58,9,86060.11,2,2,2,222,Regular Customers
283,33,5,77483.83,3,1,2,312,Regular Customers
284,164,7,82533.19,1,1,2,112,At Risk
285,79,9,77509.67,2,2,2,222,Regular Customers
286,5,7,60383.18,4,1,1,411,Regular Customers
287,141,7,68262.31,1,1,1,111,At Risk
288,1,10,101891.88,4,2,2,422,Regular Customers
289,26,14,125515.78,3,4,3,343,Regular Customers
290,177,9,120713.86,1,2,3,123,At Risk
291,7,10,116443.42,4,2,3,423,Regular Customers
292,40,10,73826.52,3,2,1,321,Regular Customers
293,102,10,90044.83,2,2,2,222,Regular Customers
294,16,14,104333.77,4,4,2,442,Loyal Customers
295,40,12,177589.33,3,3,4,334,Big Spenders
296,62,13,147696.2,2,4,4,244,Big Spenders
297,263,6,33415.68,1,1,1,111,At Risk
298,13,10,79076.29,4,2,2,422,Regular Customers
299,17,7,75313.67,4,1,1,411,Regular Customers
300,21,16,219632.53,4,4,4,444,Champions
301,248,4,45309.9,1,1,1,111,At Risk
302,117,10,65305.69,1,2,1,121,At Risk
303,51,9,82512.87,3,2,2,322,Regular Customers
304,86,13,136952.29,2,4,4,244,Big Spenders
305,107,6,111797.11,1,1,3,113,At Risk
306,38,8,41494.55,3,1,1,311,Regular Customers
307,91,10,137790.36000000002,2,2,4,224,Big Spenders
308,119,10,104007.26,1,2,2,122,At Risk
309,10,5,53091.15,4,1,1,411,Regular Customers
310,131,15,80077.16,1,4,2,142,At Risk
311,31,12,141888.44,3,3,4,334,Big Spenders
312,25,9,89093.88,3,2,2,322,Regular Customers
313,103,12,89854.64,1,3,2,132,At Risk
314,8,10,85785.9,4,2,2,422,Regular Customers
315,87,6,104779.98,2,1,3,213,Regular Customers
316,6,8,60243.96,4,1,1,411,Regular Customers
317,355,6,53569.75,1,1,1,111,At Risk
318,38,6,70542.33,3,1,1,311,Regular Customers
319,95,6,48967.880000000005,2,1,1,211,Regular Customers
320,32,13,136383.94,3,4,4,344,Big Spenders
321,102,6,55434.03999999999,2,1,1,211,Regular Customers
322,163,5,20431.69,1,1,1,111,At Risk
323,101,15,146833.36000000002,2,4,4,244,Big Spenders
324,124,11,74625.81,1,3,1,131,At Risk
325,122,9,76145.51,1,2,1,121,At Risk
326,54,16,189308.64,2,4,4,244,Big Spenders
327,89,5,47155.9,2,1,1,211,Regular Customers
328,92,12,99060.65,2,3,2,232,Regular Customers
329,229,5,35100.31,1,1,1,111,At Risk
330,21,20,237754.81,4,4,4,444,Champions
331,41,9,113257.06999999999,3,2,3,323,Regular Customers
332,26,9,52642.119999999995,3,2,1,321,Regular Customers
333,61,15,189921.77000000002,2,4,4,244,Big Spenders
334,275,6,90590.89,1,1,2,112,At Risk
335,5,7,58111.17,4,1,1,411,Regular Customers
336,227,4,22524.190000000002,1,1,1,111,At Risk
337,79,7,51198.369999999995,2,1,1,211,Regular Customers
338,43,12,90288.36,3,3,2,332,Regular Customers
339,9,4,40026.729999999996,4,1,1,411,Regular Customers
340,67,11,124132.46,2,3,3,233,Regular Customers
341,92,18,219158.45,2,4,4,244,Big Spenders
342,42,11,136197.78,3,3,4,334,Big Spenders
343,4,10,66254.78,4,2,1,421,Regular Customers
344,31,9,93239.05,3,2,2,322,Regular Customers
345,164,7,66522.59,1,1,1,111,At Risk
346,31,11,207159.56,3,3,4,334,Big Spenders
347,40,11,123281.11,3,3,3,333,Regular Customers
348,28,9,79932.38,3,2,2,322,Regular Customers
349,65,8,56030.58,2,1,1,211,Regular Customers
350,7,9,88543.82,4,2,2,422,Regular Customers
351,17,7,104290.27,4,1,2,412,Regular Customers
352,16,7,75268.96,4,1,1,411,Regular Customers
353,16,14,181680.07,4,4,4,444,Champions
354,6,12,96481.28,4,3,2,432,Loyal Customers
355,9,10,134531.63999999998,4,2,3,423,Regular Customers
356,5,14,174636.98,4,4,4,444,Champions
357,17,9,84184.01,4,2,2,422,Regular Customers
358,21,10,99596.03,4,2,2,422,Regular Customers
359,1,11,155448.31,4,3,4,434,Loyal Customers
360,155,7,117622.42,1,1,3,113,At Risk
361,59,4,74070.18,2,1,1,211,Regular Customers
362,117,7,56975.42,1,1,1,111,At Risk
363,22,11,103233.31,3,3,2,332,Regular Customers
364,61,7,68731.01,2,1,1,211,Regular Customers
365,3,8,121137.09,4,1,3,413,Regular Customers
366,90,7,127800.47,2,1,3,213,Regular Customers
367,83,6,72008.34,2,1,1,211,Regular Customers
368,178,10,117566.44,1,2,3,123,At Risk
369,29,9,82503.27,3,2,2,322,Regular Customers
370,96,7,98619.51,2,1,2,212,Regular Customers
371,56,10,145940.6,2,2,4,224,Big Spenders
372,11,8,76195.4,4,1,1,411,Regular Customers
373,8,8,60795.53999999999,4,1,1,411,Regular Customers
374,23,9,102332.44,3,2,2,322,Regular Customers
375,81,20,190471.24,2,4,4,244,Big Spenders
376,262,9,127657.87,1,2,3,123,At Risk
377,136,8,73301.98000000001,1,1,1,111,At Risk
378,84,7,67965.73,2,1,1,211,Regular Customers
379,4,14,236811.99,4,4,4,444,Champions
380,113,12,97878.04,1,3,2,132,At Risk
381,55,6,68847.16,2,1,1,211,Regular Customers
382,11,7,101078.33,4,1,2,412,Regular Customers
383,255,10,105054.07,1,2,3,123,At Risk
384,97,8,88509.03,2,1,2,212,Regular Customers
385,53,8,68114.24,2,1,1,211,Regular Customers
386,20,19,138293.47,4,4,4,444,Champions
387,60,14,156998.73,2,4,4,244,Big Spenders
388,144,15,147926.29,1,4,4,144,Big Spenders
389,29,9,95825.43000000001,3,2,2,322,Regular Customers
390,64,6,83478.51,2,1,2,212,Regular Customers
391,84,11,94851.94,2,3,2,232,Regular Customers
392,7,16,141990.74,4,4,4,444,Champions
393,55,8,94573.98999999999,2,1,2,212,Regular Customers
394,89,10,98807.51,2,2,2,222,Regular Customers
395,59,13,155327.79,2,4,4,244,Big Spenders
396,62,13,107317.44,2,4,3,243,Regular Customers
397,42,13,114302.67,3,4,3,343,Regular Customers
398,52,15,139132.72,2,4,4,244,Big Spenders
399,26,14,168129.15,3,4,4,344,Big Spenders
400,152,7,76186.01,1,1,1,111,At Risk
401,52,6,81197.77,2,1,2,212,Regular Customers
402,27,10,153477.81,3,2,4,324,Big Spenders
403,66,15,190220.38,2,4,4,244,Big Spenders
404,97,11,179117.13,2,3,4,234,Big Spenders
405,15,8,91164.05,4,1,2,412,Regular Customers
406,96,13,135571.88,2,4,3,243,Regular Customers
407,1,10,102507.12,4,2,2,422,Regular Customers
408,20,11,82697.44,4,3,2,432,Loyal Customers
409,86,9,109975.23999999999,2,2,3,223,Regular Customers
410,71,9,111889.9,2,2,3,223,Regular Customers
411,4,8,77925.15000000001,4,1,2,412,Regular Customers
412,93,8,53827.72,2,1,1,211,Regular Customers
413,36,5,42685.51,3,1,1,311,Regular Customers
414,26,11,139067.03,3,3,4,334,Big Spenders
415,3,15,226466.22,4,4,4,444,Champions
416,178,6,58369.53,1,1,1,111,At Risk
417,98,18,191233.35,2,4,4,244,Big Spenders
418,197,8,90690.54000000001,1,1,2,112,At Risk
419,2,8,100553.53,4,1,2,412,Regular Customers
420,26,14,119120.3,3,4,3,343,Regular Customers
421,50,8,112312.85,3,1,3,313,Regular Customers
422,3,13,222091.67,4,4,4,444,Champions
423,22,11,138964.83000000002,3,3,4,334,Big Spenders
424,52,9,87077.63,2,2,2,222,Regular Customers
425,204,5,34152.54,1,1,1,111,At Risk
426,120,15,129925.95,1,4,3,143,At Risk
427,33,10,50586.3,3,2,1,321,Regular Customers
428,72,8,89913.2,2,1,2,212,Regular Customers
429,142,10,111633.69,1,2,3,123,At Risk
430,119,8,104593.70999999999,1,1,3,113,At Risk
431,55,9,102102.36,2,2,2,222,Regular Customers
432,67,13,141399.77,2,4,4,244,Big Spenders
433,261,7,27927.75,1,1,1,111,At Risk
434,57,9,90581.33,2,2,2,222,Regular Customers
435,4,5,68948.86,4,1,1,411,Regular Customers
436,18,7,73818.34999999999,4,1,1,411,Regular Customers
437,81,8,76504.76,2,1,1,211,Regular Customers
438,17,11,152369.41,4,3,4,434,Loyal Customers
439,74,10,122998.59,2,2,3,223,Regular Customers
440,191,3,42305.09,1,1,1,111,At Risk
441,5,12,159590.68,4,3,4,434,Loyal Customers
442,67,10,93455.92,2,2,2,222,Regular Customers
443,27,9,74000.76,3,2,1,321,Regular Customers
444,34,11,96157.01000000001,3,3,2,332,Regular Customers
445,28,7,106984.39,3,1,3,313,Regular Customers
446,47,12,125891.96,3,3,3,333,Regular Customers
447,98,11,127878.70999999999,2,3,3,233,Regular Customers
448,93,10,105180.52,2,2,3,223,Regular Customers
449,3,10,97781.26000000001,4,2,2,422,Regular Customers
450,146,10,120288.5,1,2,3,123,At Risk
451,90,11,129073.31999999999,2,3,3,233,Regular Customers
452,93,9,65439.1,2,2,1,221,Regular Customers
453,145,8,50108.88,1,1,1,111,At Risk
454,101,10,109053.25,2,2,3,223,Regular Customers
455,27,9,127976.17,3,2,3,323,Regular Customers
456,86,15,164498.54,2,4,4,244,Big Spenders
457,68,10,161675.17,2,2,4,224,Big Spenders
458,74,10,70583.68000000001,2,2,1,221,Regular Customers
459,25,9,89701.68,3,2,2,322,Regular Customers
460,44,13,148882.44,3,4,4,344,Big Spenders
461,50,11,97563.21,3,3,2,332,Regular Customers
462,90,12,93630.92,2,3,2,232,Regular Customers
463,20,16,134265.08,4,4,3,443,Loyal Customers
464,69,9,107502.68,2,2,3,223,Regular Customers
465,70,5,82137.70999999999,2,1,2,212,Regular Customers
466,315,4,46320.990000000005,1,1,1,111,At Risk
467,84,8,85675.64,2,1,2,212,Regular Customers
468,110,10,143381.53,1,2,4,124,Big Spenders
469,28,16,201828.43,3,4,4,344,Big Spenders
470,1,13,93625.2,4,4,2,442,Loyal Customers
471,79,10,88143.69,2,2,2,222,Regular Customers
472,125,12,72116.08,1,3,1,131,At Risk
473,17,11,158114.11,4,3,4,434,Loyal Customers
474,82,10,114012.95,2,2,3,223,Regular Customers
475,82,10,86019.91,2,2,2,222,Regular Customers
476,70,6,48643.86,2,1,1,211,Regular Customers
477,20,11,118500.67,4,3,3,433,Loyal Customers
478,9,9,98663.88,4,2,2,422,Regular Customers
479,31,7,60026.02,3,1,1,311,Regular Customers
480,33,9,105039.33,3,2,3,323,Regular Customers
481,63,8,117502.48000000001,2,1,3,213,Regular Customers
482,145,12,126522.2,1,3,3,133,At Risk
483,37,11,96670.31,3,3,2,332,Regular Customers
484,39,9,108475.22,3,2,3,323,Regular Customers
485,32,5,49429.85,3,1,1,311,Regular Customers
486,66,8,79164.01,2,1,2,212,Regular Customers
487,41,15,129699.72,3,4,3,343,Regular Customers
488,144,9,99320.98,1,2,2,122,At Risk
489,43,12,130633.08,3,3,3,333,Regular Customers
490,129,12,115768.23999999999,1,3,3,133,At Risk
491,59,6,80410.22,2,1,2,212,Regular Customers
492,102,5,96251.68,2,1,2,212,Regular Customers
493,35,10,78394.88,3,2,2,322,Regular Customers
494,59,8,119341.56,2,1,3,213,Regular Customers
495,16,11,115028.49,4,3,3,433,Loyal Customers
496,347,3,23070.390000000003,1,1,1,111,At Risk
497,26,10,90378.51,3,2,2,322,Regular Customers
498,100,6,37010.479999999996,2,1,1,211,Regular Customers
499,66,19,178437.94,2,4,4,244,Big Spenders
500,29,13,114348.96,3,4,3,343,Regular Customers
501,15,14,176190.35,4,4,4,444,Champions
502,126,9,149858.72,1,2,4,124,Big Spenders
503,38,9,116026.9,3,2,3,323,Regular Customers
504,36,10,109171.93999999999,3,2,3,323,Regular Customers
505,95,12,167426.42,2,3,4,234,Big Spenders
506,58,12,112976.34,2,3,3,233,Regular Customers
507,94,8,63236.83,2,1,1,211,Regular Customers
508,160,5,35610.2,1,1,1,111,At Risk
509,57,12,117570.35,2,3,3,233,Regular Customers
510,12,12,131568.64,4,3,3,433,Loyal Customers
511,31,7,69578.41,3,1,1,311,Regular Customers
512,38,6,37506.92,3,1,1,311,Regular Customers
513,50,10,118978.75,3,2,3,323,Regular Customers
514,349,3,58812.75,1,1,1,111,At Risk
515,20,15,210391.81,4,4,4,444,Champions
516,3,8,132502.51,4,1,3,413,Regular Customers
517,11,6,113790.2,4,1,3,413,Regular Customers
518,48,15,152870.45,3,4,4,344,Big Spenders
519,35,10,120718.52,3,2,3,323,Regular Customers
520,52,13,185415.15,2,4,4,244,Big Spenders
521,115,12,191787.13999999998,1,3,4,134,Big Spenders
522,69,12,100567.97,2,3,2,232,Regular Customers
523,117,6,62609.520000000004,1,1,1,111,At Risk
524,44,10,111848.28,3,2,3,323,Regular Customers
525,37,12,132195.76,3,3,3,333,Regular Customers
526,84,14,125795.98000000001,2,4,3,243,Regular Customers
527,109,11,109309.98,1,3,3,133,At Risk
528,1,9,151976.01,4,2,4,424,Big Spenders
529,274,7,46232.26,1,1,1,111,At Risk
530,46,12,117344.54000000001,3,3,3,333,Regular Customers
531,4,15,170533.54,4,4,4,444,Champions
532,107,6,81926.98999999999,1,1,2,112,At Risk
533,77,10,96690.5,2,2,2,222,Regular Customers
534,150,6,73363.22,1,1,1,111,At Risk
535,104,17,177848.71,1,4,4,144,Big Spenders
536,49,6,98985.1,3,1,2,312,Regular Customers
537,223,7,47870.78,1,1,1,111,At Risk
538,81,8,54634.95,2,1,1,211,Regular Customers
539,133,8,93228.47,1,1,2,112,At Risk
540,102,11,153776.43,2,3,4,234,Big Spenders
541,75,9,95876.49,2,2,2,222,Regular Customers
542,124,8,69080.31,1,1,1,111,At Risk
543,73,12,174777.53,2,3,4,234,Big Spenders
544,50,14,168160.55,3,4,4,344,Big Spenders
545,84,14,164222.4,2,4,4,244,Big Spenders
546,13,11,90349.21,4,3,2,432,Loyal Customers
547,16,4,50479.47,4,1,1,411,Regular Customers
548,136,15,178115.85,1,4,4,144,Big Spenders
549,44,11,118034.33,3,3,3,333,Regular Customers
550,9,16,123816.08,4,4,3,443,Loyal Customers
551,7,14,157659.38,4,4,4,444,Champions
552,21,9,78866.23,4,2,2,422,Regular Customers
553,50,14,187999.6,3,4,4,344,Big Spenders
554,32,5,83145.65,3,1,2,312,Regular Customers
555,34,14,160994.57,3,4,4,344,Big Spenders
556,64,9,119527.12,2,2,3,223,Regular Customers
557,5,5,58511.23,4,1,1,411,Regular Customers
558,19,10,123003.42,4,2,3,423,Regular Customers
559,143,4,43718.42,1,1,1,111,At Risk
560,85,6,74078.46,2,1,1,211,Regular Customers
561,51,21,232593.6,3,4,4,344,Big Spenders
562,100,8,88040.34,2,1,2,212,Regular Customers
563,38,17,211495.28,3,4,4,344,Big Spenders
564,2,11,120810.37,4,3,3,433,Loyal Customers
565,51,12,154790.48,3,3,4,334,Big Spenders
566,56,21,216113.95,2,4,4,244,Big Spenders
567,130,9,100935.52,1,2,2,122,At Risk
568,4,7,138742.29,4,1,4,414,Big Spenders
569,73,12,159593.34,2,3,4,234,Big Spenders
570,25,6,25139.35,3,1,1,311,Regular Customers
571,1,9,97693.08,4,2,2,422,Regular Customers
572,26,8,181041.63,3,1,4,314,Big Spenders
573,5,10,99053.2,4,2,2,422,Regular Customers
574,18,9,91666.38,4,2,2,422,Regular Customers
575,8,13,95152.51,4,4,2,442,Loyal Customers
576,97,7,72186.05,2,1,1,211,Regular Customers
577,15,5,64153.43,4,1,1,411,Regular Customers
578,112,14,103434.35,1,4,2,142,At Risk
579,12,9,98644.82,4,2,2,422,Regular Customers
580,41,9,113243.11,3,2,3,323,Regular Customers
581,57,12,142611.2,2,3,4,234,Big Spenders
582,15,9,55445.54,4,2,1,421,Regular Customers
583,3,9,56984.19,4,2,1,421,Regular Customers
584,14,11,129202.36,4,3,3,433,Loyal Customers
585,38,14,188613.75,3,4,4,344,Big Spenders
586,35,13,170960.24,3,4,4,344,Big Spenders
587,169,8,40305.82,1,1,1,111,At Risk
588,69,14,143235.14,2,4,4,244,Big Spenders
589,166,11,130378.58,1,3,3,133,At Risk
590,12,13,233684.56,4,4,4,444,Champions
591,61,9,114182.26,2,2,3,223,Regular Customers
592,21,10,122565.24,4,2,3,423,Regular Customers
593,14,11,83244.51,4,3,2,432,Loyal Customers
594,67,7,88397.17,2,1,2,212,Regular Customers
595,69,11,165008.31,2,3,4,234,Big Spenders
596,307,7,90607.29000000001,1,1,2,112,At Risk
597,15,16,219842.54,4,4,4,444,Champions
598,230,6,86994.31999999999,1,1,2,112,At Risk
599,22,9,75497.99,3,2,1,321,Regular Customers
600,50,7,81237.67,3,1,2,312,Regular Customers
601,76,7,91547.04000000001,2,1,2,212,Regular Customers
602,41,9,108593.77,3,2,3,323,Regular Customers
603,125,8,106330.73000000001,1,1,3,113,At Risk
604,25,12,153835.23,3,3,4,334,Big Spenders
605,121,5,41137.3,1,1,1,111,At Risk
606,2,10,156480.91,4,2,4,424,Big Spenders
607,34,7,46088.869999999995,3,1,1,311,Regular Customers
608,80,11,115618.17000000001,2,3,3,233,Regular Customers
609,155,8,87927.83,1,1,2,112,At Risk
610,53,7,74064.43000000001,2,1,1,211,Regular Customers
611,174,9,90242.28,1,2,2,122,At Risk
612,10,8,67934.62,4,1,1,411,Regular Customers
613,212,12,87242.61,1,3,2,132,At Risk
614,13,8,80055.6,4,1,2,412,Regular Customers
615,122,9,45871.899999999994,1,2,1,121,At Risk
616,90,10,115745.22,2,2,3,223,Regular Customers
617,21,6,81894.64,4,1,2,412,Regular Customers
618,88,9,42720.62,2,2,1,221,Regular Customers
619,40,10,107276.45999999999,3,2,3,323,Regular Customers
620,62,7,43283.82,2,1,1,211,Regular Customers
621,43,10,148309.35,3,2,4,324,Big Spenders
622,88,9,95509.86,2,2,2,222,Regular Customers
623,33,10,89882.09,3,2,2,322,Regular Customers
624,120,7,42788.759999999995,1,1,1,111,At Risk
625,134,9,94878.23999999999,1,2,2,122,At Risk
626,20,9,93570.54999999999,4,2,2,422,Regular Customers
627,46,6,67011.0,3,1,1,311,Regular Customers
628,38,11,126109.01000000001,3,3,3,333,Regular Customers
629,252,7,58148.34,1,1,1,111,At Risk
630,44,11,80346.33,3,3,2,332,Regular Customers
631,6,12,124306.25,4,3,3,433,Loyal Customers
632,9,14,204127.49,4,4,4,444,Champions
633,36,15,170606.91,3,4,4,344,Big Spenders
634,217,12,121757.0,1,3,3,133,At Risk
635,64,14,139826.63,2,4,4,244,Big Spenders
636,107,10,118278.97,1,2,3,123,At Risk
637,46,11,75546.99,3,3,1,331,Regular Customers
638,33,8,43794.45,3,1,1,311,Regular Customers
639,30,12,83390.31,3,3,2,332,Regular Customers
640,12,10,83254.72,4,2,2,422,Regular Customers
641,127,10,122792.75,1,2,3,123,At Risk
642,32,10,86389.03,3,2,2,322,Regular Customers
643,19,10,123825.22,4,2,3,423,Regular Customers
644,46,8,113837.03,3,1,3,313,Regular Customers
645,40,15,164219.16,3,4,4,344,Big Spenders
646,42,4,56619.259999999995,3,1,1,311,Regular Customers
647,38,12,90552.48,3,3,2,332,Regular Customers
648,45,11,136372.72,3,3,4,334,Big Spenders
649,53,16,158940.71000000002,2,4,4,244,Big Spenders
650,23,8,111873.76,3,1,3,313,Regular Customers
651,107,9,100443.5,1,2,2,122,At Risk
652,30,14,109223.44,3,4,3,343,Regular Customers
653,284,6,86572.57,1,1,2,112,At Risk
654,19,10,129853.28,4,2,3,423,Regular Customers
655,65,8,41790.66,2,1,1,211,Regular Customers
656,15,14,136274.61,4,4,4,444,Champions
657,15,14,108010.43,4,4,3,443,Loyal Customers
658,7,13,128110.83,4,4,3,443,Loyal Customers
659,58,9,85446.9,2,2,2,222,Regular Customers
660,31,13,133249.09,3,4,3,343,Regular Customers
661,29,11,133724.05,3,3,3,333,Regular Customers
662,22,14,161162.06,3,4,4,344,Big Spenders
663,89,8,104320.56,2,1,2,212,Regular Customers
664,12,14,184428.94,4,4,4,444,Champions
665,91,9,134697.92,2,2,3,223,Regular Customers
666,36,14,150792.61,3,4,4,344,Big Spenders
667,86,6,89244.72,2,1,2,212,Regular Customers
668,30,8,108463.37,3,1,3,313,Regular Customers
669,89,8,71066.9,2,1,1,211,Regular Customers
670,86,6,84018.07999999999,2,1,2,212,Regular Customers
671,33,12,196017.1,3,3,4,334,Big Spenders
672,27,13,197657.84,3,4,4,344,Big Spenders
673,32,14,214963.0,3,4,4,344,Big Spenders
674,139,6,69239.77,1,1,1,111,At Risk
675,143,13,186775.94,1,4,4,144,Big Spenders
676,64,11,95274.1,2,3,2,232,Regular Customers
677,223,9,119344.45,1,2,3,123,At Risk
678,225,6,57788.32,1,1,1,111,At Risk
679,90,9,102896.7,2,2,2,222,Regular Customers
680,72,11,136574.97,2,3,4,234,Big Spenders
681,2,11,129074.02,4,3,3,433,Loyal Customers
682,89,9,74899.16,2,2,1,221,Regular Customers
683,7,10,122991.72,4,2,3,423,Regular Customers
684,89,7,73329.0,2,1,1,211,Regular Customers
685,15,9,72961.34,4,2,1,421,Regular Customers
686,25,15,173835.66,3,4,4,344,Big Spenders
687,18,7,96777.61,4,1,2,412,Regular Customers
688,140,9,53574.91,1,2,1,121,At Risk
689,5,14,144743.36,4,4,4,444,Champions
690,24,13,111588.45999999999,3,4,3,343,Regular Customers
691,215,7,87938.63,1,1,2,112,At Risk
692,382,3,42351.090000000004,1,1,1,111,At Risk
693,63,14,251388.97,2,4,4,244,Big Spenders
694,30,13,133505.11,3,4,3,343,Regular Customers
695,69,10,94749.81,2,2,2,222,Regular Customers
696,84,4,68297.1,2,1,1,211,Regular Customers
697,43,6,77038.24,3,1,2,312,Regular Customers
698,115,9,88215.04,1,2,2,122,At Risk
699,15,13,157490.38,4,4,4,444,Champions
700,15,13,171703.45,4,4,4,444,Champions
701,28,7,57813.93,3,1,1,311,Regular Customers
702,9,11,183944.63,4,3,4,434,Loyal Customers
703,6,10,83763.93,4,2,2,422,Regular Customers
704,72,13,149309.81,2,4,4,244,Big Spenders
705,42,10,87245.6,3,2,2,322,Regular Customers
706,48,10,57281.64,3,2,1,321,Regular Customers
707,70,11,86664.75,2,3,2,232,Regular Customers
708,14,10,93475.92,4,2,2,422,Regular Customers
709,32,12,147180.11,3,3,4,334,Big Spenders
710,18,7,71527.23,4,1,1,411,Regular Customers
711,5,15,198895.73,4,4,4,444,Champions
712,37,12,180735.16,3,3,4,334,Big Spenders
713,108,11,99822.33,1,3,2,132,At Risk
714,147,10,122755.67,1,2,3,123,At Risk
715,45,5,19536.600000000002,3,1,1,311,Regular Customers
716,182,10,176346.12,1,2,4,124,Big Spenders
717,27,11,103503.61,3,3,2,332,Regular Customers
718,14,10,90426.28,4,2,2,422,Regular Customers
719,111,8,61515.29,1,1,1,111,At Risk
720,46,11,117592.22,3,3,3,333,Regular Customers
721,57,10,107039.86,2,2,3,223,Regular Customers
722,23,8,102625.22,3,1,2,312,Regular Customers
723,98,5,37891.14,2,1,1,211,Regular Customers
724,78,9,142060.93,2,2,4,224,Big Spenders
725,101,15,80660.76,2,4,2,242,Regular Customers
726,30,13,86038.85,3,4,2,342,Regular Customers
727,3,9,93060.63,4,2,2,422,Regular Customers
728,193,11,85518.22,1,3,2,132,At Risk
729,108,8,62016.61,1,1,1,111,At Risk
730,83,10,108395.5,2,2,3,223,Regular Customers
731,47,9,105335.91,3,2,3,323,Regular Customers
732,109,12,133015.87,1,3,3,133,At Risk
733,34,16,155427.36,3,4,4,344,Big Spenders
734,155,11,222716.43,1,3,4,134,Big Spenders
735,21,15,174389.83,4,4,4,444,Champions
736,60,9,119109.03,2,2,3,223,Regular Customers
737,163,6,43499.67,1,1,1,111,At Risk
738,106,6,89528.68000000001,1,1,2,112,At Risk
739,12,11,135965.91999999998,4,3,4,434,Loyal Customers
740,101,11,103817.98,2,3,2,232,Regular Customers
741,40,5,72790.53,3,1,1,311,Regular Customers
742,153,7,58383.19,1,1,1,111,At Risk
743,54,9,59824.75,2,2,1,221,Regular Customers
744,229,5,81889.43,1,1,2,112,At Risk
745,341,8,81555.35,1,1,2,112,At Risk
746,13,6,77365.37000000001,4,1,2,412,Regular Customers
747,191,7,74450.25,1,1,1,111,At Risk
748,45,6,100944.06,3,1,2,312,Regular Customers
749,41,11,167102.34,3,3,4,334,Big Spenders
750,14,14,149012.63,4,4,4,444,Champions
751,61,8,130456.72,2,1,3,213,Regular Customers
752,93,8,119728.98999999999,2,1,3,213,Regular Customers
753,79,11,131546.47999999998,2,3,3,233,Regular Customers
754,21,9,112911.79,4,2,3,423,Regular Customers
755,4,8,69898.68000000001,4,1,1,411,Regular Customers
756,67,9,86787.29,2,2,2,222,Regular Customers
757,41,15,180742.52,3,4,4,344,Big Spenders
758,199,6,122185.38,1,1,3,113,At Risk
759,84,17,254044.13,2,4,4,244,Big Spenders
760,8,8,83233.28,4,1,2,412,Regular Customers
761,29,7,91381.58,3,1,2,312,Regular Customers
762,154,13,218648.19999999998,1,4,4,144,Big Spenders
763,11,11,112413.75,4,3,3,433,Loyal Customers
764,29,13,168630.85,3,4,4,344,Big Spenders
765,79,7,50016.53999999999,2,1,1,211,Regular Customers
766,39,10,101134.59,3,2,2,322,Regular Customers
767,59,11,157170.45,2,3,4,234,Big Spenders
768,10,13,195794.72,4,4,4,444,Champions
769,92,10,103638.84,2,2,2,222,Regular Customers
770,53,7,60968.119999999995,2,1,1,211,Regular Customers
771,12,14,168591.41,4,4,4,444,Champions
772,50,10,103263.73,3,2,2,322,Regular Customers
773,8,13,168506.13,4,4,4,444,Champions
774,23,12,135982.63,3,3,4,334,Big Spenders
775,39,12,94557.45,3,3,2,332,Regular Customers
776,49,9,73978.34,3,2,1,321,Regular Customers
777,5,14,151553.53,4,4,4,444,Champions
778,172,8,69368.12,1,1,1,111,At Risk
779,117,8,90234.83,1,1,2,112,At Risk
780,62,7,89864.37,2,1,2,212,Regular Customers
781,35,11,109823.41,3,3,3,333,Regular Customers
782,84,10,82722.42,2,2,2,222,Regular Customers
783,123,9,61213.46,1,2,1,121,At Risk
784,26,13,129185.65,3,4,3,343,Regular Customers
785,44,10,97928.12,3,2,2,322,Regular Customers
786,63,6,64398.68,2,1,1,211,Regular Customers
787,136,7,37766.39,1,1,1,111,At Risk
788,55,11,114673.15,2,3,3,233,Regular Customers
789,122,5,54156.149999999994,1,1,1,111,At Risk
790,63,14,116576.33,2,4,3,243,Regular Customers
791,224,8,98733.91,1,1,2,112,At Risk
792,2,7,71312.21,4,1,1,411,Regular Customers
793,13,5,40891.67,4,1,1,411,Regular Customers
794,38,12,161898.0,3,3,4,334,Big Spenders
795,8,14,173796.15,4,4,4,444,Champions
796,116,16,206120.66,1,4,4,144,Big Spenders
797,149,11,69035.21,1,3,1,131,At Risk
798,167,7,107662.65,1,1,3,113,At Risk
799,109,7,108195.07,1,1,3,113,At Risk
800,46,11,121964.04,3,3,3,333,Regular Customers
801,26,7,105733.01,3,1,3,313,Regular Customers
802,137,7,101808.7,1,1,2,112,At Risk
803,62,10,117004.16,2,2,3,223,Regular Customers
804,163,5,95466.11,1,1,2,112,At Risk
805,36,17,206192.69,3,4,4,344,Big Spenders
806,261,8,60036.770000000004,1,1,1,111,At Risk
807,152,7,74234.06999999999,1,1,1,111,At Risk
808,16,10,73692.55,4,2,1,421,Regular Customers
809,114,13,203630.81,1,4,4,144,Big Spenders
810,48,12,129424.29000000001,3,3,3,333,Regular Customers
811,175,4,38916.97,1,1,1,111,At Risk
812,20,7,107276.23,4,1,3,413,Regular Customers
813,124,8,103068.25,1,1,2,112,At Risk
814,121,10,98450.91,1,2,2,122,At Risk
815,25,11,83903.66,3,3,2,332,Regular Customers
816,100,6,61662.78999999999,2,1,1,211,Regular Customers
817,83,7,91097.35,2,1,2,212,Regular Customers
818,121,10,119364.26,1,2,3,123,At Risk
819,3,9,129207.22,4,2,3,423,Regular Customers
820,48,10,131850.27,3,2,3,323,Regular Customers
821,179,10,91530.0,1,2,2,122,At Risk
822,3,9,75560.42,4,2,1,421,Regular Customers
823,22,13,176742.61000000002,3,4,4,344,Big Spenders
824,23,10,104595.79,3,2,3,323,Regular Customers
825,49,19,208865.49,3,4,4,344,Big Spenders
826,221,9,74157.24,1,2,1,121,At Risk
827,179,8,69846.38,1,1,1,111,At Risk
828,5,14,139641.55,4,4,4,444,Champions
829,376,9,75318.8,1,2,1,121,At Risk
830,55,6,47326.66,2,1,1,211,Regular Customers
831,25,7,90496.06999999999,3,1,2,312,Regular Customers
832,1,6,92599.23999999999,4,1,2,412,Regular Customers
833,40,13,142982.56,3,4,4,344,Big Spenders
834,32,5,30516.61,3,1,1,311,Regular Customers
835,59,11,201825.66999999998,2,3,4,234,Big Spenders
836,143,8,51309.149999999994,1,1,1,111,At Risk
837,92,14,183706.80000000002,2,4,4,244,Big Spenders
838,1,15,140845.86,4,4,4,444,Champions
839,24,10,90284.44,3,2,2,322,Regular Customers
840,82,7,96881.48,2,1,2,212,Regular Customers
841,222,8,106231.36,1,1,3,113,At Risk
842,52,14,119535.66,2,4,3,243,Regular Customers
843,6,14,166459.64,4,4,4,444,Champions
844,107,6,36839.22,1,1,1,111,At Risk
845,64,9,78464.36,2,2,2,222,Regular Customers
846,119,11,132816.71,1,3,3,133,At Risk
847,6,6,70357.5,4,1,1,411,Regular Customers
848,2,13,134367.71,4,4,3,443,Loyal Customers
849,47,11,152339.61,3,3,4,334,Big Spenders
850,64,10,146122.44,2,2,4,224,Big Spenders
851,118,11,88170.01,1,3,2,132,At Risk
852,26,12,147847.95,3,3,4,334,Big Spenders
853,53,11,82660.07,2,3,2,232,Regular Customers
854,172,7,106923.54000000001,1,1,3,113,At Risk
855,62,10,96809.26,2,2,2,222,Regular Customers
856,28,15,166984.41999999998,3,4,4,344,Big Spenders
857,37,15,110368.08,3,4,3,343,Regular Customers
858,138,4,7764.52,1,1,1,111,At Risk
859,20,12,142251.38999999998,4,3,4,434,Loyal Customers
860,46,14,107256.39,3,4,3,343,Regular Customers
861,58,11,112339.48,2,3,3,233,Regular Customers
862,88,4,52647.58,2,1,1,211,Regular Customers
863,105,12,167449.08,1,3,4,134,Big Spenders
864,221,10,107951.13,1,2,3,123,At Risk
865,114,12,160629.89,1,3,4,134,Big Spenders
866,58,8,42933.130000000005,2,1,1,211,Regular Customers
867,161,8,96279.77,1,1,2,112,At Risk
868,32,9,83486.83,3,2,2,322,Regular Customers
869,16,10,93007.75,4,2,2,422,Regular Customers
870,166,11,179204.7,1,3,4,134,Big Spenders
871,42,11,169453.55,3,3,4,334,Big Spenders
872,58,14,148766.64,2,4,4,244,Big Spenders
873,74,8,104586.27,2,1,3,213,Regular Customers
874,9,16,131617.22,4,4,3,443,Loyal Customers
875,53,13,82097.07,2,4,2,242,Regular Customers
876,127,6,31955.670000000002,1,1,1,111,At Risk
877,12,14,128113.36,4,4,3,443,Loyal Customers
878,165,3,8139.99,1,1,1,111,At Risk
879,1,10,82284.21,4,2,2,422,Regular Customers
880,46,8,113342.18000000001,3,1,3,313,Regular Customers
881,16,10,113226.40000000001,4,2,3,423,Regular Customers
882,218,6,62716.909999999996,1,1,1,111,At Risk
883,4,12,114347.49,4,3,3,433,Loyal Customers
884,161,7,66480.11,1,1,1,111,At Risk
885,1,7,104981.45,4,1,3,413,Regular Customers
886,42,9,96272.01000000001,3,2,2,322,Regular Customers
887,4,15,124768.17000000001,4,4,3,443,Loyal Customers
888,117,9,108667.52,1,2,3,123,At Risk
889,218,8,78252.33,1,1,2,112,At Risk
890,61,11,172603.21,2,3,4,234,Big Spenders
891,11,13,158689.13999999998,4,4,4,444,Champions
892,125,7,78747.16,1,1,2,112,At Risk
893,170,10,132025.38,1,2,3,123,At Risk
894,183,7,82432.98999999999,1,1,2,112,At Risk
895,44,15,255514.97999999998,3,4,4,344,Big Spenders
896,4,11,131437.15,4,3,3,433,Loyal Customers
897,33,10,100569.97,3,2,2,322,Regular Customers
898,8,16,168523.15,4,4,4,444,Champions
899,51,12,131498.22,3,3,3,333,Regular Customers
900,71,5,59345.45,2,1,1,211,Regular Customers
901,6,14,151925.47,4,4,4,444,Champions
902,183,7,55331.82,1,1,1,111,At Risk
903,97,11,153140.96,2,3,4,234,Big Spenders
904,76,7,104334.38,2,1,2,212,Regular Customers
905,97,10,148875.24,2,2,4,224,Big Spenders
906,112,7,93654.59,1,1,2,112,At Risk
907,53,11,122341.19,2,3,3,233,Regular Customers
908,10,12,102139.85,4,3,2,432,Loyal Customers
909,122,8,78484.15,1,1,2,112,At Risk
910,81,9,116106.90000000001,2,2,3,223,Regular Customers
911,1,9,68648.37,4,2,1,421,Regular Customers
912,59,11,148841.82,2,3,4,234,Big Spenders
913,59,7,96203.23,2,1,2,212,Regular Customers
914,103,18,189858.97,1,4,4,144,Big Spenders
915,177,12,178760.8,1,3,4,134,Big Spenders
916,102,7,80452.15,2,1,2,212,Regular Customers
917,82,14,171342.30000000002,2,4,4,244,Big Spenders
918,256,7,71416.65,1,1,1,111,At Risk
919,134,8,106775.39,1,1,3,113,At Risk
920,18,9,95499.54000000001,4,2,2,422,Regular Customers
921,41,8,86117.96,3,1,2,312,Regular Customers
922,40,10,103717.06,3,2,2,322,Regular Customers
923,19,6,72063.63,4,1,1,411,Regular Customers
924,26,6,43561.83,3,1,1,311,Regular Customers
925,14,8,58100.83,4,1,1,411,Regular Customers
926,400,7,90182.79000000001,1,1,2,112,At Risk
927,41,13,176963.31,3,4,4,344,Big Spenders
928,81,11,129293.23,2,3,3,233,Regular Customers
929,216,9,93124.12,1,2,2,122,At Risk
930,11,10,123900.23000000001,4,2,3,423,Regular Customers
931,25,15,180979.73,3,4,4,344,Big Spenders
932,24,8,97091.06,3,1,2,312,Regular Customers
933,45,11,136695.51,3,3,4,334,Big Spenders
934,23,13,153438.5,3,4,4,344,Big Spenders
935,107,11,97298.88,1,3,2,132,At Risk
936,61,12,75823.03,2,3,1,231,Regular Customers
937,3,3,28599.85,4,1,1,411,Regular Customers
938,39,9,116491.34,3,2,3,323,Regular Customers
939,119,3,57390.43,1,1,1,111,At Risk
940,6,13,124090.26999999999,4,4,3,443,Loyal Customers
941,61,12,129865.39,2,3,3,233,Regular Customers
942,59,13,118095.72,2,4,3,243,Regular Customers
943,37,7,79652.68,3,1,2,312,Regular Customers
944,139,4,50916.04,1,1,1,111,At Risk
945,27,13,116353.45000000001,3,4,3,343,Regular Customers
946,118,13,181964.48,1,4,4,144,Big Spenders
947,180,8,126757.58,1,1,3,113,At Risk
948,9,10,93043.78,4,2,2,422,Regular Customers
949,215,6,89730.35,1,1,2,112,At Risk
950,155,10,86571.05,1,2,2,122,At Risk
951,1,13,114793.39,4,4,3,443,Loyal Customers
952,171,8,94095.44,1,1,2,112,At Risk
953,76,7,97483.37,2,1,2,212,Regular Customers
954,96,13,185407.95,2,4,4,244,Big Spenders
955,199,10,125472.72,1,2,3,123,At Risk
956,39,10,102850.0,3,2,2,322,Regular Customers
957,165,5,60153.63,1,1,1,111,At Risk
958,55,11,56965.939999999995,2,3,1,231,Regular Customers
959,289,4,32743.96,1,1,1,111,At Risk
960,13,11,101564.44,4,3,2,432,Loyal Customers
961,19,11,151484.03,4,3,4,434,Loyal Customers
962,18,15,160528.44,4,4,4,444,Champions
963,92,5,79943.21,2,1,2,212,Regular Customers
964,146,12,146594.37,1,3,4,134,Big Spenders
965,135,12,143876.56,1,3,4,134,Big Spenders
966,6,10,78634.98,4,2,2,422,Regular Customers
967,95,11,139350.14,2,3,4,234,Big Spenders
968,70,7,119892.26,2,1,3,213,Regular Customers
969,113,6,93341.6,1,1,2,112,At Risk
970,3,7,75966.48,4,1,1,411,Regular Customers
971,27,7,113991.03,3,1,3,313,Regular Customers
972,52,10,86971.25,2,2,2,222,Regular Customers
973,140,6,80490.58,1,1,2,112,At Risk
974,4,8,131370.22999999998,4,1,3,413,Regular Customers
975,82,10,94088.73999999999,2,2,2,222,Regular Customers
976,51,7,85447.21,3,1,2,312,Regular Customers
977,191,11,140505.42,1,3,4,134,Big Spenders
978,27,18,183703.4,3,4,4,344,Big Spenders
979,101,8,89640.13,2,1,2,212,Regular Customers
980,23,9,123718.06999999999,3,2,3,323,Regular Customers
981,42,15,129350.79,3,4,3,343,Regular Customers
982,16,12,103887.12,4,3,2,432,Loyal Customers
983,2,8,118923.59,4,1,3,413,Regular Customers
984,250,6,95458.01,1,1,2,112,At Risk
985,114,8,77794.4,1,1,2,112,At Risk
986,153,11,106219.06,1,3,3,133,At Risk
987,13,9,87084.96,4,2,2,422,Regular Customers
988,65,12,138168.09,2,3,4,234,Big Spenders
989,6,13,169868.22,4,4,4,444,Champions
990,52,11,142515.21,2,3,4,234,Big Spenders
991,35,13,129696.89,3,4,3,343,Regular Customers
992,108,8,52052.15,1,1,1,111,At Risk
993,35,11,172159.45,3,3,4,334,Big Spenders
994,217,9,105798.67,1,2,3,123,At Risk
995,209,9,82802.98999999999,1,2,2,122,At Risk
996,73,10,121022.70999999999,2,2,3,223,Regular Customers
997,18,14,106431.26,4,4,3,443,Loyal Customers
998,78,12,93504.91,2,3,2,232,Regular Customers
999,38,10,165243.04,3,2,4,324,Big Spenders
1000,264,10,57725.3,1,2,1,121,At Risk
1001,142,6,45884.15,1,1,1,111,At Risk
1002,28,10,121677.7,3,2,3,323,Regular Customers
1003,95,11,109191.95999999999,2,3,3,233,Regular Customers
1004,101,12,128369.39,2,3,3,233,Regular Customers
1005,35,8,52417.69,3,1,1,311,Regular Customers
1006,13,7,77796.94,4,1,2,412,Regular Customers
1007,6,15,208038.5,4,4,4,444,Champions
1008,28,16,227832.82,3,4,4,344,Big Spenders
1009,11,11,118888.06999999999,4,3,3,433,Loyal Customers
1010,38,13,124187.63,3,4,3,343,Regular Customers
1011,81,12,107718.31,2,3,3,233,Regular Customers
1012,65,6,39390.729999999996,2,1,1,211,Regular Customers
1013,57,12,107125.57,2,3,3,233,Regular Customers
1014,4,8,91076.61,4,1,2,412,Regular Customers
1015,100,9,82644.85,2,2,2,222,Regular Customers
1016,3,14,174158.33000000002,4,4,4,444,Champions
1017,10,12,186207.65,4,3,4,434,Loyal Customers
1018,82,11,116577.53,2,3,3,233,Regular Customers
1019,108,9,78592.26999999999,1,2,2,122,At Risk
1020,66,15,97240.36,2,4,2,242,Regular Customers
1021,54,7,100239.93,2,1,2,212,Regular Customers
1022,25,6,57203.17,3,1,1,311,Regular Customers
1023,358,2,4607.91,1,1,1,111,At Risk
1024,38,13,176851.94,3,4,4,344,Big Spenders
1025,7,12,116071.97,4,3,3,433,Loyal Customers
1026,79,7,64467.04,2,1,1,211,Regular Customers
1027,28,7,106882.12000000001,3,1,3,313,Regular Customers
1028,173,8,100196.56,1,1,2,112,At Risk
1029,165,9,77986.87000000001,1,2,2,122,At Risk
1030,36,10,86183.74,3,2,2,322,Regular Customers
1031,1,9,112747.44,4,2,3,423,Regular Customers
1032,6,12,107660.03,4,3,3,433,Loyal Customers
1033,30,10,113255.01999999999,3,2,3,323,Regular Customers
1034,20,8,82326.77,4,1,2,412,Regular Customers
1035,55,12,156110.13,2,3,4,234,Big Spenders
1036,13,12,130698.37000000001,4,3,3,433,Loyal Customers
1037,15,6,63818.810000000005,4,1,1,411,Regular Customers
1038,71,11,155294.34,2,3,4,234,Big Spenders
1039,352,6,55980.85,1,1,1,111,At Risk
1040,15,14,168910.31,4,4,4,444,Champions
1041,31,12,113919.01999999999,3,3,3,333,Regular Customers
1042,143,3,19891.120000000003,1,1,1,111,At Risk
1043,153,11,184461.3,1,3,4,134,Big Spenders
1044,176,9,84049.19,1,2,2,122,At Risk
1045,133,9,89994.33,1,2,2,122,At Risk
1046,199,8,93608.45000000001,1,1,2,112,At Risk
1047,2,11,123747.9,4,3,3,433,Loyal Customers
1048,41,10,175508.66999999998,3,2,4,324,Big Spenders
1049,67,8,89464.76,2,1,2,212,Regular Customers
1050,13,22,241157.72,4,4,4,444,Champions
1051,63,10,79578.53,2,2,2,222,Regular Customers
1052,60,9,68495.82,2,2,1,221,Regular Customers
1053,13,13,125548.53,4,4,3,443,Loyal Customers
1054,4,14,143212.86,4,4,4,444,Champions
1055,25,7,93935.84,3,1,2,312,Regular Customers
1056,34,10,52337.99,3,2,1,321,Regular Customers
1057,25,15,198035.61,3,4,4,344,Big Spenders
1058,6,8,129304.45,4,1,3,413,Regular Customers
1059,3,9,75982.26000000001,4,2,1,421,Regular Customers
1060,38,11,163374.82,3,3,4,334,Big Spenders
1061,138,11,114827.14,1,3,3,133,At Risk
1062,19,10,110588.71,4,2,3,423,Regular Customers
1063,42,9,103971.0,3,2,2,322,Regular Customers
1064,50,10,115433.69,3,2,3,323,Regular Customers
1065,18,7,45485.18,4,1,1,411,Regular Customers
1066,43,9,108713.14,3,2,3,323,Regular Customers
1067,18,10,79576.22,4,2,2,422,Regular Customers
1068,61,12,131390.36,2,3,3,233,Regular Customers
1069,50,6,64320.95,3,1,1,311,Regular Customers
1070,129,9,66898.56,1,2,1,121,At Risk
1071,36,12,134609.24,3,3,3,333,Regular Customers
1072,147,7,44056.71,1,1,1,111,At Risk
1073,140,7,57709.16,1,1,1,111,At Risk
1074,121,9,97102.3,1,2,2,122,At Risk
1075,70,5,105360.12999999999,2,1,3,213,Regular Customers
1076,30,11,146709.41,3,3,4,334,Big Spenders
1077,112,8,57639.75,1,1,1,111,At Risk
1078,341,9,95414.23,1,2,2,122,At Risk
1079,108,10,98457.67,1,2,2,122,At Risk
1080,4,7,52769.83,4,1,1,411,Regular Customers
1081,33,14,129430.11,3,4,3,343,Regular Customers
1082,21,9,122268.76,4,2,3,423,Regular Customers
1083,60,9,97202.06,2,2,2,222,Regular Customers
1084,127,9,82956.70999999999,1,2,2,122,At Risk
1085,36,12,153532.83,3,3,4,334,Big Spenders
1086,36,11,101840.29,3,3,2,332,Regular Customers
1087,48,8,117655.73999999999,3,1,3,313,Regular Customers
1088,39,8,119683.17,3,1,3,313,Regular Customers
1089,84,8,77401.39,2,1,2,212,Regular Customers
1090,2,6,89922.64,4,1,2,412,Regular Customers
1091,121,9,119661.54000000001,1,2,3,123,At Risk
1092,25,18,156833.88,3,4,4,344,Big Spenders
1093,15,5,75409.78,4,1,1,411,Regular Customers
1094,10,12,106150.51,4,3,3,433,Loyal Customers
1095,130,12,141708.08,1,3,4,134,Big Spenders
1096,148,7,96065.63,1,1,2,112,At Risk
1097,81,5,64978.59999999999,2,1,1,211,Regular Customers
1098,23,12,89366.42,3,3,2,332,Regular Customers
1099,91,18,227196.75,2,4,4,244,Big Spenders
1100,144,11,121922.76,1,3,3,133,At Risk
1101,110,14,124127.95,1,4,3,143,At Risk
1102,106,14,146749.09,1,4,4,144,Big Spenders
1103,191,8,69034.11,1,1,1,111,At Risk
1104,177,21,170889.72,1,4,4,144,Big Spenders
1105,144,11,115701.12,1,3,3,133,At Risk
1106,57,7,126605.93999999999,2,1,3,213,Regular Customers
1107,4,10,117315.63,4,2,3,423,Regular Customers
1108,2,10,126027.78,4,2,3,423,Regular Customers
1109,155,10,122089.84,1,2,3,123,At Risk
1110,148,10,126439.19,1,2,3,123,At Risk
1111,53,10,132092.95,2,2,3,223,Regular Customers
1112,122,9,56411.229999999996,1,2,1,121,At Risk
1113,16,7,58530.829999999994,4,1,1,411,Regular Customers
1114,229,11,130479.94,1,3,3,133,At Risk
1115,175,12,104799.46,1,3,3,133,At Risk
1116,22,8,110839.51000000001,3,1,3,313,Regular Customers
1117,72,8,108606.74,2,1,3,213,Regular Customers
1118,71,9,89422.62,2,2,2,222,Regular Customers
1119,42,13,111122.16,3,4,3,343,Regular Customers
1120,2,8,101450.45,4,1,2,412,Regular Customers
1121,122,13,159690.34,1,4,4,144,Big Spenders
1122,2,14,130532.3,4,4,3,443,Loyal Customers
1123,10,12,206411.37,4,3,4,434,Loyal Customers
1124,30,9,158426.07,3,2,4,324,Big Spenders
1125,137,8,83648.74,1,1,2,112,At Risk
1126,59,10,159200.58000000002,2,2,4,224,Big Spenders
1127,51,12,106560.59000000001,3,3,3,333,Regular Customers
1128,57,8,61512.6,2,1,1,211,Regular Customers
1129,7,20,183726.89,4,4,4,444,Champions
1130,7,10,83528.07,4,2,2,422,Regular Customers
1131,28,6,39378.36,3,1,1,311,Regular Customers
1132,35,9,85325.11,3,2,2,322,Regular Customers
1133,10,9,75416.18000000001,4,2,1,421,Regular Customers
1134,50,10,67616.59,3,2,1,321,Regular Customers
1135,140,12,146361.85,1,3,4,134,Big Spenders
1136,100,10,135698.05,2,2,3,223,Regular Customers
1137,78,10,112327.29999999999,2,2,3,223,Regular Customers
1138,119,7,103123.59000000001,1,1,2,112,At Risk
1139,257,9,70650.15000000001,1,2,1,121,At Risk
1140,59,12,129542.08,2,3,3,233,Regular Customers
1141,9,13,159241.39,4,4,4,444,Champions
1142,18,4,20488.9,4,1,1,411,Regular Customers
1143,104,10,93605.47,1,2,2,122,At Risk
1144,169,9,81354.45,1,2,2,122,At Risk
1145,11,8,60388.5,4,1,1,411,Regular Customers
1146,20,16,167154.55,4,4,4,444,Champions
1147,13,5,19005.350000000002,4,1,1,411,Regular Customers
1148,29,12,146330.03,3,3,4,334,Big Spenders
1149,60,7,60857.57,2,1,1,211,Regular Customers
1150,9,8,60294.71,4,1,1,411,Regular Customers
1151,119,8,53272.46,1,1,1,111,At Risk
1152,2,17,147190.07,4,4,4,444,Champions
1153,145,7,47825.17,1,1,1,111,At Risk
1154,53,8,112757.98,2,1,3,213,Regular Customers
1155,218,4,25456.32,1,1,1,111,At Risk
1156,149,14,183506.59,1,4,4,144,Big Spenders
1157,168,11,144715.13,1,3,4,134,Big Spenders
1158,41,8,103148.27,3,1,2,312,Regular Customers
1159,70,13,170915.97,2,4,4,244,Big Spenders
1160,190,5,77602.04000000001,1,1,2,112,At Risk
1161,17,11,65977.78,4,3,1,431,Loyal Customers
1162,118,11,120063.94,1,3,3,133,At Risk
1163,96,9,119638.14,2,2,3,223,Regular Customers
1164,111,9,71623.43,1,2,1,121,At Risk
1165,57,10,127761.01,2,2,3,223,Regular Customers
1166,39,10,88370.72,3,2,2,322,Regular Customers
1167,138,17,199163.96,1,4,4,144,Big Spenders
1168,93,7,68841.67,2,1,1,211,Regular Customers
1169,74,9,72512.47,2,2,1,221,Regular Customers
1170,23,10,96172.79000000001,3,2,2,322,Regular Customers
1171,136,12,106296.14,1,3,3,133,At Risk
1172,61,13,143420.88,2,4,4,244,Big Spenders
1173,143,9,95328.41,1,2,2,122,At Risk
1174,222,10,114680.6,1,2,3,123,At Risk
1175,37,8,80265.33,3,1,2,312,Regular Customers
1176,4,15,186634.12,4,4,4,444,Champions
1177,144,4,41418.81,1,1,1,111,At Risk
1178,32,14,129033.05,3,4,3,343,Regular Customers
1179,110,9,131405.58,1,2,3,123,At Risk
1180,24,10,94145.97,3,2,2,322,Regular Customers
1181,306,6,67714.56999999999,1,1,1,111,At Risk
1182,79,11,120581.14,2,3,3,233,Regular Customers
1183,147,8,143021.78,1,1,4,114,Big Spenders
1184,187,10,138972.88,1,2,4,124,Big Spenders
1185,23,9,88673.93,3,2,2,322,Regular Customers
1186,44,12,106192.24,3,3,3,333,Regular Customers
1187,126,10,100022.48000000001,1,2,2,122,At Risk
1188,255,3,39064.46,1,1,1,111,At Risk
1189,3,4,18152.29,4,1,1,411,Regular Customers
1190,92,8,90336.42,2,1,2,212,Regular Customers
1191,50,11,192717.06,3,3,4,334,Big Spenders
1192,118,11,89615.13,1,3,2,132,At Risk
1193,185,6,59963.04,1,1,1,111,At Risk
1194,157,10,57623.15,1,2,1,121,At Risk
1195,286,6,48339.4,1,1,1,111,At Risk
1196,37,12,96256.17,3,3,2,332,Regular Customers
1197,4,14,89476.66,4,4,2,442,Loyal Customers
1198,15,10,86307.88,4,2,2,422,Regular Customers
1199,44,7,84633.73999999999,3,1,2,312,Regular Customers
1200,22,7,36539.81,3,1,1,311,Regular Customers
1201,18,14,142599.37,4,4,4,444,Champions
1202,38,9,84597.82,3,2,2,322,Regular Customers
1203,56,7,82239.25,2,1,2,212,Regular Customers
1204,164,10,140280.79,1,2,4,124,Big Spenders
1205,469,3,49262.04,1,1,1,111,At Risk
1206,92,16,236359.81,2,4,4,244,Big Spenders
1207,57,8,68906.14,2,1,1,211,Regular Customers
1208,121,14,101402.51,1,4,2,142,At Risk
1209,33,8,101988.33,3,1,2,312,Regular Customers
1210,38,11,135886.11000000002,3,3,3,333,Regular Customers
1211,79,9,109234.09,2,2,3,223,Regular Customers
1212,61,12,150016.18,2,3,4,234,Big Spenders
1213,196,4,26948.5,1,1,1,111,At Risk
1214,150,8,106939.84,1,1,3,113,At Risk
1215,26,14,172250.25,3,4,4,344,Big Spenders
1216,105,9,83296.22,1,2,2,122,At Risk
1217,19,16,158508.47,4,4,4,444,Champions
1218,96,7,122117.61,2,1,3,213,Regular Customers
1219,181,3,6388.42,1,1,1,111,At Risk
1220,26,8,55986.09,3,1,1,311,Regular Customers
1221,99,11,149677.4,2,3,4,234,Big Spenders
1222,36,24,312955.89,3,4,4,344,Big Spenders
1223,13,15,155712.47,4,4,4,444,Champions
1224,34,4,43612.909999999996,3,1,1,311,Regular Customers
1225,52,10,98296.69,2,2,2,222,Regular Customers
1226,62,3,9471.43,2,1,1,211,Regular Customers
1227,24,9,92180.12,3,2,2,322,Regular Customers
1228,38,11,121813.31,3,3,3,333,Regular Customers
1229,11,13,134389.17,4,4,3,443,Loyal Customers
1230,48,14,144772.41999999998,3,4,4,344,Big Spenders
1231,64,11,106900.29000000001,2,3,3,233,Regular Customers
1232,149,9,82790.7,1,2,2,122,At Risk
1233,49,9,92929.13,3,2,2,322,Regular Customers
1234,36,12,166938.72999999998,3,3,4,334,Big Spenders
1235,97,12,136841.61,2,3,4,234,Big Spenders
1236,125,7,58813.619999999995,1,1,1,111,At Risk
1237,37,15,246197.11,3,4,4,344,Big Spenders
1238,242,7,71000.9,1,1,1,111,At Risk
1239,81,6,32352.59,2,1,1,211,Regular Customers
1240,1,9,87965.31,4,2,2,422,Regular Customers
1241,221,11,152139.79,1,3,4,134,Big Spenders
1242,113,15,204763.81,1,4,4,144,Big Spenders
1243,9,9,99520.19,4,2,2,422,Regular Customers
1244,36,8,84774.27,3,1,2,312,Regular Customers
1245,132,7,110298.75,1,1,3,113,At Risk
1246,15,12,96765.18,4,3,2,432,Loyal Customers
1247,104,10,140283.27,1,2,4,124,Big Spenders
1248,10,8,89628.44,4,1,2,412,Regular Customers
1249,22,11,183777.27,3,3,4,334,Big Spenders
1250,75,9,80520.72,2,2,2,222,Regular Customers
1251,90,13,132318.81,2,4,3,243,Regular Customers
1252,44,7,58068.229999999996,3,1,1,311,Regular Customers
1253,6,10,119081.15,4,2,3,423,Regular Customers
1254,335,5,65354.45,1,1,1,111,At Risk
1255,40,13,110766.71,3,4,3,343,Regular Customers
1256,188,12,136256.05000000002,1,3,4,134,Big Spenders
1257,20,8,76117.54000000001,4,1,1,411,Regular Customers
1258,29,7,66157.53,3,1,1,311,Regular Customers
1259,32,6,53556.55,3,1,1,311,Regular Customers
1260,74,13,128778.2,2,4,3,243,Regular Customers
1261,33,10,50033.22,3,2,1,321,Regular Customers
1262,26,11,174465.06,3,3,4,334,Big Spenders
1263,45,6,31148.08,3,1,1,311,Regular Customers
1264,56,11,92328.91,2,3,2,232,Regular Customers
1265,37,9,104707.43000000001,3,2,3,323,Regular Customers
1266,88,10,103555.67,2,2,2,222,Regular Customers
1267,48,10,140482.21,3,2,4,324,Big Spenders
1268,17,13,113511.79000000001,4,4,3,443,Loyal Customers
1269,73,15,203232.96,2,4,4,244,Big Spenders
1270,19,10,96420.28,4,2,2,422,Regular Customers
1271,1,9,89650.34,4,2,2,422,Regular Customers
1272,10,10,65831.11,4,2,1,421,Regular Customers
1273,5,13,139790.07,4,4,4,444,Champions
1274,187,10,111337.70999999999,1,2,3,123,At Risk
1275,17,10,137773.26,4,2,4,424,Big Spenders
1276,5,11,129287.23,4,3,3,433,Loyal Customers
1277,22,7,54592.83,3,1,1,311,Regular Customers
1278,25,16,206794.65,3,4,4,344,Big Spenders
1279,10,8,90235.9,4,1,2,412,Regular Customers
1280,19,11,125293.47,4,3,3,433,Loyal Customers
1281,35,13,78232.64,3,4,2,342,Regular Customers
1282,41,10,98503.51999999999,3,2,2,322,Regular Customers
1283,19,16,196391.69,4,4,4,444,Champions
1284,28,7,63198.09,3,1,1,311,Regular Customers
1285,4,6,82817.85,4,1,2,412,Regular Customers
1286,6,12,143888.55,4,3,4,434,Loyal Customers
1287,1,13,119329.64,4,4,3,443,Loyal Customers
1288,36,10,78039.89,3,2,2,322,Regular Customers
1289,1,13,182718.46,4,4,4,444,Champions
1290,14,7,83041.37,4,1,2,412,Regular Customers
1291,22,13,122263.98999999999,3,4,3,343,Regular Customers
1292,98,11,203567.65000000002,2,3,4,234,Big Spenders
1293,6,17,197017.28,4,4,4,444,Champions
1294,17,12,147402.08,4,3,4,434,Loyal Customers
1295,151,8,75911.42,1,1,1,111,At Risk
1296,62,7,72259.3,2,1,1,211,Regular Customers
1297,180,10,134582.49,1,2,3,123,At Risk
1298,273,5,58650.3,1,1,1,111,At Risk
1299,51,11,76754.14,3,3,1,331,Regular Customers
1300,54,9,151312.69,2,2,4,224,Big Spenders
1301,90,9,117463.14,2,2,3,223,Regular Customers
1302,99,6,41368.84,2,1,1,211,Regular Customers
1303,49,11,123229.7,3,3,3,333,Regular Customers
1304,9,14,121832.09,4,4,3,443,Loyal Customers
1305,120,5,24874.71,1,1,1,111,At Risk
1306,22,9,144772.63999999998,3,2,4,324,Big Spenders
1307,21,7,50902.93,4,1,1,411,Regular Customers
1308,5,10,95151.23,4,2,2,422,Regular Customers
1309,34,16,179291.97,3,4,4,344,Big Spenders
1310,19,13,96700.96,4,4,2,442,Loyal Customers
1311,36,19,186207.18,3,4,4,344,Big Spenders
1312,113,8,78972.56,1,1,2,112,At Risk
1313,100,13,108823.02,2,4,3,243,Regular Customers
1314,9,8,106543.02,4,1,3,413,Regular Customers
1315,51,12,88954.09,3,3,2,332,Regular Customers
1316,88,13,128524.17,2,4,3,243,Regular Customers
1317,195,7,62265.46000000001,1,1,1,111,At Risk
1318,26,13,189570.45,3,4,4,344,Big Spenders
1319,112,12,83686.42,1,3,2,132,At Risk
1320,75,8,84406.97,2,1,2,212,Regular Customers
1321,300,9,93075.26000000001,1,2,2,122,At Risk
1322,38,11,108601.45,3,3,3,333,Regular Customers
1323,92,10,143597.31,2,2,4,224,Big Spenders
1324,13,8,80659.68000000001,4,1,2,412,Regular Customers
1325,74,8,78143.56,2,1,2,212,Regular Customers
1326,28,11,101529.98,3,3,2,332,Regular Customers
1327,162,13,183880.89,1,4,4,144,Big Spenders
1328,5,12,95114.0,4,3,2,432,Loyal Customers
1329,7,14,174136.83000000002,4,4,4,444,Champions
1330,100,7,48029.85,2,1,1,211,Regular Customers
1331,227,12,119016.74,1,3,3,133,At Risk
1332,357,3,29112.84,1,1,1,111,At Risk
1333,94,12,175193.03,2,3,4,234,Big Spenders
1334,44,9,128117.6,3,2,3,323,Regular Customers
1335,140,7,104326.44,1,1,2,112,At Risk
1336,56,14,111308.58,2,4,3,243,Regular Customers
1337,47,7,96238.99,3,1,2,312,Regular Customers
1338,41,6,45124.08,3,1,1,311,Regular Customers
1339,25,11,128433.21,3,3,3,333,Regular Customers
1340,20,5,69721.01000000001,4,1,1,411,Regular Customers
1341,46,8,116459.62,3,1,3,313,Regular Customers
1342,30,11,108049.92,3,3,3,333,Regular Customers
1343,43,6,103572.24,3,1,2,312,Regular Customers
1344,96,12,179980.41999999998,2,3,4,234,Big Spenders
1345,36,7,88996.0,3,1,2,312,Regular Customers
1346,95,11,175324.38,2,3,4,234,Big Spenders
1347,16,12,146710.22,4,3,4,434,Loyal Customers
1348,71,14,210230.3,2,4,4,244,Big Spenders
1349,10,12,159336.63,4,3,4,434,Loyal Customers
1350,77,9,142006.41,2,2,4,224,Big Spenders
1351,8,13,113763.22,4,4,3,443,Loyal Customers
1352,15,15,190379.81,4,4,4,444,Champions
1353,48,13,143606.37,3,4,4,344,Big Spenders
1354,5,14,123934.2,4,4,3,443,Loyal Customers
1355,114,8,69770.0,1,1,1,111,At Risk
1356,109,9,125658.45999999999,1,2,3,123,At Risk
1357,34,10,87513.86,3,2,2,322,Regular Customers
1358,275,3,46621.09,1,1,1,111,At Risk
1359,66,11,131741.25,2,3,3,233,Regular Customers
1360,12,11,139015.48,4,3,4,434,Loyal Customers
1361,52,9,63693.99,2,2,1,221,Regular Customers
1362,75,11,108164.70999999999,2,3,3,233,Regular Customers
1363,119,10,185464.02000000002,1,2,4,124,Big Spenders
1364,88,11,128287.95999999999,2,3,3,233,Regular Customers
1365,289,4,37518.3,1,1,1,111,At Risk
1366,179,12,116578.75,1,3,3,133,At Risk
1367,46,14,151674.63,3,4,4,344,Big Spenders
1368,236,6,16269.99,1,1,1,111,At Risk
1369,81,11,90679.59999999999,2,3,2,232,Regular Customers
1370,27,9,93274.67,3,2,2,322,Regular Customers
1371,70,10,108440.26,2,2,3,223,Regular Customers
1372,12,8,80121.81,4,1,2,412,Regular Customers
1373,74,9,52357.56,2,2,1,221,Regular Customers
1374,71,15,123248.86,2,4,3,243,Regular Customers
1375,3,10,105188.15,4,2,3,423,Regular Customers
1376,202,7,62088.42,1,1,1,111,At Risk
1377,63,12,154810.46,2,3,4,234,Big Spenders
1378,85,9,124750.73,2,2,3,223,Regular Customers
1379,27,8,54470.31,3,1,1,311,Regular Customers
1380,25,6,45290.18,3,1,1,311,Regular Customers
1381,1,12,222680.14,4,3,4,434,Loyal Customers
1382,101,15,128408.65,2,4,3,243,Regular Customers
1383,190,9,146987.63,1,2,4,124,Big Spenders
1384,5,13,158646.28,4,4,4,444,Champions
1385,256,8,82290.42,1,1,2,112,At Risk
1386,43,12,212261.89,3,3,4,334,Big Spenders
1387,3,10,72455.23999999999,4,2,1,421,Regular Customers
1388,282,6,34414.34,1,1,1,111,At Risk
1389,299,12,143799.5,1,3,4,134,Big Spenders
1390,11,11,105061.8,4,3,3,433,Loyal Customers
1391,29,11,118681.7,3,3,3,333,Regular Customers
1392,130,4,19311.89,1,1,1,111,At Risk
1393,30,14,171124.77,3,4,4,344,Big Spenders
1394,118,7,104012.65,1,1,2,112,At Risk
1395,85,7,125325.19,2,1,3,213,Regular Customers
1396,227,9,111783.23,1,2,3,123,At Risk
1397,17,11,195626.41,4,3,4,434,Loyal Customers
1398,39,8,93928.65000000001,3,1,2,312,Regular Customers
1399,3,10,127322.13,4,2,3,423,Regular Customers
1400,40,19,249337.02,3,4,4,344,Big Spenders
1401,24,9,91959.84,3,2,2,322,Regular Customers
1402,88,10,161433.29,2,2,4,224,Big Spenders
1403,8,11,140635.66,4,3,4,434,Loyal Customers
1404,139,3,34339.380000000005,1,1,1,111,At Risk
1405,109,11,63741.87,1,3,1,131,At Risk
1406,12,10,146991.27,4,2,4,424,Big Spenders
1407,9,7,123597.49,4,1,3,413,Regular Customers
1408,1,12,175631.36,4,3,4,434,Loyal Customers
1409,2,19,202979.36000000002,4,4,4,444,Champions
1410,301,5,38585.130000000005,1,1,1,111,At Risk
1411,4,11,202631.29,4,3,4,434,Loyal Customers
1412,146,9,110744.48,1,2,3,123,At Risk
1413,14,9,90688.4,4,2,2,422,Regular Customers
1414,46,8,101934.33,3,1,2,312,Regular Customers
1415,1,15,211444.61000000002,4,4,4,444,Champions
1416,28,13,152421.55,3,4,4,344,Big Spenders
1417,9,10,78045.93000000001,4,2,2,422,Regular Customers
1418,30,11,105046.25,3,3,3,333,Regular Customers
1419,66,17,171512.15,2,4,4,244,Big Spenders
1420,90,7,79435.0,2,1,2,212,Regular Customers
1421,19,13,178915.74,4,4,4,444,Champions
1422,187,7,91229.44,1,1,2,112,At Risk
1423,21,8,91509.59,4,1,2,412,Regular Customers
1424,28,11,119999.31,3,3,3,333,Regular Customers
1425,68,7,66868.24,2,1,1,211,Regular Customers
1426,78,10,100046.06,2,2,2,222,Regular Customers
1427,53,14,148573.89,2,4,4,244,Big Spenders
1428,119,13,135217.54,1,4,3,143,At Risk
1429,34,10,82408.24,3,2,2,322,Regular Customers
1430,107,10,143100.28,1,2,4,124,Big Spenders
1431,91,11,116188.25,2,3,3,233,Regular Customers
1432,2,15,143608.4,4,4,4,444,Champions
1433,81,8,134692.02,2,1,3,213,Regular Customers
1434,244,7,60022.58,1,1,1,111,At Risk
1435,54,8,84714.93000000001,2,1,2,212,Regular Customers
1436,5,9,133174.65,4,2,3,423,Regular Customers
1437,27,13,199098.78,3,4,4,344,Big Spenders
1438,41,12,150759.72,3,3,4,334,Big Spenders
1439,50,11,127668.03,3,3,3,333,Regular Customers
1440,64,7,120531.7,2,1,3,213,Regular Customers
1441,201,8,52813.82000000001,1,1,1,111,At Risk
1442,83,9,149173.02,2,2,4,224,Big Spenders
1443,6,6,69345.38,4,1,1,411,Regular Customers
1444,19,14,186486.61000000002,4,4,4,444,Champions
1445,8,6,69015.16,4,1,1,411,Regular Customers
1446,17,11,157227.41,4,3,4,434,Loyal Customers
1447,122,5,74082.01,1,1,1,111,At Risk
1448,191,6,70596.33,1,1,1,111,At Risk
1449,59,14,103570.71,2,4,2,242,Regular Customers
1450,13,7,73221.13,4,1,1,411,Regular Customers
1451,4,13,202431.49,4,4,4,444,Champions
1452,85,8,81303.26,2,1,2,212,Regular Customers
1453,53,12,122186.62,2,3,3,233,Regular Customers
1454,14,9,93048.59,4,2,2,422,Regular Customers
1455,104,12,113220.61,1,3,3,133,At Risk
1456,65,9,140858.32,2,2,4,224,Big Spenders
1457,92,8,95033.65000000001,2,1,2,212,Regular Customers
1458,91,8,99411.31,2,1,2,212,Regular Customers
1459,1,8,88723.51,4,1,2,412,Regular Customers
1460,21,9,121696.97,4,2,3,423,Regular Customers
1461,241,7,74473.03,1,1,1,111,At Risk
1462,6,16,189821.38,4,4,4,444,Champions
1463,103,7,41493.82,1,1,1,111,At Risk
1464,83,9,65746.05,2,2,1,221,Regular Customers
1465,7,4,7805.6,4,1,1,411,Regular Customers
1466,47,10,115460.2,3,2,3,323,Regular Customers
1467,387,2,23996.28,1,1,1,111,At Risk
1468,27,11,138444.21,3,3,4,334,Big Spenders
1469,8,8,72162.24,4,1,1,411,Regular Customers
1470,57,10,129240.73999999999,2,2,3,223,Regular Customers
1471,31,14,139768.91,3,4,4,344,Big Spenders
1472,189,11,79754.38,1,3,2,132,At Risk
1473,95,9,92016.54000000001,2,2,2,222,Regular Customers
1474,114,3,19958.68,1,1,1,111,At Risk
1475,60,12,188227.72,2,3,4,234,Big Spenders
1476,13,17,147378.38999999998,4,4,4,444,Champions
1477,55,13,111636.58,2,4,3,243,Regular Customers
1478,144,8,78759.93000000001,1,1,2,112,At Risk
1479,41,8,145725.93,3,1,4,314,Big Spenders
1480,115,15,106776.70999999999,1,4,3,143,At Risk
1481,15,12,104524.31999999999,4,3,3,433,Loyal Customers
1482,124,6,65993.5,1,1,1,111,At Risk
1483,92,11,109817.83,2,3,3,233,Regular Customers
1484,1,5,90885.7,4,1,2,412,Regular Customers
1485,111,8,75120.45,1,1,1,111,At Risk
1486,172,9,106808.67,1,2,3,123,At Risk
1487,57,9,64352.69,2,2,1,221,Regular Customers
1488,20,7,70592.18,4,1,1,411,Regular Customers
1489,101,8,64865.71000000001,2,1,1,211,Regular Customers
1490,59,5,46226.06,2,1,1,211,Regular Customers
1491,124,6,85561.75,1,1,2,112,At Risk
1492,26,16,129903.31999999999,3,4,3,343,Regular Customers
1493,108,10,55715.55,1,2,1,121,At Risk
1494,46,12,87781.51999999999,3,3,2,332,Regular Customers
1495,131,8,104170.73000000001,1,1,2,112,At Risk
1496,8,10,112887.76999999999,4,2,3,423,Regular Customers
1497,29,11,104411.17,3,3,3,333,Regular Customers
1498,24,13,142081.85,3,4,4,344,Big Spenders
1499,54,6,68242.28,2,1,1,211,Regular Customers
1500,1,10,81706.92000000001,4,2,2,422,Regular Customers
1501,273,7,83618.95,1,1,2,112,At Risk
1502,120,11,128244.81999999999,1,3,3,133,At Risk
1503,6,8,64359.61,4,1,1,411,Regular Customers
1504,42,8,72057.43000000001,3,1,1,311,Regular Customers
1505,202,7,106726.53,1,1,3,113,At Risk
1506,36,12,72475.95,3,3,1,331,Regular Customers
1507,18,7,87899.63,4,1,2,412,Regular Customers
1508,80,8,113706.95,2,1,3,213,Regular Customers
1509,219,8,143056.03,1,1,4,114,Big Spenders
1510,60,10,101216.66,2,2,2,222,Regular Customers
1511,147,11,125647.47,1,3,3,133,At Risk
1512,17,11,187133.74,4,3,4,434,Loyal Customers
1513,62,3,29534.010000000002,2,1,1,211,Regular Customers
1514,18,10,117045.01000000001,4,2,3,423,Regular Customers
1515,44,14,119649.23,3,4,3,343,Regular Customers
1516,69,6,86848.52,2,1,2,212,Regular Customers
1517,63,8,95332.96,2,1,2,212,Regular Customers
1518,136,8,97932.0,1,1,2,112,At Risk
1519,7,8,83433.53,4,1,2,412,Regular Customers
1520,209,5,54912.28999999999,1,1,1,111,At Risk
1521,34,10,119119.78,3,2,3,323,Regular Customers
1522,15,14,166751.49,4,4,4,444,Champions
1523,133,10,106255.71,1,2,3,123,At Risk
1524,119,10,117038.66,1,2,3,123,At Risk
1525,76,9,100537.43,2,2,2,222,Regular Customers
1526,122,12,141285.86000000002,1,3,4,134,Big Spenders
1527,132,11,94798.94,1,3,2,132,At Risk
1528,152,12,111208.73000000001,1,3,3,133,At Risk
1529,86,12,97969.51,2,3,2,232,Regular Customers
1530,9,8,81968.58,4,1,2,412,Regular Customers
1531,59,9,172385.71,2,2,4,224,Big Spenders
1532,125,7,95221.18,1,1,2,112,At Risk
1533,75,9,120743.47,2,2,3,223,Regular Customers
1534,32,5,46356.369999999995,3,1,1,311,Regular Customers
1535,24,8,99518.04,3,1,2,312,Regular Customers
1536,102,15,161884.59,2,4,4,244,Big Spenders
1537,103,7,96175.58,1,1,2,112,At Risk
1538,214,12,107301.45999999999,1,3,3,133,At Risk
1539,63,12,144784.93,2,3,4,234,Big Spenders
1540,17,8,85328.01,4,1,2,412,Regular Customers
1541,78,9,107709.94,2,2,3,223,Regular Customers
1542,49,12,103086.75,3,3,2,332,Regular Customers
1543,54,7,88389.53,2,1,2,212,Regular Customers
1544,70,5,33327.32,2,1,1,211,Regular Customers
1545,22,12,93345.26999999999,3,3,2,332,Regular Customers
1546,48,8,121323.20000000001,3,1,3,313,Regular Customers
1547,71,12,68895.81,2,3,1,231,Regular Customers
1548,47,9,89198.53,3,2,2,322,Regular Customers
1549,35,10,53949.74,3,2,1,321,Regular Customers
1550,49,16,185963.05,3,4,4,344,Big Spenders
1551,143,12,193232.14,1,3,4,134,Big Spenders
1552,50,16,123442.78,3,4,3,343,Regular Customers
1553,58,11,141307.7,2,3,4,234,Big Spenders
1554,116,14,119506.04,1,4,3,143,At Risk
1555,36,5,53838.57,3,1,1,311,Regular Customers
1556,208,5,54119.369999999995,1,1,1,111,At Risk
1557,58,10,75620.56999999999,2,2,1,221,Regular Customers
1558,113,6,37332.61,1,1,1,111,At Risk
1559,50,11,83975.28,3,3,2,332,Regular Customers
1560,41,13,114262.66,3,4,3,343,Regular Customers
1561,163,9,81923.03,1,2,2,122,At Risk
1562,145,7,68003.19,1,1,1,111,At Risk
1563,163,7,84950.64,1,1,2,112,At Risk
1564,5,4,41561.09,4,1,1,411,Regular Customers
1565,31,13,105138.19,3,4,3,343,Regular Customers
1566,121,10,81340.08,1,2,2,122,At Risk
1567,80,12,153101.66,2,3,4,234,Big Spenders
1568,117,12,135115.66999999998,1,3,3,133,At Risk
1569,43,11,72169.09,3,3,1,331,Regular Customers
1570,27,11,93523.83,3,3,2,332,Regular Customers
1571,38,10,78484.37,3,2,2,322,Regular Customers
1572,147,8,66005.84,1,1,1,111,At Risk
1573,96,12,158089.47,2,3,4,234,Big Spenders
1574,51,11,59443.18,3,3,1,331,Regular Customers
1575,80,9,130411.22,2,2,3,223,Regular Customers
1576,22,11,118129.78,3,3,3,333,Regular Customers
1577,76,8,134713.73,2,1,3,213,Regular Customers
1578,16,10,81156.12,4,2,2,422,Regular Customers
1579,30,12,158425.41,3,3,4,334,Big Spenders
1580,80,12,137380.49,2,3,4,234,Big Spenders
1581,123,6,46501.89,1,1,1,111,At Risk
1582,50,6,35279.369999999995,3,1,1,311,Regular Customers
1583,119,12,128021.26,1,3,3,133,At Risk
1584,88,12,147908.69,2,3,4,234,Big Spenders
1585,13,14,128876.76000000001,4,4,3,443,Loyal Customers
1586,91,7,62471.07,2,1,1,211,Regular Customers
1587,154,11,121483.08,1,3,3,133,At Risk
1588,24,13,86087.21,3,4,2,342,Regular Customers
1589,30,12,123908.94,3,3,3,333,Regular Customers
1590,48,9,127564.06999999999,3,2,3,323,Regular Customers
1591,71,13,128803.98,2,4,3,243,Regular Customers
1592,17,8,73305.79000000001,4,1,1,411,Regular Customers
1593,29,10,94544.26,3,2,2,322,Regular Customers
1594,226,14,213470.66999999998,1,4,4,144,Big Spenders
1595,68,14,235447.37,2,4,4,244,Big Spenders
1596,99,9,115361.0,2,2,3,223,Regular Customers
1597,51,8,78141.62,3,1,2,312,Regular Customers
1598,178,6,44066.119999999995,1,1,1,111,At Risk
1599,4,12,111467.5,4,3,3,433,Loyal Customers
1600,52,10,123716.36,2,2,3,223,Regular Customers
1601,41,13,158964.59,3,4,4,344,Big Spenders
1602,265,5,77278.4,1,1,2,112,At Risk
1603,287,6,51223.77,1,1,1,111,At Risk
1604,138,7,91677.69,1,1,2,112,At Risk
1605,57,8,82098.23,2,1,2,212,Regular Customers
1606,6,16,242274.87,4,4,4,444,Champions
1607,6,5,73069.43,4,1,1,411,Regular Customers
1608,113,9,95732.73999999999,1,2,2,122,At Risk
1609,25,16,131214.4,3,4,3,343,Regular Customers
1610,10,13,115515.0,4,4,3,443,Loyal Customers
1611,14,12,88807.61,4,3,2,432,Loyal Customers
1612,45,6,54913.92,3,1,1,311,Regular Customers
1613,59,10,84424.43000000001,2,2,2,222,Regular Customers
1614,155,10,83166.57,1,2,2,122,At Risk
1615,9,11,113589.08,4,3,3,433,Loyal Customers
1616,49,12,136018.75,3,3,4,334,Big Spenders
1617,173,15,156943.14,1,4,4,144,Big Spenders
1618,25,9,95297.39,3,2,2,322,Regular Customers
1619,216,8,105713.74,1,1,3,113,At Risk
1620,4,12,145366.04,4,3,4,434,Loyal Customers
1621,45,15,147339.02,3,4,4,344,Big Spenders
1622,528,3,11206.31,1,1,1,111,At Risk
1623,130,12,131903.07,1,3,3,133,At Risk
1624,15,11,123781.45,4,3,3,433,Loyal Customers
1625,40,8,95131.55,3,1,2,312,Regular Customers
1626,26,8,82434.24,3,1,2,312,Regular Customers
1627,14,14,122029.76,4,4,3,443,Loyal Customers
1628,156,10,108177.26999999999,1,2,3,123,At Risk
1629,132,9,69531.23999999999,1,2,1,121,At Risk
1630,47,8,72320.73,3,1,1,311,Regular Customers
1631,119,8,100356.29000000001,1,1,2,112,At Risk
1632,19,14,143883.8,4,4,4,444,Champions
1633,13,9,112157.76000000001,4,2,3,423,Regular Customers
1634,23,10,87456.95,3,2,2,322,Regular Customers
1635,12,10,166651.86,4,2,4,424,Big Spenders
1636,91,9,103865.56,2,2,2,222,Regular Customers
1637,15,16,199006.22,4,4,4,444,Champions
1638,1,12,105417.29,4,3,3,433,Loyal Customers
1639,116,11,141196.7,1,3,4,134,Big Spenders
1640,129,11,135334.7,1,3,3,133,At Risk
1641,89,10,90392.58,2,2,2,222,Regular Customers
1642,42,5,65208.62,3,1,1,311,Regular Customers
1643,18,9,72852.99,4,2,1,421,Regular Customers
1644,75,11,109063.2,2,3,3,233,Regular Customers
1645,119,8,70824.36,1,1,1,111,At Risk
1646,181,13,162355.58000000002,1,4,4,144,Big Spenders
1647,21,9,86446.43,4,2,2,422,Regular Customers
1648,138,9,88678.68,1,2,2,122,At Risk
1649,21,7,75430.25,4,1,1,411,Regular Customers
1650,71,7,53900.12,2,1,1,211,Regular Customers
1651,25,7,41740.14,3,1,1,311,Regular Customers
1652,15,13,158295.25,4,4,4,444,Champions
1653,55,15,207994.62,2,4,4,244,Big Spenders
1654,70,8,76921.41,2,1,2,212,Regular Customers
1655,66,11,152892.66,2,3,4,234,Big Spenders
1656,240,9,109018.06,1,2,3,123,At Risk
1657,57,7,88617.67,2,1,2,212,Regular Customers
1658,29,11,133608.01,3,3,3,333,Regular Customers
1659,64,20,233099.89,2,4,4,244,Big Spenders
1660,157,4,72600.79000000001,1,1,1,111,At Risk
1661,22,10,110117.84,3,2,3,323,Regular Customers
1662,45,19,223878.72999999998,3,4,4,344,Big Spenders
1663,65,8,81823.61,2,1,2,212,Regular Customers
1664,234,10,95098.02,1,2,2,122,At Risk
1665,48,18,179802.65,3,4,4,344,Big Spenders
1666,22,19,264893.83,3,4,4,344,Big Spenders
1667,43,5,100119.68,3,1,2,312,Regular Customers
1668,23,13,143757.38999999998,3,4,4,344,Big Spenders
1669,45,6,50278.98,3,1,1,311,Regular Customers
1670,17,12,127594.91,4,3,3,433,Loyal Customers
1671,60,13,192644.52,2,4,4,244,Big Spenders
1672,12,8,105004.34,4,1,3,413,Regular Customers
1673,203,8,64343.26,1,1,1,111,At Risk
1674,24,17,161056.08,3,4,4,344,Big Spenders
1675,45,16,115546.81,3,4,3,343,Regular Customers
1676,179,10,119674.95,1,2,3,123,At Risk
1677,21,6,50628.25,4,1,1,411,Regular Customers
1678,41,12,135264.34,3,3,3,333,Regular Customers
1679,72,11,135046.77,2,3,3,233,Regular Customers
1680,220,11,144599.72,1,3,4,134,Big Spenders
1681,48,10,133131.38999999998,3,2,3,323,Regular Customers
1682,43,13,156345.88999999998,3,4,4,344,Big Spenders
1683,48,10,87665.73,3,2,2,322,Regular Customers
1684,68,6,82840.22,2,1,2,212,Regular Customers
1685,10,9,99458.7,4,2,2,422,Regular Customers
1686,133,12,115499.38,1,3,3,133,At Risk
1687,33,17,198361.88,3,4,4,344,Big Spenders
1688,20,9,87715.14,4,2,2,422,Regular Customers
1689,65,7,65153.350000000006,2,1,1,211,Regular Customers
1690,82,16,190023.09,2,4,4,244,Big Spenders
1691,142,10,148645.71,1,2,4,124,Big Spenders
1692,3,13,140753.38,4,4,4,444,Champions
1693,15,14,165644.82,4,4,4,444,Champions
1694,2,8,94657.97,4,1,2,412,Regular Customers
1695,152,9,109984.45,1,2,3,123,At Risk
1696,6,9,81793.39,4,2,2,422,Regular Customers
1697,25,13,104014.13,3,4,2,342,Regular Customers
1698,40,12,192150.66,3,3,4,334,Big Spenders
1699,154,7,38646.31,1,1,1,111,At Risk
1700,118,7,82763.37999999999,1,1,2,112,At Risk
1701,11,5,46832.25,4,1,1,411,Regular Customers
1702,89,8,120542.98000000001,2,1,3,213,Regular Customers
1703,123,9,96660.05,1,2,2,122,At Risk
1704,6,14,176750.21,4,4,4,444,Champions
1705,92,9,82926.07,2,2,2,222,Regular Customers
1706,125,6,88182.45,1,1,2,112,At Risk
1707,36,11,192023.62,3,3,4,334,Big Spenders
1708,69,9,62610.63,2,2,1,221,Regular Customers
1709,33,6,39502.26,3,1,1,311,Regular Customers
1710,13,12,149605.09,4,3,4,434,Loyal Customers
1711,17,11,103616.29999999999,4,3,2,432,Loyal Customers
1712,4,12,88364.17,4,3,2,432,Loyal Customers
1713,33,12,69738.03,3,3,1,331,Regular Customers
1714,32,11,85843.55,3,3,2,332,Regular Customers
1715,2,19,220595.35,4,4,4,444,Champions
1716,100,10,125764.42,2,2,3,223,Regular Customers
1717,12,11,116046.83,4,3,3,433,Loyal Customers
1718,1,15,203250.55,4,4,4,444,Champions
1719,73,14,182086.19999999998,2,4,4,244,Big Spenders
1720,97,7,71630.11,2,1,1,211,Regular Customers
1721,131,10,90514.78,1,2,2,122,At Risk
1722,30,13,121696.76,3,4,3,343,Regular Customers
1723,72,12,124070.9,2,3,3,233,Regular Customers
1724,22,11,105283.71,3,3,3,333,Regular Customers
1725,76,11,118752.25,2,3,3,233,Regular Customers
1726,28,10,130407.55,3,2,3,323,Regular Customers
1727,26,9,125215.43000000001,3,2,3,323,Regular Customers
1728,74,7,71779.07,2,1,1,211,Regular Customers
1729,55,10,80242.26,2,2,2,222,Regular Customers
1730,20,7,77687.43,4,1,2,412,Regular Customers
1731,189,6,109646.09,1,1,3,113,At Risk
1732,22,13,116891.36,3,4,3,343,Regular Customers
1733,73,8,103116.6,2,1,2,212,Regular Customers
1734,169,4,48100.42,1,1,1,111,At Risk
1735,59,8,97776.64,2,1,2,212,Regular Customers
1736,33,13,123218.20999999999,3,4,3,343,Regular Customers
1737,14,7,89188.23,4,1,2,412,Regular Customers
1738,2,15,141516.71,4,4,4,444,Champions
1739,18,12,140379.83,4,3,4,434,Loyal Customers
1740,8,11,82700.26,4,3,2,432,Loyal Customers
1741,1,13,180730.18,4,4,4,444,Champions
1742,46,14,172999.7,3,4,4,344,Big Spenders
1743,49,11,152177.41999999998,3,3,4,334,Big Spenders
1744,5,15,162441.63,4,4,4,444,Champions
1745,4,10,148605.4,4,2,4,424,Big Spenders
1746,55,14,213984.94,2,4,4,244,Big Spenders
1747,164,13,158992.01,1,4,4,144,Big Spenders
1748,262,4,27523.85,1,1,1,111,At Risk
1749,98,12,100804.47,2,3,2,232,Regular Customers
1750,131,16,197977.66999999998,1,4,4,144,Big Spenders
1751,77,8,104269.06999999999,2,1,2,212,Regular Customers
1752,265,8,67352.37,1,1,1,111,At Risk
1753,227,14,144870.41999999998,1,4,4,144,Big Spenders
1754,100,7,79445.13,2,1,2,212,Regular Customers
1755,31,4,80943.9,3,1,2,312,Regular Customers
1756,20,13,145659.02,4,4,4,444,Champions
1757,318,7,78578.29000000001,1,1,2,112,At Risk
1758,91,13,91738.14,2,4,2,242,Regular Customers
1759,13,11,113500.90000000001,4,3,3,433,Loyal Customers
1760,120,8,124664.64,1,1,3,113,At Risk
1761,86,4,32381.95,2,1,1,211,Regular Customers
1762,4,11,80182.54000000001,4,3,2,432,Loyal Customers
1763,40,11,84286.95999999999,3,3,2,332,Regular Customers
1764,5,6,75500.40000000001,4,1,1,411,Regular Customers
1765,37,14,194213.79,3,4,4,344,Big Spenders
1766,75,9,108346.81999999999,2,2,3,223,Regular Customers
1767,35,9,76702.59,3,2,1,321,Regular Customers
1768,15,11,159085.93,4,3,4,434,Loyal Customers
1769,131,3,32640.55,1,1,1,111,At Risk
1770,74,9,139030.41,2,2,4,224,Big Spenders
1771,7,8,81462.26,4,1,2,412,Regular Customers
1772,9,18,248949.66,4,4,4,444,Champions
1773,62,7,132111.01,2,1,3,213,Regular Customers
1774,159,9,89264.82,1,2,2,122,At Risk
1775,71,10,139494.47,2,2,4,224,Big Spenders
1776,190,8,56627.8,1,1,1,111,At Risk
1777,34,11,101904.78,3,3,2,332,Regular Customers
1778,63,9,76876.67,2,2,2,222,Regular Customers
1779,51,9,151085.49,3,2,4,324,Big Spenders
1780,36,15,205684.4,3,4,4,344,Big Spenders
1781,46,12,150391.9,3,3,4,334,Big Spenders
1782,59,10,72068.13,2,2,1,221,Regular Customers
1783,10,14,183488.9,4,4,4,444,Champions
1784,13,12,129497.23,4,3,3,433,Loyal Customers
1785,74,5,59237.92,2,1,1,211,Regular Customers
1786,30,9,105776.47,3,2,3,323,Regular Customers
1787,26,9,143742.66,3,2,4,324,Big Spenders
1788,93,12,135579.69,2,3,3,233,Regular Customers
1789,11,15,140831.4,4,4,4,444,Champions
1790,25,11,92324.70999999999,3,3,2,332,Regular Customers
1791,75,11,171904.74,2,3,4,234,Big Spenders
1792,22,8,98275.07,3,1,2,312,Regular Customers
1793,6,8,97622.78,4,1,2,412,Regular Customers
1794,29,11,110053.59,3,3,3,333,Regular Customers
1795,20,13,116553.11,4,4,3,443,Loyal Customers
1796,9,14,131370.85,4,4,3,443,Loyal Customers
1797,104,13,129114.32,1,4,3,143,At Risk
1798,7,10,50703.51,4,2,1,421,Regular Customers
1799,195,4,53828.18,1,1,1,111,At Risk
1800,6,6,59252.2,4,1,1,411,Regular Customers
1801,79,11,102531.04,2,3,2,232,Regular Customers
1802,57,10,90333.98,2,2,2,222,Regular Customers
1803,11,12,148871.68,4,3,4,434,Loyal Customers
1804,143,10,149700.97,1,2,4,124,Big Spenders
1805,110,6,55405.02,1,1,1,111,At Risk
1806,24,11,86032.88,3,3,2,332,Regular Customers
1807,29,12,164855.37,3,3,4,334,Big Spenders
1808,88,13,171777.81,2,4,4,244,Big Spenders
1809,3,9,114829.92,4,2,3,423,Regular Customers
1810,137,9,72823.46,1,2,1,121,At Risk
1811,92,6,71076.94,2,1,1,211,Regular Customers
1812,35,7,39020.87,3,1,1,311,Regular Customers
1813,70,10,113226.87,2,2,3,223,Regular Customers
1814,3,8,63202.71,4,1,1,411,Regular Customers
1815,2,9,61570.76,4,2,1,421,Regular Customers
1816,27,13,137170.29,3,4,4,344,Big Spenders
1817,144,10,151817.09,1,2,4,124,Big Spenders
1818,22,4,47628.42,3,1,1,311,Regular Customers
1819,20,9,120571.5,4,2,3,423,Regular Customers
1820,68,12,169860.33000000002,2,3,4,234,Big Spenders
1821,236,8,145679.59,1,1,4,114,Big Spenders
1822,9,8,50196.38,4,1,1,411,Regular Customers
1823,114,14,177770.71,1,4,4,144,Big Spenders
1824,44,9,136545.4,3,2,4,324,Big Spenders
1825,131,7,107485.93,1,1,3,113,At Risk
1826,275,8,71585.83,1,1,1,111,At Risk
1827,21,13,166390.02,4,4,4,444,Champions
1828,152,4,31223.339999999997,1,1,1,111,At Risk
1829,20,8,79896.84,4,1,2,412,Regular Customers
1830,52,15,167048.72,2,4,4,244,Big Spenders
1831,19,8,45623.520000000004,4,1,1,411,Regular Customers
1832,53,10,111859.1,2,2,3,223,Regular Customers
1833,94,10,98254.68,2,2,2,222,Regular Customers
1834,28,6,68837.3,3,1,1,311,Regular Customers
1835,15,11,185620.7,4,3,4,434,Loyal Customers
1836,65,7,40635.93,2,1,1,211,Regular Customers
1837,121,14,148711.4,1,4,4,144,Big Spenders
1838,24,12,109108.78,3,3,3,333,Regular Customers
1839,50,10,80803.82,3,2,2,322,Regular Customers
1840,13,10,133101.65,4,2,3,423,Regular Customers
1841,2,7,84434.42,4,1,2,412,Regular Customers
1842,250,8,113089.26999999999,1,1,3,113,At Risk
1843,35,11,116885.13,3,3,3,333,Regular Customers
1844,357,5,42450.520000000004,1,1,1,111,At Risk
1845,54,8,101698.07,2,1,2,212,Regular Customers
1846,40,14,128907.14,3,4,3,343,Regular Customers
1847,114,6,45028.01,1,1,1,111,At Risk
1848,38,10,136329.74,3,2,4,324,Big Spenders
1849,75,6,22787.29,2,1,1,211,Regular Customers
1850,25,11,74975.04,3,3,1,331,Regular Customers
1851,46,8,161843.82,3,1,4,314,Big Spenders
1852,34,10,136627.16,3,2,4,324,Big Spenders
1853,76,10,172666.85,2,2,4,224,Big Spenders
1854,232,8,105528.08,1,1,3,113,At Risk
1855,278,9,117606.56,1,2,3,123,At Risk
1856,3,11,138098.76,4,3,4,434,Loyal Customers
1857,21,8,78997.08,4,1,2,412,Regular Customers
1858,144,11,126659.03,1,3,3,133,At Risk
1859,40,11,188143.51,3,3,4,334,Big Spenders
1860,221,12,94986.01000000001,1,3,2,132,At Risk
1861,47,10,100034.88,3,2,2,322,Regular Customers
1862,12,10,125664.28,4,2,3,423,Regular Customers
1863,195,14,151318.41999999998,1,4,4,144,Big Spenders
1864,80,7,99206.64,2,1,2,212,Regular Customers
1865,37,13,135055.76,3,4,3,343,Regular Customers
1866,159,10,114305.81,1,2,3,123,At Risk
1867,92,8,75796.08,2,1,1,211,Regular Customers
1868,119,12,123171.96999999999,1,3,3,133,At Risk
1869,189,10,96783.28,1,2,2,122,At Risk
1870,24,7,29616.480000000003,3,1,1,311,Regular Customers
1871,10,20,192077.32,4,4,4,444,Champions
1872,73,13,133403.6,2,4,3,243,Regular Customers
1873,66,8,92006.13,2,1,2,212,Regular Customers
1874,10,10,114622.38,4,2,3,423,Regular Customers
1875,170,13,131384.29,1,4,3,143,At Risk
1876,30,11,133795.71000000002,3,3,3,333,Regular Customers
1877,9,13,82666.39,4,4,2,442,Loyal Customers
1878,48,15,152057.14,3,4,4,344,Big Spenders
1879,31,10,125823.37,3,2,3,323,Regular Customers
1880,66,11,133414.23,2,3,3,233,Regular Customers
1881,25,15,181130.71,3,4,4,344,Big Spenders
1882,108,6,88213.12,1,1,2,112,At Risk
1883,4,13,136288.29,4,4,4,444,Champions
1884,124,9,82824.51,1,2,2,122,At Risk
1885,61,10,72574.91,2,2,1,221,Regular Customers
1886,39,4,59132.22,3,1,1,311,Regular Customers
1887,151,7,81343.29000000001,1,1,2,112,At Risk
1888,182,9,58932.41,1,2,1,121,At Risk
1889,25,9,52303.06,3,2,1,321,Regular Customers
1890,1,9,115386.64,4,2,3,423,Regular Customers
1891,26,11,104761.15,3,3,3,333,Regular Customers
1892,8,11,125009.48,4,3,3,433,Loyal Customers
1893,74,12,104616.07,2,3,3,233,Regular Customers
1894,48,10,111523.57,3,2,3,323,Regular Customers
1895,12,7,67783.59999999999,4,1,1,411,Regular Customers
1896,109,13,98191.09,1,4,2,142,At Risk
1897,7,9,55108.93,4,2,1,421,Regular Customers
1898,18,16,185268.58,4,4,4,444,Champions
1899,64,11,92968.04000000001,2,3,2,232,Regular Customers
1900,6,7,163109.3,4,1,4,414,Big Spenders
1901,209,9,103603.29,1,2,2,122,At Risk
1902,58,12,186663.57,2,3,4,234,Big Spenders
1903,36,10,76863.04000000001,3,2,1,321,Regular Customers
1904,72,8,101427.61,2,1,2,212,Regular Customers
1905,18,18,226208.56,4,4,4,444,Champions
1906,10,8,115366.92,4,1,3,413,Regular Customers
1907,126,7,68630.88,1,1,1,111,At Risk
1908,91,7,64341.68,2,1,1,211,Regular Customers
1909,11,8,103806.2,4,1,2,412,Regular Customers
1910,13,10,172073.5,4,2,4,424,Big Spenders
1911,108,5,43587.159999999996,1,1,1,111,At Risk
1912,36,12,111067.89,3,3,3,333,Regular Customers
1913,128,6,57845.49,1,1,1,111,At Risk
1914,56,5,23028.36,2,1,1,211,Regular Customers
1915,17,6,88451.45,4,1,2,412,Regular Customers
1916,51,12,127295.92,3,3,3,333,Regular Customers
1917,9,11,112969.14,4,3,3,433,Loyal Customers
1918,88,12,133366.26,2,3,3,233,Regular Customers
1919,75,11,104033.41,2,3,2,232,Regular Customers
1920,30,15,119822.43,3,4,3,343,Regular Customers
1921,31,16,138068.59,3,4,4,344,Big Spenders
1922,31,11,116916.22,3,3,3,333,Regular Customers
1923,77,11,106731.66,2,3,3,233,Regular Customers
1924,7,8,96806.11,4,1,2,412,Regular Customers
1925,16,18,163234.41,4,4,4,444,Champions
1926,10,9,130159.24,4,2,3,423,Regular Customers
1927,57,13,169502.56,2,4,4,244,Big Spenders
1928,13,10,138961.58,4,2,4,424,Big Spenders
1929,104,10,132044.53,1,2,3,123,At Risk
1930,55,12,173150.13,2,3,4,234,Big Spenders
1931,32,13,147293.27,3,4,4,344,Big Spenders
1932,57,11,176471.76,2,3,4,234,Big Spenders
1933,3,10,78030.16,4,2,2,422,Regular Customers
1934,64,6,62240.869999999995,2,1,1,211,Regular Customers
1935,29,9,55635.82,3,2,1,321,Regular Customers
1936,13,8,99701.69,4,1,2,412,Regular Customers
1937,86,12,158249.08,2,3,4,234,Big Spenders
1938,84,7,78359.9,2,1,2,212,Regular Customers
1939,45,10,126123.54000000001,3,2,3,323,Regular Customers
1940,38,6,132608.14,3,1,3,313,Regular Customers
1941,234,6,42171.67,1,1,1,111,At Risk
1942,7,14,150357.73,4,4,4,444,Champions
1943,12,10,138140.37,4,2,4,424,Big Spenders
1944,4,11,134304.14,4,3,3,433,Loyal Customers
1945,174,12,116351.68,1,3,3,133,At Risk
1946,22,11,175907.0,3,3,4,334,Big Spenders
1947,66,10,96203.61,2,2,2,222,Regular Customers
1948,187,6,74668.0,1,1,1,111,At Risk
1949,88,16,136873.94,2,4,4,244,Big Spenders
1950,108,9,147663.74,1,2,4,124,Big Spenders
1951,108,6,77586.83,1,1,2,112,At Risk
1952,14,7,90607.22,4,1,2,412,Regular Customers
1953,161,9,77178.34,1,2,2,122,At Risk
1954,3,8,137666.36000000002,4,1,4,414,Big Spenders
1955,138,11,117955.47,1,3,3,133,At Risk
1956,7,18,187254.33,4,4,4,444,Champions
1957,54,9,120793.27,2,2,3,223,Regular Customers
1958,67,9,101298.65,2,2,2,222,Regular Customers
1959,81,9,78069.24,2,2,2,222,Regular Customers
1960,75,6,68522.92,2,1,1,211,Regular Customers
1961,241,7,106824.12,1,1,3,113,At Risk
1962,9,7,84683.84999999999,4,1,2,412,Regular Customers
1963,32,8,85501.91,3,1,2,312,Regular Customers
1964,48,13,161605.71000000002,3,4,4,344,Big Spenders
1965,27,16,213705.88,3,4,4,344,Big Spenders
1966,127,11,86542.77,1,3,2,132,At Risk
1967,36,4,43618.979999999996,3,1,1,311,Regular Customers
1968,51,6,116833.6,3,1,3,313,Regular Customers
1969,163,7,69991.77,1,1,1,111,At Risk
1970,108,14,164546.29,1,4,4,144,Big Spenders
1971,120,12,71447.06999999999,1,3,1,131,At Risk
1972,32,8,84169.99,3,1,2,312,Regular Customers
1973,26,9,121918.82,3,2,3,323,Regular Customers
1974,7,12,148422.17,4,3,4,434,Loyal Customers
1975,5,10,119820.74,4,2,3,423,Regular Customers
1976,222,6,75598.2,1,1,1,111,At Risk
1977,18,11,138349.78,4,3,4,434,Loyal Customers
1978,19,12,124165.59999999999,4,3,3,433,Loyal Customers
1979,80,14,84991.75,2,4,2,242,Regular Customers
1980,27,15,189659.92,3,4,4,344,Big Spenders
1981,4,13,158355.11000000002,4,4,4,444,Champions
1982,38,8,55836.87,3,1,1,311,Regular Customers
1983,82,17,182854.4,2,4,4,244,Big Spenders
1984,134,9,125312.77,1,2,3,123,At Risk
1985,44,6,97880.4,3,1,2,312,Regular Customers
1986,20,13,136914.97,4,4,4,444,Champions
1987,79,10,131336.57,2,2,3,223,Regular Customers
1988,43,13,154847.93,3,4,4,344,Big Spenders
1989,122,10,114078.91,1,2,3,123,At Risk
1990,318,5,31415.0,1,1,1,111,At Risk
1991,84,10,78115.97,2,2,2,222,Regular Customers
1992,12,14,175012.21,4,4,4,444,Champions
1993,110,12,141269.96,1,3,4,134,Big Spenders
1994,56,12,117532.08,2,3,3,233,Regular Customers
1995,39,8,103877.06,3,1,2,312,Regular Customers
1996,323,7,65372.73,1,1,1,111,At Risk
1997,1,7,100365.06,4,1,2,412,Regular Customers
1998,49,12,105490.03,3,3,3,333,Regular Customers
1999,2,5,58773.630000000005,4,1,1,411,Regular Customers
2000,66,10,101551.45,2,2,2,222,Regular Customers
2001,21,9,122836.15,4,2,3,423,Regular Customers
2002,102,13,189671.34,2,4,4,244,Big Spenders
2003,142,9,111717.33,1,2,3,123,At Risk
2004,32,8,57034.380000000005,3,1,1,311,Regular Customers
2005,13,12,141996.74,4,3,4,434,Loyal Customers
2006,90,12,84668.68,2,3,2,232,Regular Customers
2007,66,9,75475.91,2,2,1,221,Regular Customers
2008,172,11,115416.19,1,3,3,133,At Risk
2009,6,7,48558.22,4,1,1,411,Regular Customers
2010,16,10,111106.11,4,2,3,423,Regular Customers
2011,9,12,151681.33,4,3,4,434,Loyal Customers
2012,116,16,182760.08,1,4,4,144,Big Spenders
2013,142,9,131626.25,1,2,3,123,At Risk
2014,89,7,75326.93,2,1,1,211,Regular Customers
2015,9,8,84023.25,4,1,2,412,Regular Customers
2016,60,12,137855.51,2,3,4,234,Big Spenders
2017,142,11,158403.78,1,3,4,134,Big Spenders
2018,72,9,109284.20000000001,2,2,3,223,Regular Customers
2019,87,8,50323.17,2,1,1,211,Regular Customers
2020,29,13,145288.05,3,4,4,344,Big Spenders
2021,36,9,73437.16,3,2,1,321,Regular Customers
2022,49,12,130379.6,3,3,3,333,Regular Customers
2023,26,13,140955.45,3,4,4,344,Big Spenders
2024,20,13,147640.9,4,4,4,444,Champions
2025,120,10,138237.2,1,2,4,124,Big Spenders
2026,20,9,116393.23,4,2,3,423,Regular Customers
2027,109,12,146041.59,1,3,4,134,Big Spenders
2028,30,12,88371.89,3,3,2,332,Regular Customers
2029,298,6,70308.73,1,1,1,111,At Risk
2030,194,9,97902.28,1,2,2,122,At Risk
2031,175,10,112928.76,1,2,3,123,At Risk
2032,16,5,94637.54,4,1,2,412,Regular Customers
2033,355,5,59337.28,1,1,1,111,At Risk
2034,250,7,57357.86,1,1,1,111,At Risk
2035,30,8,61290.229999999996,3,1,1,311,Regular Customers
2036,59,10,146471.2,2,2,4,224,Big Spenders
2037,106,8,76067.3,1,1,1,111,At Risk
2038,8,9,81560.65,4,2,2,422,Regular Customers
2039,99,5,43084.62,2,1,1,211,Regular Customers
2040,6,12,147957.58,4,3,4,434,Loyal Customers
2041,59,11,120482.34,2,3,3,233,Regular Customers
2042,8,9,116607.83,4,2,3,423,Regular Customers
2043,11,9,63080.21,4,2,1,421,Regular Customers
2044,173,9,89886.96,1,2,2,122,At Risk
2045,27,9,61163.6,3,2,1,321,Regular Customers
2046,124,10,107507.64,1,2,3,123,At Risk
2047,11,10,112587.22,4,2,3,423,Regular Customers
2048,44,10,63176.299999999996,3,2,1,321,Regular Customers
2049,43,9,120578.49,3,2,3,323,Regular Customers
2050,5,12,77384.01,4,3,2,432,Loyal Customers
2051,20,9,112137.4,4,2,3,423,Regular Customers
2052,51,10,105070.81,3,2,3,323,Regular Customers
2053,72,8,86210.94,2,1,2,212,Regular Customers
2054,45,7,84895.01999999999,3,1,2,312,Regular Customers
2055,34,16,158253.28,3,4,4,344,Big Spenders
2056,19,10,42367.44,4,2,1,421,Regular Customers
2057,48,12,148652.41,3,3,4,334,Big Spenders
2058,28,10,153279.38,3,2,4,324,Big Spenders
2059,53,7,72702.68,2,1,1,211,Regular Customers
2060,40,11,152708.22,3,3,4,334,Big Spenders
2061,41,12,98718.6,3,3,2,332,Regular Customers
2062,62,7,77458.07,2,1,2,212,Regular Customers
2063,142,7,42173.99,1,1,1,111,At Risk
2064,43,12,189166.36,3,3,4,334,Big Spenders
2065,9,15,189246.67,4,4,4,444,Champions
2066,32,7,138638.22999999998,3,1,4,314,Big Spenders
2067,81,17,191600.6,2,4,4,244,Big Spenders
2068,6,10,105627.1,4,2,3,423,Regular Customers
2069,32,12,87983.78,3,3,2,332,Regular Customers
2070,17,9,63399.3,4,2,1,421,Regular Customers
2071,16,10,88774.6,4,2,2,422,Regular Customers
2072,7,11,125065.93,4,3,3,433,Loyal Customers
2073,78,9,121172.09,2,2,3,223,Regular Customers
2074,28,8,116067.27,3,1,3,313,Regular Customers
2075,100,10,90612.78,2,2,2,222,Regular Customers
2076,34,9,155091.65,3,2,4,324,Big Spenders
2077,138,10,123714.09,1,2,3,123,At Risk
2078,17,8,99262.23,4,1,2,412,Regular Customers
2079,164,11,106866.13,1,3,3,133,At Risk
2080,165,4,39305.31,1,1,1,111,At Risk
2081,227,7,86506.48,1,1,2,112,At Risk
2082,23,11,106191.2,3,3,3,333,Regular Customers
2083,200,11,146499.58,1,3,4,134,Big Spenders
2084,99,11,115776.3,2,3,3,233,Regular Customers
2085,1,8,41848.46,4,1,1,411,Regular Customers
2086,15,6,50564.24,4,1,1,411,Regular Customers
2087,45,10,89018.91,3,2,2,322,Regular Customers
2088,3,14,155352.18,4,4,4,444,Champions
2089,82,11,112211.97,2,3,3,233,Regular Customers
2090,5,8,126355.2,4,1,3,413,Regular Customers
2091,102,6,66012.52,2,1,1,211,Regular Customers
2092,171,6,44204.14,1,1,1,111,At Risk
2093,275,7,108604.78,1,1,3,113,At Risk
2094,223,6,91428.08,1,1,2,112,At Risk
2095,13,7,88910.05,4,1,2,412,Regular Customers
2096,23,9,93995.56,3,2,2,322,Regular Customers
2097,60,6,29342.44,2,1,1,211,Regular Customers
2098,11,14,109898.3,4,4,3,443,Loyal Customers
2099,14,9,119758.68,4,2,3,423,Regular Customers
2100,63,7,93278.89,2,1,2,212,Regular Customers
2101,468,6,47214.14,1,1,1,111,At Risk
2102,218,6,80304.41,1,1,2,112,At Risk
2103,92,12,140888.5,2,3,4,234,Big Spenders
2104,165,5,49948.799999999996,1,1,1,111,At Risk
2105,120,9,65742.57,1,2,1,121,At Risk
2106,70,10,87129.49,2,2,2,222,Regular Customers
2107,218,8,75835.11,1,1,1,111,At Risk
2108,18,7,51936.229999999996,4,1,1,411,Regular Customers
2109,111,8,56282.64,1,1,1,111,At Risk
2110,221,11,163965.41999999998,1,3,4,134,Big Spenders
2111,63,10,92274.48,2,2,2,222,Regular Customers
2112,26,12,213926.58,3,3,4,334,Big Spenders
2113,196,6,64766.4,1,1,1,111,At Risk
2114,131,7,75547.97,1,1,1,111,At Risk
2115,22,12,86455.67,3,3,2,332,Regular Customers
2116,78,9,91974.99,2,2,2,222,Regular Customers
2117,54,9,173979.29,2,2,4,224,Big Spenders
2118,82,13,129052.93,2,4,3,243,Regular Customers
2119,29,10,68531.64,3,2,1,321,Regular Customers
2120,61,8,181701.99,2,1,4,214,Big Spenders
2121,10,13,129486.08,4,4,3,443,Loyal Customers
2122,41,10,76071.29,3,2,1,321,Regular Customers
2123,146,9,97724.62,1,2,2,122,At Risk
2124,103,9,81885.01000000001,1,2,2,122,At Risk
2125,62,12,131500.29,2,3,3,233,Regular Customers
2126,46,17,216119.05,3,4,4,344,Big Spenders
2127,137,9,133934.33,1,2,3,123,At Risk
2128,4,12,154987.29,4,3,4,434,Loyal Customers
2129,16,8,88805.81,4,1,2,412,Regular Customers
2130,224,11,119724.7,1,3,3,133,At Risk
2131,10,10,88336.62,4,2,2,422,Regular Customers
2132,79,6,97714.42,2,1,2,212,Regular Customers
2133,35,10,99449.23,3,2,2,322,Regular Customers
2134,175,5,45928.29,1,1,1,111,At Risk
2135,288,9,105802.6,1,2,3,123,At Risk
2136,31,11,153233.44,3,3,4,334,Big Spenders
2137,23,14,153583.98,3,4,4,344,Big Spenders
2138,57,16,153561.76,2,4,4,244,Big Spenders
2139,50,10,88752.08,3,2,2,322,Regular Customers
2140,152,10,130175.91,1,2,3,123,At Risk
2141,49,9,53129.5,3,2,1,321,Regular Customers
2142,58,10,90366.85,2,2,2,222,Regular Customers
2143,61,5,60333.69,2,1,1,211,Regular Customers
2144,21,11,109868.15999999999,4,3,3,433,Loyal Customers
2145,25,9,114240.04,3,2,3,323,Regular Customers
2146,78,7,86123.6,2,1,2,212,Regular Customers
2147,66,12,146191.5,2,3,4,234,Big Spenders
2148,9,12,176074.75,4,3,4,434,Loyal Customers
2149,14,10,134175.58,4,2,3,423,Regular Customers
2150,137,9,103562.81,1,2,2,122,At Risk
2151,21,9,33551.39,4,2,1,421,Regular Customers
2152,29,6,34541.58,3,1,1,311,Regular Customers
2153,33,7,94991.89,3,1,2,312,Regular Customers
2154,110,11,151518.51,1,3,4,134,Big Spenders
2155,115,10,168666.71,1,2,4,124,Big Spenders
2156,94,11,129627.73,2,3,3,233,Regular Customers
2157,175,17,167138.85,1,4,4,144,Big Spenders
2158,207,6,54508.299999999996,1,1,1,111,At Risk
2159,64,12,134787.15,2,3,3,233,Regular Customers
2160,137,13,176699.75,1,4,4,144,Big Spenders
2161,76,7,100873.01,2,1,2,212,Regular Customers
2162,191,6,77642.07,1,1,2,112,At Risk
2163,38,2,21759.100000000002,3,1,1,311,Regular Customers
2164,88,7,96832.93000000001,2,1,2,212,Regular Customers
2165,33,7,86610.02,3,1,2,312,Regular Customers
2166,8,14,140994.79,4,4,4,444,Champions
2167,204,7,108609.58,1,1,3,113,At Risk
2168,4,16,96486.59999999999,4,4,2,442,Loyal Customers
2169,148,9,117484.52,1,2,3,123,At Risk
2170,42,9,139921.66,3,2,4,324,Big Spenders
2171,17,10,79459.17,4,2,2,422,Regular Customers
2172,13,15,134839.82,4,4,3,443,Loyal Customers
2173,76,10,127386.95999999999,2,2,3,223,Regular Customers
2174,185,10,58606.54,1,2,1,121,At Risk
2175,31,10,114777.37999999999,3,2,3,323,Regular Customers
2176,63,12,199659.27,2,3,4,234,Big Spenders
2177,68,9,119846.96,2,2,3,223,Regular Customers
2178,47,7,55400.6,3,1,1,311,Regular Customers
2179,4,11,127880.61,4,3,3,433,Loyal Customers
2180,37,10,135214.51,3,2,3,323,Regular Customers
2181,83,6,32051.74,2,1,1,211,Regular Customers
2182,9,9,120823.65000000001,4,2,3,423,Regular Customers
2183,190,7,63924.17,1,1,1,111,At Risk
2184,52,8,63468.119999999995,2,1,1,211,Regular Customers
2185,143,4,51786.22,1,1,1,111,At Risk
2186,22,12,101510.2,3,3,2,332,Regular Customers
2187,41,10,93356.47,3,2,2,322,Regular Customers
2188,53,12,95795.7,2,3,2,232,Regular Customers
2189,71,14,150721.95,2,4,4,244,Big Spenders
2190,103,18,238489.91999999998,1,4,4,144,Big Spenders
2191,176,8,90997.03,1,1,2,112,At Risk
2192,137,15,180487.71,1,4,4,144,Big Spenders
2193,14,18,219359.53,4,4,4,444,Champions
2194,141,5,51313.810000000005,1,1,1,111,At Risk
2195,81,9,110045.25,2,2,3,223,Regular Customers
2196,163,6,62313.0,1,1,1,111,At Risk
2197,43,12,116368.4,3,3,3,333,Regular Customers
2198,1,16,204867.06,4,4,4,444,Champions
2199,17,8,68627.97,4,1,1,411,Regular Customers
2200,112,12,165293.1,1,3,4,134,Big Spenders
2201,35,10,139571.31,3,2,4,324,Big Spenders
2202,72,7,119442.69,2,1,3,213,Regular Customers
2203,127,9,107078.41,1,2,3,123,At Risk
2204,11,13,164663.36,4,4,4,444,Champions
2205,19,11,128986.16,4,3,3,433,Loyal Customers
2206,12,7,54957.08,4,1,1,411,Regular Customers
2207,100,12,131551.13,2,3,3,233,Regular Customers
2208,45,13,173594.22,3,4,4,344,Big Spenders
2209,74,9,113212.53,2,2,3,223,Regular Customers
2210,53,14,149775.36,2,4,4,244,Big Spenders
2211,73,13,132052.8,2,4,3,243,Regular Customers
2212,90,13,111729.73999999999,2,4,3,243,Regular Customers
2213,22,17,213788.33,3,4,4,344,Big Spenders
2214,92,13,110632.8,2,4,3,243,Regular Customers
2215,36,12,210049.14,3,3,4,334,Big Spenders
2216,3,15,192953.4,4,4,4,444,Champions
2217,43,10,130033.01,3,2,3,323,Regular Customers
2218,83,5,49182.94,2,1,1,211,Regular Customers
2219,2,11,125878.46,4,3,3,433,Loyal Customers
2220,55,12,165112.36000000002,2,3,4,234,Big Spenders
2221,3,10,96559.18,4,2,2,422,Regular Customers
2222,115,7,51650.11,1,1,1,111,At Risk
2223,22,10,98025.36,3,2,2,322,Regular Customers
2224,18,10,122634.81999999999,4,2,3,423,Regular Customers
2225,188,10,120182.25,1,2,3,123,At Risk
2226,225,3,38388.28,1,1,1,111,At Risk
2227,61,8,102203.73999999999,2,1,2,212,Regular Customers
2228,41,10,162266.24,3,2,4,324,Big Spenders
2229,48,8,84733.2,3,1,2,312,Regular Customers
2230,76,12,82255.01,2,3,2,232,Regular Customers
2231,237,7,88604.64,1,1,2,112,At Risk
2232,101,13,142868.96,2,4,4,244,Big Spenders
2233,211,5,60983.19,1,1,1,111,At Risk
2234,45,9,85212.18,3,2,2,322,Regular Customers
2235,43,6,70903.31,3,1,1,311,Regular Customers
2236,26,7,81153.05,3,1,2,312,Regular Customers
2237,101,10,80327.45,2,2,2,222,Regular Customers
2238,204,12,151975.28,1,3,4,134,Big Spenders
2239,97,11,131129.8,2,3,3,233,Regular Customers
2240,13,14,147097.37,4,4,4,444,Champions
2241,20,13,190623.07,4,4,4,444,Champions
2242,71,10,129832.84,2,2,3,223,Regular Customers
2243,71,7,75956.32,2,1,1,211,Regular Customers
2244,55,8,48152.07,2,1,1,211,Regular Customers
2245,79,10,101515.56,2,2,2,222,Regular Customers
2246,256,6,65533.93,1,1,1,111,At Risk
2247,26,11,128318.76,3,3,3,333,Regular Customers
2248,174,7,84005.28,1,1,2,112,At Risk
2249,40,6,32786.369999999995,3,1,1,311,Regular Customers
2250,351,3,24541.48,1,1,1,111,At Risk
2251,2,8,34619.38,4,1,1,411,Regular Customers
2252,36,11,70261.6,3,3,1,331,Regular Customers
2253,38,10,77997.2,3,2,2,322,Regular Customers
2254,148,9,102424.91,1,2,2,122,At Risk
2255,204,5,33917.520000000004,1,1,1,111,At Risk
2256,31,11,103875.97,3,3,2,332,Regular Customers
2257,49,6,85806.01999999999,3,1,2,312,Regular Customers
2258,89,9,150769.99,2,2,4,224,Big Spenders
2259,94,11,89679.31,2,3,2,232,Regular Customers
2260,401,4,7946.79,1,1,1,111,At Risk
2261,36,15,132588.38,3,4,3,343,Regular Customers
2262,114,11,91729.26000000001,1,3,2,132,At Risk
2263,78,13,181313.07,2,4,4,244,Big Spenders
2264,9,18,273282.0,4,4,4,444,Champions
2265,20,10,93966.02,4,2,2,422,Regular Customers
2266,100,10,82568.74,2,2,2,222,Regular Customers
2267,70,14,217034.82,2,4,4,244,Big Spenders
2268,20,12,161652.27,4,3,4,434,Loyal Customers
2269,100,11,159720.19,2,3,4,234,Big Spenders
2270,8,7,82550.05,4,1,2,412,Regular Customers
2271,94,9,68373.77,2,2,1,221,Regular Customers
2272,210,5,59337.17,1,1,1,111,At Risk
2273,7,14,148303.28,4,4,4,444,Champions
2274,131,7,96596.04000000001,1,1,2,112,At Risk
2275,8,11,143430.98,4,3,4,434,Loyal Customers
2276,114,12,142904.6,1,3,4,134,Big Spenders
2277,13,11,154581.59,4,3,4,434,Loyal Customers
2278,83,8,74091.34,2,1,1,211,Regular Customers
2279,4,15,208374.96,4,4,4,444,Champions
2280,42,11,156507.28,3,3,4,334,Big Spenders
2281,156,9,111143.26,1,2,3,123,At Risk
2282,36,14,101953.17,3,4,2,342,Regular Customers
2283,171,8,61980.5,1,1,1,111,At Risk
2284,63,9,90996.56,2,2,2,222,Regular Customers
2285,7,9,110415.48,4,2,3,423,Regular Customers
2286,26,14,151844.96,3,4,4,344,Big Spenders
2287,82,13,184409.44,2,4,4,244,Big Spenders
2288,11,14,168824.43,4,4,4,444,Champions
2289,61,16,157039.04,2,4,4,244,Big Spenders
2290,8,10,111768.11,4,2,3,423,Regular Customers
2291,251,5,89747.27,1,1,2,112,At Risk
2292,58,14,185553.18,2,4,4,244,Big Spenders
2293,40,15,137899.84,3,4,4,344,Big Spenders
2294,84,7,86786.51,2,1,2,212,Regular Customers
2295,5,12,67985.0,4,3,1,431,Loyal Customers
2296,33,12,120285.6,3,3,3,333,Regular Customers
2297,115,10,107831.61,1,2,3,123,At Risk
2298,4,11,116709.75,4,3,3,433,Loyal Customers
2299,75,10,137182.26,2,2,4,224,Big Spenders
2300,29,10,201879.55,3,2,4,324,Big Spenders
2301,25,11,118146.99,3,3,3,333,Regular Customers
2302,199,6,58497.2,1,1,1,111,At Risk
2303,233,8,104198.78,1,1,2,112,At Risk
2304,66,10,92529.7,2,2,2,222,Regular Customers
2305,209,7,85912.73000000001,1,1,2,112,At Risk
2306,153,11,118996.11,1,3,3,133,At Risk
2307,40,13,174617.11,3,4,4,344,Big Spenders
2308,13,14,103260.83,4,4,2,442,Loyal Customers
2309,151,9,114651.01000000001,1,2,3,123,At Risk
2310,67,8,85868.18000000001,2,1,2,212,Regular Customers
2311,1,8,66766.20999999999,4,1,1,411,Regular Customers
2312,38,11,128166.08,3,3,3,333,Regular Customers
2313,33,17,213321.16,3,4,4,344,Big Spenders
2314,2,9,97961.4,4,2,2,422,Regular Customers
2315,258,8,74279.79,1,1,1,111,At Risk
2316,2,13,153393.85,4,4,4,444,Champions
2317,149,7,46093.11,1,1,1,111,At Risk
2318,15,12,127554.77,4,3,3,433,Loyal Customers
2319,123,7,95457.47,1,1,2,112,At Risk
2320,177,11,77701.78,1,3,2,132,At Risk
2321,10,16,145052.48,4,4,4,444,Champions
2322,52,17,135678.42,2,4,3,243,Regular Customers
2323,29,20,252575.69,3,4,4,344,Big Spenders
2324,27,11,151485.73,3,3,4,334,Big Spenders
2325,1,16,192894.85,4,4,4,444,Champions
2326,35,16,160118.68,3,4,4,344,Big Spenders
2327,26,11,102374.65,3,3,2,332,Regular Customers
2328,110,12,72715.65,1,3,1,131,At Risk
2329,113,12,115244.47,1,3,3,133,At Risk
2330,26,12,147600.88,3,3,4,334,Big Spenders
2331,192,10,86947.95999999999,1,2,2,122,At Risk
2332,156,6,89829.47,1,1,2,112,At Risk
2333,149,7,60770.07,1,1,1,111,At Risk
2334,162,8,77485.74,1,1,2,112,At Risk
2335,4,11,78698.75,4,3,2,432,Loyal Customers
2336,10,10,95821.7,4,2,2,422,Regular Customers
2337,236,5,50409.53,1,1,1,111,At Risk
2338,15,10,125199.16,4,2,3,423,Regular Customers
2339,53,12,130056.22,2,3,3,233,Regular Customers
2340,38,13,154429.3,3,4,4,344,Big Spenders
2341,82,7,122976.16,2,1,3,213,Regular Customers
2342,9,15,218682.29,4,4,4,444,Champions
2343,89,11,87762.54,2,3,2,232,Regular Customers
2344,7,7,69784.23,4,1,1,411,Regular Customers
2345,96,9,118718.0,2,2,3,223,Regular Customers
2346,1,13,107905.08,4,4,3,443,Loyal Customers
2347,3,11,177259.41,4,3,4,434,Loyal Customers
2348,53,5,117462.95999999999,2,1,3,213,Regular Customers
2349,7,14,117652.85,4,4,3,443,Loyal Customers
2350,101,5,42578.98,2,1,1,211,Regular Customers
2351,60,10,98753.76999999999,2,2,2,222,Regular Customers
2352,22,8,114355.86,3,1,3,313,Regular Customers
2353,109,13,145236.7,1,4,4,144,Big Spenders
2354,79,6,75620.79,2,1,1,211,Regular Customers
2355,108,15,143962.91,1,4,4,144,Big Spenders
2356,25,4,35646.090000000004,3,1,1,311,Regular Customers
2357,36,10,109903.17,3,2,3,323,Regular Customers
2358,3,7,116591.98999999999,4,1,3,413,Regular Customers
2359,23,10,102073.65,3,2,2,322,Regular Customers
2360,208,3,39553.770000000004,1,1,1,111,At Risk
2361,174,5,43395.89,1,1,1,111,At Risk
2362,72,10,69501.92,2,2,1,221,Regular Customers
2363,4,11,98986.42,4,3,2,432,Loyal Customers
2364,21,9,22317.489999999998,4,2,1,421,Regular Customers
2365,83,5,72395.13,2,1,1,211,Regular Customers
2366,24,11,102621.76,3,3,2,332,Regular Customers
2367,65,14,201817.22,2,4,4,244,Big Spenders
2368,4,12,154253.16,4,3,4,434,Loyal Customers
2369,22,7,68847.93,3,1,1,311,Regular Customers
2370,16,7,71959.03,4,1,1,411,Regular Customers
2371,65,11,88633.05,2,3,2,232,Regular Customers
2372,107,6,49496.73,1,1,1,111,At Risk
2373,58,8,74990.28,2,1,1,211,Regular Customers
2374,75,9,87341.18000000001,2,2,2,222,Regular Customers
2375,19,11,144991.2,4,3,4,434,Loyal Customers
2376,112,6,60983.28,1,1,1,111,At Risk
2377,63,11,119487.74,2,3,3,233,Regular Customers
2378,84,15,177881.09,2,4,4,244,Big Spenders
2379,123,7,97021.43,1,1,2,112,At Risk
2380,61,9,80073.78,2,2,2,222,Regular Customers
2381,222,11,94335.57,1,3,2,132,At Risk
2382,26,14,153365.87,3,4,4,344,Big Spenders
2383,78,4,32816.35,2,1,1,211,Regular Customers
2384,1,13,139819.55,4,4,4,444,Champions
2385,195,10,132046.69,1,2,3,123,At Risk
2386,23,12,109494.76,3,3,3,333,Regular Customers
2387,97,11,146240.16999999998,2,3,4,234,Big Spenders
2388,18,12,149501.93,4,3,4,434,Loyal Customers
2389,102,10,77836.54000000001,2,2,2,222,Regular Customers
2390,115,11,76607.28,1,3,1,131,At Risk
2391,131,10,124829.73000000001,1,2,3,123,At Risk
2392,11,13,156067.18,4,4,4,444,Champions
2393,16,13,148263.64,4,4,4,444,Champions
2394,61,11,132534.44,2,3,3,233,Regular Customers
2395,26,12,140140.97,3,3,4,334,Big Spenders
2396,2,14,189281.48,4,4,4,444,Champions
2397,10,9,111450.26000000001,4,2,3,423,Regular Customers
2398,105,7,63902.95,1,1,1,111,At Risk
2399,118,6,59391.94,1,1,1,111,At Risk
2400,58,13,147532.71,2,4,4,244,Big Spenders
2401,256,8,37458.369999999995,1,1,1,111,At Risk
2402,15,11,94177.99,4,3,2,432,Loyal Customers
2403,8,12,167545.34,4,3,4,434,Loyal Customers
2404,54,8,52580.44,2,1,1,211,Regular Customers
2405,41,13,142854.74,3,4,4,344,Big Spenders
2406,21,10,86637.41,4,2,2,422,Regular Customers
2407,13,10,182356.89,4,2,4,424,Big Spenders
2408,298,6,58065.979999999996,1,1,1,111,At Risk
2409,11,13,106446.06,4,4,3,443,Loyal Customers
2410,30,10,114913.09,3,2,3,323,Regular Customers
2411,22,11,85950.04000000001,3,3,2,332,Regular Customers
2412,113,10,121237.12,1,2,3,123,At Risk
2413,3,15,154382.07,4,4,4,444,Champions
2414,170,11,134474.19,1,3,3,133,At Risk
2415,24,14,130477.52,3,4,3,343,Regular Customers
2416,234,8,48047.33,1,1,1,111,At Risk
2417,54,10,132267.06,2,2,3,223,Regular Customers
2418,71,13,131915.49,2,4,3,243,Regular Customers
2419,252,5,66128.70999999999,1,1,1,111,At Risk
2420,26,6,53160.85,3,1,1,311,Regular Customers
2421,10,8,86341.5,4,1,2,412,Regular Customers
2422,5,14,106865.76,4,4,3,443,Loyal Customers
2423,160,10,74040.62,1,2,1,121,At Risk
2424,120,8,80759.20999999999,1,1,2,112,At Risk
2425,308,7,87572.63,1,1,2,112,At Risk
2426,113,7,85980.69,1,1,2,112,At Risk
2427,84,10,60280.89,2,2,1,221,Regular Customers
2428,2,11,189405.13999999998,4,3,4,434,Loyal Customers
2429,16,11,107320.76000000001,4,3,3,433,Loyal Customers
2430,23,10,67381.41,3,2,1,321,Regular Customers
2431,26,7,46671.78,3,1,1,311,Regular Customers
2432,49,13,108264.73,3,4,3,343,Regular Customers
2433,402,4,17994.739999999998,1,1,1,111,At Risk
2434,2,11,166488.15,4,3,4,434,Loyal Customers
2435,125,7,64883.149999999994,1,1,1,111,At Risk
2436,179,9,143380.57,1,2,4,124,Big Spenders
2437,44,9,98597.63,3,2,2,322,Regular Customers
2438,20,5,37996.270000000004,4,1,1,411,Regular Customers
2439,38,7,121461.82,3,1,3,313,Regular Customers
2440,15,4,47813.07,4,1,1,411,Regular Customers
2441,90,16,136577.75,2,4,4,244,Big Spenders
2442,26,14,167039.80000000002,3,4,4,344,Big Spenders
2443,6,5,43363.93,4,1,1,411,Regular Customers
2444,2,10,151644.16999999998,4,2,4,424,Big Spenders
2445,14,18,192087.85,4,4,4,444,Champions
2446,32,7,77530.08,3,1,2,312,Regular Customers
2447,2,14,122565.84,4,4,3,443,Loyal Customers
2448,123,11,129728.53,1,3,3,133,At Risk
2449,46,10,80592.44,3,2,2,322,Regular Customers
2450,126,9,77084.96,1,2,2,122,At Risk
2451,4,4,33721.55,4,1,1,411,Regular Customers
2452,58,5,55532.89,2,1,1,211,Regular Customers
2453,121,11,138875.69999999998,1,3,4,134,Big Spenders
2454,124,8,81499.87,1,1,2,112,At Risk
2455,161,7,76701.04000000001,1,1,1,111,At Risk
2456,6,12,132528.84,4,3,3,433,Loyal Customers
2457,49,9,98770.51999999999,3,2,2,322,Regular Customers
2458,68,9,119077.74,2,2,3,223,Regular Customers
2459,41,15,121489.7,3,4,3,343,Regular Customers
2460,242,5,41041.770000000004,1,1,1,111,At Risk
2461,81,13,179919.41999999998,2,4,4,244,Big Spenders
2462,98,5,81230.27,2,1,2,212,Regular Customers
2463,116,10,112093.75,1,2,3,123,At Risk
2464,99,9,104681.5,2,2,3,223,Regular Customers
2465,68,12,136038.19,2,3,4,234,Big Spenders
2466,53,13,142155.76,2,4,4,244,Big Spenders
2467,15,11,159455.25,4,3,4,434,Loyal Customers
2468,71,5,85081.51999999999,2,1,2,212,Regular Customers
2469,98,13,145042.36,2,4,4,244,Big Spenders
2470,21,12,154908.17,4,3,4,434,Loyal Customers
2471,43,8,74424.0,3,1,1,311,Regular Customers
2472,4,15,132853.44,4,4,3,443,Loyal Customers
2473,117,9,99100.5,1,2,2,122,At Risk
2474,96,9,89882.76,2,2,2,222,Regular Customers
2475,24,8,107896.94,3,1,3,313,Regular Customers
2476,241,2,11058.130000000001,1,1,1,111,At Risk
2477,5,9,118894.27,4,2,3,423,Regular Customers
2478,112,7,89908.68,1,1,2,112,At Risk
2479,134,8,65074.56,1,1,1,111,At Risk
2480,17,9,127197.55,4,2,3,423,Regular Customers
2481,89,12,125477.75,2,3,3,233,Regular Customers
2482,29,13,173891.38,3,4,4,344,Big Spenders
2483,48,10,122339.39,3,2,3,323,Regular Customers
2484,39,10,70445.28,3,2,1,321,Regular Customers
2485,130,10,134679.99,1,2,3,123,At Risk
2486,113,11,128246.66,1,3,3,133,At Risk
2487,2,11,114295.06,4,3,3,433,Loyal Customers
2488,2,7,100326.56999999999,4,1,2,412,Regular Customers
2489,65,7,124932.39,2,1,3,213,Regular Customers
2490,56,12,80581.45,2,3,2,232,Regular Customers
2491,1,6,65981.82,4,1,1,411,Regular Customers
2492,7,6,68696.47,4,1,1,411,Regular Customers
2493,51,6,49939.450000000004,3,1,1,311,Regular Customers
2494,150,13,110069.38,1,4,3,143,At Risk
2495,64,18,153588.03,2,4,4,244,Big Spenders
2496,162,7,63250.54,1,1,1,111,At Risk
2497,26,12,109155.12000000001,3,3,3,333,Regular Customers
2498,94,8,96655.64,2,1,2,212,Regular Customers
2499,58,5,37079.92,2,1,1,211,Regular Customers
2500,141,7,66611.39,1,1,1,111,At Risk
2501,268,7,42383.07,1,1,1,111,At Risk
2502,22,4,33971.43,3,1,1,311,Regular Customers
2503,52,10,147280.86,2,2,4,224,Big Spenders
2504,10,9,104895.63,4,2,3,423,Regular Customers
2505,118,9,98100.54999999999,1,2,2,122,At Risk
2506,246,11,96027.39,1,3,2,132,At Risk
2507,72,8,53504.36,2,1,1,211,Regular Customers
2508,267,6,67797.4,1,1,1,111,At Risk
2509,12,8,81395.54,4,1,2,412,Regular Customers
2510,8,10,114784.14,4,2,3,423,Regular Customers
2511,228,4,41278.09,1,1,1,111,At Risk
2512,129,9,77461.44,1,2,2,122,At Risk
2513,2,12,114427.89,4,3,3,433,Loyal Customers
2514,128,10,106496.95,1,2,3,123,At Risk
2515,202,6,43710.689999999995,1,1,1,111,At Risk
2516,6,12,166169.28,4,3,4,434,Loyal Customers
2517,78,7,61782.51,2,1,1,211,Regular Customers
2518,134,9,98405.34,1,2,2,122,At Risk
2519,40,8,41943.33,3,1,1,311,Regular Customers
2520,62,7,82111.81999999999,2,1,2,212,Regular Customers
2521,58,10,107872.68000000001,2,2,3,223,Regular Customers
2522,83,9,77985.55,2,2,2,222,Regular Customers
2523,129,6,57080.86,1,1,1,111,At Risk
2524,10,13,165576.36,4,4,4,444,Champions
2525,69,8,120582.81,2,1,3,213,Regular Customers
2526,134,9,138162.13,1,2,4,124,Big Spenders
2527,1,10,170180.5,4,2,4,424,Big Spenders
2528,191,6,61061.39,1,1,1,111,At Risk
2529,62,7,66383.69,2,1,1,211,Regular Customers
2530,57,8,82854.38,2,1,2,212,Regular Customers
2531,63,10,97763.48,2,2,2,222,Regular Customers
2532,103,10,116225.19,1,2,3,123,At Risk
2533,107,13,128849.14,1,4,3,143,At Risk
2534,168,12,161141.62,1,3,4,134,Big Spenders
2535,142,11,129778.91,1,3,3,133,At Risk
2536,24,9,59141.659999999996,3,2,1,321,Regular Customers
2537,72,8,112114.23,2,1,3,213,Regular Customers
2538,25,8,96529.94,3,1,2,312,Regular Customers
2539,48,5,98827.81,3,1,2,312,Regular Customers
2540,28,8,121633.05,3,1,3,313,Regular Customers
2541,118,11,167225.94999999998,1,3,4,134,Big Spenders
2542,60,7,83123.92,2,1,2,212,Regular Customers
2543,17,8,111703.45999999999,4,1,3,413,Regular Customers
2544,34,12,115369.71,3,3,3,333,Regular Customers
2545,19,16,181195.67,4,4,4,444,Champions
2546,10,7,84452.16,4,1,2,412,Regular Customers
2547,104,7,44188.45,1,1,1,111,At Risk
2548,2,8,82260.45,4,1,2,412,Regular Customers
2549,82,12,133629.17,2,3,3,233,Regular Customers
2550,185,9,106394.9,1,2,3,123,At Risk
2551,17,16,199580.19,4,4,4,444,Champions
2552,80,8,87935.72,2,1,2,212,Regular Customers
2553,48,9,53570.020000000004,3,2,1,321,Regular Customers
2554,214,9,94158.54000000001,1,2,2,122,At Risk
2555,77,9,135504.28,2,2,3,223,Regular Customers
2556,89,7,34291.04,2,1,1,211,Regular Customers
2557,12,14,155004.21,4,4,4,444,Champions
2558,149,7,64288.03,1,1,1,111,At Risk
2559,150,9,101595.54000000001,1,2,2,122,At Risk
2560,66,10,86356.4,2,2,2,222,Regular Customers
2561,3,13,112660.20999999999,4,4,3,443,Loyal Customers
2562,14,7,69752.31999999999,4,1,1,411,Regular Customers
2563,59,7,53070.979999999996,2,1,1,211,Regular Customers
2564,202,7,70745.65,1,1,1,111,At Risk
2565,99,8,71378.68,2,1,1,211,Regular Customers
2566,11,11,117498.23999999999,4,3,3,433,Loyal Customers
2567,77,11,130365.94,2,3,3,233,Regular Customers
2568,51,13,169679.18,3,4,4,344,Big Spenders
2569,3,16,214256.68,4,4,4,444,Champions
2570,3,8,108002.38,4,1,3,413,Regular Customers
2571,26,18,222897.11,3,4,4,344,Big Spenders
2572,37,9,133427.66,3,2,3,323,Regular Customers
2573,234,9,58219.270000000004,1,2,1,121,At Risk
2574,101,8,97893.23000000001,2,1,2,212,Regular Customers
2575,43,7,67876.55,3,1,1,311,Regular Customers
2576,71,7,59375.899999999994,2,1,1,211,Regular Customers
2577,8,7,43774.38,4,1,1,411,Regular Customers
2578,11,11,114362.11,4,3,3,433,Loyal Customers
2579,13,9,53666.09,4,2,1,421,Regular Customers
2580,52,3,44237.36,2,1,1,211,Regular Customers
2581,66,5,38098.04,2,1,1,211,Regular Customers
2582,48,6,56132.76,3,1,1,311,Regular Customers
2583,84,12,115762.4,2,3,3,233,Regular Customers
2584,16,9,120682.70000000001,4,2,3,423,Regular Customers
2585,62,4,21675.57,2,1,1,211,Regular Customers
2586,8,8,136462.27,4,1,4,414,Big Spenders
2587,58,7,80313.39,2,1,2,212,Regular Customers
2588,8,15,172918.66999999998,4,4,4,444,Champions
2589,62,8,97941.70999999999,2,1,2,212,Regular Customers
2590,113,11,100107.88,1,3,2,132,At Risk
2591,421,7,101674.74,1,1,2,112,At Risk
2592,41,6,91386.38,3,1,2,312,Regular Customers
2593,8,10,109287.84999999999,4,2,3,423,Regular Customers
2594,21,10,166100.91,4,2,4,424,Big Spenders
2595,9,15,213028.26,4,4,4,444,Champions
2596,199,7,52385.89,1,1,1,111,At Risk
2597,112,9,70584.73,1,2,1,121,At Risk
2598,69,8,58616.66,2,1,1,211,Regular Customers
2599,92,9,140694.53,2,2,4,224,Big Spenders
2600,35,11,157446.21,3,3,4,334,Big Spenders
2601,172,6,72738.34,1,1,1,111,At Risk
2602,95,8,52110.58,2,1,1,211,Regular Customers
2603,80,5,53020.02,2,1,1,211,Regular Customers
2604,101,6,106899.01,2,1,3,213,Regular Customers
2605,21,9,150407.91,4,2,4,424,Big Spenders
2606,43,7,84510.78,3,1,2,312,Regular Customers
2607,30,8,92610.42,3,1,2,312,Regular Customers
2608,36,6,73983.34,3,1,1,311,Regular Customers
2609,10,18,155554.39,4,4,4,444,Champions
2610,55,11,136215.54,2,3,4,234,Big Spenders
2611,108,11,117549.3,1,3,3,133,At Risk
2612,69,9,108734.73000000001,2,2,3,223,Regular Customers
2613,166,10,107391.56999999999,1,2,3,123,At Risk
2614,49,10,83345.59,3,2,2,322,Regular Customers
2615,161,7,72694.56999999999,1,1,1,111,At Risk
2616,34,12,132965.78,3,3,3,333,Regular Customers
2617,64,9,108787.38,2,2,3,223,Regular Customers
2618,62,8,68546.34,2,1,1,211,Regular Customers
2619,51,7,50778.55,3,1,1,311,Regular Customers
2620,135,13,205093.37,1,4,4,144,Big Spenders
2621,158,15,176707.16,1,4,4,144,Big Spenders
2622,193,12,155486.63,1,3,4,134,Big Spenders
2623,11,13,126744.36,4,4,3,443,Loyal Customers
2624,171,6,116047.07999999999,1,1,3,113,At Risk
2625,5,11,109641.59,4,3,3,433,Loyal Customers
2626,20,8,40925.1,4,1,1,411,Regular Customers
2627,6,13,127808.49,4,4,3,443,Loyal Customers
2628,188,1,10395.15,1,1,1,111,At Risk
2629,66,9,101029.9,2,2,2,222,Regular Customers
2630,150,13,167799.27,1,4,4,144,Big Spenders
2631,16,9,121211.51000000001,4,2,3,423,Regular Customers
2632,50,10,133859.91,3,2,3,323,Regular Customers
2633,116,10,92065.64,1,2,2,122,At Risk
2634,42,12,132937.46,3,3,3,333,Regular Customers
2635,4,8,76583.12,4,1,1,411,Regular Customers
2636,81,15,160901.56,2,4,4,244,Big Spenders
2637,23,17,201386.06,3,4,4,344,Big Spenders
2638,29,11,109511.19,3,3,3,333,Regular Customers
2639,95,11,90655.17,2,3,2,232,Regular Customers
2640,170,6,88068.51,1,1,2,112,At Risk
2641,26,11,83211.56,3,3,2,332,Regular Customers
2642,129,4,14721.07,1,1,1,111,At Risk
2643,138,7,51467.46,1,1,1,111,At Risk
2644,95,9,65985.19,2,2,1,221,Regular Customers
2645,142,7,67133.06,1,1,1,111,At Risk
2646,135,16,166904.56,1,4,4,144,Big Spenders
2647,102,4,62917.729999999996,2,1,1,211,Regular Customers
2648,198,8,53562.8,1,1,1,111,At Risk
2649,69,9,83837.56,2,2,2,222,Regular Customers
2650,39,11,101245.18,3,3,2,332,Regular Customers
2651,120,11,271819.99,1,3,4,134,Big Spenders
2652,105,9,101929.29,1,2,2,122,At Risk
2653,70,8,106116.53,2,1,3,213,Regular Customers
2654,24,17,183209.79,3,4,4,344,Big Spenders
2655,152,8,84924.8,1,1,2,112,At Risk
2656,16,7,89513.05,4,1,2,412,Regular Customers
2657,137,9,62892.41,1,2,1,121,At Risk
2658,99,10,161496.09,2,2,4,224,Big Spenders
2659,44,10,131602.91999999998,3,2,3,323,Regular Customers
2660,157,13,209605.19,1,4,4,144,Big Spenders
2661,24,14,157773.36,3,4,4,344,Big Spenders
2662,46,9,107757.84,3,2,3,323,Regular Customers
2663,69,11,94707.36,2,3,2,232,Regular Customers
2664,175,8,86786.37,1,1,2,112,At Risk
2665,13,7,57655.369999999995,4,1,1,411,Regular Customers
2666,5,12,146836.36,4,3,4,434,Loyal Customers
2667,100,8,73588.59,2,1,1,211,Regular Customers
2668,11,9,121401.14,4,2,3,423,Regular Customers
2669,270,6,32607.92,1,1,1,111,At Risk
2670,44,9,78099.99,3,2,2,322,Regular Customers
2671,107,9,70463.46,1,2,1,121,At Risk
2672,102,9,115480.04,2,2,3,223,Regular Customers
2673,35,7,64923.22,3,1,1,311,Regular Customers
2674,4,7,48648.72,4,1,1,411,Regular Customers
2675,116,12,160624.47999999998,1,3,4,134,Big Spenders
2676,127,9,93331.88,1,2,2,122,At Risk
2677,170,9,103706.75,1,2,2,122,At Risk
2678,107,7,59531.82,1,1,1,111,At Risk
2679,111,9,97767.19,1,2,2,122,At Risk
2680,19,13,186778.23,4,4,4,444,Champions
2681,318,5,74189.83,1,1,1,111,At Risk
2682,93,12,167438.16,2,3,4,234,Big Spenders
2683,32,12,129406.70999999999,3,3,3,333,Regular Customers
2684,136,11,124943.98,1,3,3,133,At Risk
2685,78,9,126529.95000000001,2,2,3,223,Regular Customers
2686,22,15,160092.54,3,4,4,344,Big Spenders
2687,80,9,125442.84,2,2,3,223,Regular Customers
2688,110,7,42745.07,1,1,1,111,At Risk
2689,5,9,143647.82,4,2,4,424,Big Spenders
2690,39,10,144334.26,3,2,4,324,Big Spenders
2691,111,10,108142.41,1,2,3,123,At Risk
2692,83,18,193244.94,2,4,4,244,Big Spenders
2693,47,12,147451.82,3,3,4,334,Big Spenders
2694,137,8,114166.9,1,1,3,113,At Risk
2695,135,10,117666.46,1,2,3,123,At Risk
2696,205,7,63468.2,1,1,1,111,At Risk
2697,155,11,162304.55,1,3,4,134,Big Spenders
2698,115,8,78006.56,1,1,2,112,At Risk
2699,3,10,82691.13,4,2,2,422,Regular Customers
2700,86,10,115595.88,2,2,3,223,Regular Customers
2701,187,10,79844.56,1,2,2,122,At Risk
2702,156,7,56448.86,1,1,1,111,At Risk
2703,326,7,37209.35,1,1,1,111,At Risk
2704,45,7,102464.63,3,1,2,312,Regular Customers
2705,77,3,64963.34,2,1,1,211,Regular Customers
2706,34,11,78483.7,3,3,2,332,Regular Customers
2707,49,8,80807.3,3,1,2,312,Regular Customers
2708,18,10,117867.01000000001,4,2,3,423,Regular Customers
2709,199,10,109460.69,1,2,3,123,At Risk
2710,29,11,170963.92,3,3,4,334,Big Spenders
2711,155,11,83075.5,1,3,2,132,At Risk
2712,43,9,79711.77,3,2,2,322,Regular Customers
2713,62,9,97154.87,2,2,2,222,Regular Customers
2714,47,11,118429.28,3,3,3,333,Regular Customers
2715,1,6,38145.82,4,1,1,411,Regular Customers
2716,209,10,123208.5,1,2,3,123,At Risk
2717,59,11,192503.84,2,3,4,234,Big Spenders
2718,5,12,135358.41999999998,4,3,3,433,Loyal Customers
2719,23,16,186809.35,3,4,4,344,Big Spenders
2720,73,14,200482.65,2,4,4,244,Big Spenders
2721,100,10,112429.72,2,2,3,223,Regular Customers
2722,46,12,132692.93,3,3,3,333,Regular Customers
2723,47,11,159094.05,3,3,4,334,Big Spenders
2724,140,12,136597.37,1,3,4,134,Big Spenders
2725,79,6,28014.15,2,1,1,211,Regular Customers
2726,12,11,158061.33,4,3,4,434,Loyal Customers
2727,37,15,205243.48,3,4,4,344,Big Spenders
2728,60,11,126991.77,2,3,3,233,Regular Customers
2729,8,9,150148.58,4,2,4,424,Big Spenders
2730,18,12,146841.79,4,3,4,434,Loyal Customers
2731,62,11,133837.63,2,3,3,233,Regular Customers
2732,20,16,165194.81,4,4,4,444,Champions
2733,32,9,106636.74,3,2,3,323,Regular Customers
2734,184,10,110357.49,1,2,3,123,At Risk
2735,8,9,100213.41,4,2,2,422,Regular Customers
2736,30,8,108722.88,3,1,3,313,Regular Customers
2737,115,12,160081.55,1,3,4,134,Big Spenders
2738,62,11,91354.67,2,3,2,232,Regular Customers
2739,218,5,40591.4,1,1,1,111,At Risk
2740,13,13,130832.55,4,4,3,443,Loyal Customers
2741,2,12,129414.59,4,3,3,433,Loyal Customers
2742,73,19,142593.44,2,4,4,244,Big Spenders
2743,100,12,111189.44,2,3,3,233,Regular Customers
2744,236,4,63386.85,1,1,1,111,At Risk
2745,18,8,58915.68,4,1,1,411,Regular Customers
2746,46,8,92613.61,3,1,2,312,Regular Customers
2747,26,8,45812.45,3,1,1,311,Regular Customers
2748,11,9,99753.75,4,2,2,422,Regular Customers
2749,28,9,96209.57,3,2,2,322,Regular Customers
2750,20,10,114287.25,4,2,3,423,Regular Customers
2751,263,9,81679.74,1,2,2,122,At Risk
2752,156,14,149899.91999999998,1,4,4,144,Big Spenders
2753,12,11,80023.48,4,3,2,432,Loyal Customers
2754,125,11,151293.83000000002,1,3,4,134,Big Spenders
2755,79,6,36668.21,2,1,1,211,Regular Customers
2756,43,10,79200.67,3,2,2,322,Regular Customers
2757,110,10,124850.46,1,2,3,123,At Risk
2758,108,11,119527.4,1,3,3,133,At Risk
2759,4,12,122005.62,4,3,3,433,Loyal Customers
2760,45,10,74380.37,3,2,1,321,Regular Customers
2761,48,7,70338.68,3,1,1,311,Regular Customers
2762,18,13,129535.91,4,4,3,443,Loyal Customers
2763,276,11,134284.37,1,3,3,133,At Risk
2764,36,10,58689.9,3,2,1,321,Regular Customers
2765,37,6,36928.26,3,1,1,311,Regular Customers
2766,16,9,121588.70999999999,4,2,3,423,Regular Customers
2767,45,9,136393.28,3,2,4,324,Big Spenders
2768,35,9,91426.44,3,2,2,322,Regular Customers
2769,14,14,109844.33,4,4,3,443,Loyal Customers
2770,11,12,130183.37,4,3,3,433,Loyal Customers
2771,9,7,107922.88,4,1,3,413,Regular Customers
2772,12,16,228935.06,4,4,4,444,Champions
2773,141,14,138295.34,1,4,4,144,Big Spenders
2774,92,11,133576.24,2,3,3,233,Regular Customers
2775,39,8,51278.490000000005,3,1,1,311,Regular Customers
2776,131,9,138449.07,1,2,4,124,Big Spenders
2777,28,9,133587.66999999998,3,2,3,323,Regular Customers
2778,53,7,67372.62,2,1,1,211,Regular Customers
2779,53,14,95376.02,2,4,2,242,Regular Customers
2780,55,9,107303.43000000001,2,2,3,223,Regular Customers
2781,140,5,44051.59,1,1,1,111,At Risk
2782,10,6,76150.92,4,1,1,411,Regular Customers
2783,61,15,168614.48,2,4,4,244,Big Spenders
2784,221,6,57950.81,1,1,1,111,At Risk
2785,4,4,55143.259999999995,4,1,1,411,Regular Customers
2786,204,9,43238.27,1,2,1,121,At Risk
2787,349,9,83633.44,1,2,2,122,At Risk
2788,13,10,64931.5,4,2,1,421,Regular Customers
2789,17,10,93441.47,4,2,2,422,Regular Customers
2790,18,9,95190.37,4,2,2,422,Regular Customers
2791,99,8,82971.45,2,1,2,212,Regular Customers
2792,47,12,243547.72,3,3,4,334,Big Spenders
2793,8,12,94996.61,4,3,2,432,Loyal Customers
2794,258,9,107362.45,1,2,3,123,At Risk
2795,5,15,103028.78,4,4,2,442,Loyal Customers
2796,60,11,117859.65,2,3,3,233,Regular Customers
2797,26,14,131247.25,3,4,3,343,Regular Customers
2798,123,14,202001.03,1,4,4,144,Big Spenders
2799,44,11,136413.92,3,3,4,334,Big Spenders
2800,3,7,52255.1,4,1,1,411,Regular Customers
2801,36,7,103756.12,3,1,2,312,Regular Customers
2802,87,5,57800.57,2,1,1,211,Regular Customers
2803,113,13,96966.31,1,4,2,142,At Risk
2804,35,11,136765.31,3,3,4,334,Big Spenders
2805,38,8,69640.44,3,1,1,311,Regular Customers
2806,14,8,117131.58,4,1,3,413,Regular Customers
2807,73,6,89846.31,2,1,2,212,Regular Customers
2808,3,14,183156.79,4,4,4,444,Champions
2809,6,7,150712.7,4,1,4,414,Big Spenders
2810,88,14,105235.87,2,4,3,243,Regular Customers
2811,141,9,141873.26,1,2,4,124,Big Spenders
2812,3,11,168977.06,4,3,4,434,Loyal Customers
2813,90,4,50034.42,2,1,1,211,Regular Customers
2814,54,15,149816.16,2,4,4,244,Big Spenders
2815,66,14,199509.49,2,4,4,244,Big Spenders
2816,71,12,156314.87,2,3,4,234,Big Spenders
2817,61,11,139277.91,2,3,4,234,Big Spenders
2818,60,12,170058.29,2,3,4,234,Big Spenders
2819,37,10,133643.38,3,2,3,323,Regular Customers
2820,220,5,59661.05,1,1,1,111,At Risk
2821,126,10,146700.85,1,2,4,124,Big Spenders
2822,41,8,99517.14,3,1,2,312,Regular Customers
2823,22,10,115933.69,3,2,3,323,Regular Customers
2824,117,7,107965.25,1,1,3,113,At Risk
2825,19,7,80509.13,4,1,2,412,Regular Customers
2826,12,5,64914.58,4,1,1,411,Regular Customers
2827,23,11,147169.54,3,3,4,334,Big Spenders
2828,188,9,125891.92,1,2,3,123,At Risk
2829,39,11,106500.82,3,3,3,333,Regular Customers
2830,10,8,100564.78,4,1,2,412,Regular Customers
2831,60,12,100087.31,2,3,2,232,Regular Customers
2832,95,12,122616.51000000001,2,3,3,233,Regular Customers
2833,20,7,86315.23999999999,4,1,2,412,Regular Customers
2834,78,10,59479.83,2,2,1,221,Regular Customers
2835,88,10,123955.11,2,2,3,223,Regular Customers
2836,22,14,193472.94,3,4,4,344,Big Spenders
2837,22,10,153569.64,3,2,4,324,Big Spenders
2838,58,12,80790.70999999999,2,3,2,232,Regular Customers
2839,26,14,138968.42,3,4,4,344,Big Spenders
2840,98,13,103803.96,2,4,2,242,Regular Customers
2841,148,6,64123.69,1,1,1,111,At Risk
2842,7,7,48984.91,4,1,1,411,Regular Customers
2843,222,8,71162.48,1,1,1,111,At Risk
2844,31,21,153115.82,3,4,4,344,Big Spenders
2845,8,10,78494.47,4,2,2,422,Regular Customers
2846,18,13,149886.74,4,4,4,444,Champions
2847,16,16,249760.73,4,4,4,444,Champions
2848,19,13,139404.86,4,4,4,444,Champions
2849,84,16,123571.67000000001,2,4,3,243,Regular Customers
2850,40,7,51493.54,3,1,1,311,Regular Customers
2851,193,8,84490.18000000001,1,1,2,112,At Risk
2852,19,11,87780.17,4,3,2,432,Loyal Customers
2853,16,11,99880.93,4,3,2,432,Loyal Customers
2854,16,12,147647.98,4,3,4,434,Loyal Customers
2855,39,7,62995.71,3,1,1,311,Regular Customers
2856,14,7,107787.09,4,1,3,413,Regular Customers
2857,52,9,134383.62,2,2,3,223,Regular Customers
2858,32,9,74365.08,3,2,1,321,Regular Customers
2859,234,6,33112.72,1,1,1,111,At Risk
2860,18,14,137930.09,4,4,4,444,Champions
2861,44,16,158579.38,3,4,4,344,Big Spenders
2862,38,11,132828.15,3,3,3,333,Regular Customers
2863,47,13,95443.98,3,4,2,342,Regular Customers
2864,117,9,73002.48,1,2,1,121,At Risk
2865,9,13,158883.28,4,4,4,444,Champions
2866,110,14,186125.27,1,4,4,144,Big Spenders
2867,169,5,69401.18,1,1,1,111,At Risk
2868,58,10,73862.65,2,2,1,221,Regular Customers
2869,56,12,122939.98999999999,2,3,3,233,Regular Customers
2870,142,6,96717.32,1,1,2,112,At Risk
2871,22,9,45869.13,3,2,1,321,Regular Customers
2872,25,9,138424.74,3,2,4,324,Big Spenders
2873,270,4,49385.28,1,1,1,111,At Risk
2874,96,9,138475.99,2,2,4,224,Big Spenders
2875,66,8,65709.07,2,1,1,211,Regular Customers
2876,142,11,107240.54,1,3,3,133,At Risk
2877,59,11,129262.42,2,3,3,233,Regular Customers
2878,13,13,164451.85,4,4,4,444,Champions
2879,51,9,107776.08,3,2,3,323,Regular Customers
2880,142,12,87238.52,1,3,2,132,At Risk
2881,33,8,57729.02,3,1,1,311,Regular Customers
2882,17,11,141513.34,4,3,4,434,Loyal Customers
2883,19,12,171963.78,4,3,4,434,Loyal Customers
2884,10,13,162552.35,4,4,4,444,Champions
2885,37,12,131849.63,3,3,3,333,Regular Customers
2886,5,12,139144.45,4,3,4,434,Loyal Customers
2887,28,9,142832.01,3,2,4,324,Big Spenders
2888,26,5,34225.990000000005,3,1,1,311,Regular Customers
2889,22,14,242527.14,3,4,4,344,Big Spenders
2890,60,5,25832.45,2,1,1,211,Regular Customers
2891,129,13,113655.69,1,4,3,143,At Risk
2892,88,12,143057.67,2,3,4,234,Big Spenders
2893,153,9,101483.49,1,2,2,122,At Risk
2894,15,6,68321.62,4,1,1,411,Regular Customers
2895,17,13,121690.24,4,4,3,443,Loyal Customers
2896,78,10,88044.73,2,2,2,222,Regular Customers
2897,65,17,228891.4,2,4,4,244,Big Spenders
2898,187,12,103032.77,1,3,2,132,At Risk
2899,20,7,67503.77,4,1,1,411,Regular Customers
2900,95,6,104237.12,2,1,2,212,Regular Customers
2901,37,5,60189.33,3,1,1,311,Regular Customers
2902,48,12,109474.98999999999,3,3,3,333,Regular Customers
2903,31,6,51438.600000000006,3,1,1,311,Regular Customers
2904,22,7,99698.05,3,1,2,312,Regular Customers
2905,85,10,133642.18,2,2,3,223,Regular Customers
2906,187,6,45158.89,1,1,1,111,At Risk
2907,84,7,99798.13,2,1,2,212,Regular Customers
2908,91,13,195449.91,2,4,4,244,Big Spenders
2909,62,16,216772.02,2,4,4,244,Big Spenders
2910,10,12,148973.6,4,3,4,434,Loyal Customers
2911,21,10,150478.82,4,2,4,424,Big Spenders
2912,96,4,54918.94,2,1,1,211,Regular Customers
2913,47,16,146565.06,3,4,4,344,Big Spenders
2914,11,8,98644.35,4,1,2,412,Regular Customers
2915,69,7,81500.31,2,1,2,212,Regular Customers
2916,70,14,167422.73,2,4,4,244,Big Spenders
2917,77,11,147240.82,2,3,4,234,Big Spenders
2918,16,9,113486.47,4,2,3,423,Regular Customers
2919,34,10,62706.71,3,2,1,321,Regular Customers
2920,42,13,155157.68,3,4,4,344,Big Spenders
2921,110,9,55450.74,1,2,1,121,At Risk
2922,79,8,86191.73,2,1,2,212,Regular Customers
2923,32,9,83493.18,3,2,2,322,Regular Customers
2924,162,9,136059.89,1,2,4,124,Big Spenders
2925,305,9,176957.85,1,2,4,124,Big Spenders
2926,110,15,258285.02,1,4,4,144,Big Spenders
2927,26,11,179801.88999999998,3,3,4,334,Big Spenders
2928,6,15,211755.84,4,4,4,444,Champions
2929,17,11,123441.65,4,3,3,433,Loyal Customers
2930,92,10,142472.72,2,2,4,224,Big Spenders
2931,9,8,69779.62,4,1,1,411,Regular Customers
2932,87,17,130466.17,2,4,3,243,Regular Customers
2933,111,12,197137.57,1,3,4,134,Big Spenders
2934,127,11,81194.14,1,3,2,132,At Risk
2935,24,7,47342.32,3,1,1,311,Regular Customers
2936,10,8,80212.76999999999,4,1,2,412,Regular Customers
2937,4,14,157274.87,4,4,4,444,Champions
2938,11,8,122470.81999999999,4,1,3,413,Regular Customers
2939,16,11,135923.75,4,3,4,434,Loyal Customers
2940,18,12,122128.78,4,3,3,433,Loyal Customers
2941,28,13,186010.47,3,4,4,344,Big Spenders
2942,4,16,158566.01,4,4,4,444,Champions
2943,28,10,114535.56,3,2,3,323,Regular Customers
2944,126,9,70311.66,1,2,1,121,At Risk
2945,93,16,246235.63,2,4,4,244,Big Spenders
2946,145,8,69500.83,1,1,1,111,At Risk
2947,112,4,23054.64,1,1,1,111,At Risk
2948,98,7,72147.61,2,1,1,211,Regular Customers
2949,4,15,223711.81,4,4,4,444,Champions
2950,55,10,103223.64,2,2,2,222,Regular Customers
2951,190,11,87455.04,1,3,2,132,At Risk
2952,135,4,35923.69,1,1,1,111,At Risk
2953,81,18,159571.84,2,4,4,244,Big Spenders
2954,27,12,136252.07,3,3,4,334,Big Spenders
2955,45,6,52131.41,3,1,1,311,Regular Customers
2956,20,8,85282.0,4,1,2,412,Regular Customers
2957,4,16,181065.14,4,4,4,444,Champions
2958,11,9,121578.21,4,2,3,423,Regular Customers
2959,186,14,95243.34,1,4,2,142,At Risk
2960,48,8,63238.83,3,1,1,311,Regular Customers
2961,2,11,120571.92000000001,4,3,3,433,Loyal Customers
2962,11,16,119791.94,4,4,3,443,Loyal Customers
2963,22,11,134580.66999999998,3,3,3,333,Regular Customers
2964,16,15,192103.33,4,4,4,444,Champions
2965,43,8,95602.54,3,1,2,312,Regular Customers
2966,137,12,98943.86,1,3,2,132,At Risk
2967,6,13,175724.7,4,4,4,444,Champions
2968,67,8,153701.04,2,1,4,214,Big Spenders
2969,92,5,47572.21,2,1,1,211,Regular Customers
2970,5,11,189263.13,4,3,4,434,Loyal Customers
2971,13,21,210953.59,4,4,4,444,Champions
2972,125,15,141426.97,1,4,4,144,Big Spenders
2973,7,12,162897.6,4,3,4,434,Loyal Customers
2974,198,8,112217.88,1,1,3,113,At Risk
2975,112,11,105889.94,1,3,3,133,At Risk
2976,51,8,39816.68,3,1,1,311,Regular Customers
2977,63,9,79898.35,2,2,2,222,Regular Customers
2978,52,12,133969.53,2,3,3,233,Regular Customers
2979,58,15,197906.39,2,4,4,244,Big Spenders
2980,25,10,81308.64,3,2,2,322,Regular Customers
2981,18,15,137039.07,4,4,4,444,Champions
2982,54,8,94718.65,2,1,2,212,Regular Customers
2983,125,12,158547.32,1,3,4,134,Big Spenders
2984,111,8,72381.66,1,1,1,111,At Risk
2985,57,9,67439.99,2,2,1,221,Regular Customers
2986,21,13,157353.91999999998,4,4,4,444,Champions
2987,165,8,92427.53,1,1,2,112,At Risk
2988,17,10,112666.53,4,2,3,423,Regular Customers
2989,51,11,129559.0,3,3,3,333,Regular Customers
2990,44,6,81567.97,3,1,2,312,Regular Customers
2991,23,8,84689.23000000001,3,1,2,312,Regular Customers
2992,5,16,224131.98,4,4,4,444,Champions
2993,1,13,95439.9,4,4,2,442,Loyal Customers
2994,36,8,66993.0,3,1,1,311,Regular Customers
2995,43,9,144361.03,3,2,4,324,Big Spenders
2996,3,11,119508.81,4,3,3,433,Loyal Customers
2997,1,11,164747.44,4,3,4,434,Loyal Customers
2998,144,6,63667.94,1,1,1,111,At Risk
2999,43,13,188326.51,3,4,4,344,Big Spenders
3000,110,13,82972.72,1,4,2,142,At Risk
3001,42,9,132792.25,3,2,3,323,Regular Customers
3002,61,13,109352.22,2,4,3,243,Regular Customers
3003,287,6,47199.84,1,1,1,111,At Risk
3004,33,6,59101.51,3,1,1,311,Regular Customers
3005,83,12,135267.72,2,3,3,233,Regular Customers
3006,168,9,98730.49,1,2,2,122,At Risk
3007,14,12,136453.95,4,3,4,434,Loyal Customers
3008,152,9,94817.7,1,2,2,122,At Risk
3009,165,10,119991.16,1,2,3,123,At Risk
3010,6,11,168644.23,4,3,4,434,Loyal Customers
3011,70,6,106986.11,2,1,3,213,Regular Customers
3012,106,10,122421.40000000001,1,2,3,123,At Risk
3013,33,7,125084.8,3,1,3,313,Regular Customers
3014,39,11,63673.51,3,3,1,331,Regular Customers
3015,110,8,138999.44,1,1,4,114,Big Spenders
3016,35,12,108417.79,3,3,3,333,Regular Customers
3017,155,8,66712.75,1,1,1,111,At Risk
3018,113,7,55290.54,1,1,1,111,At Risk
3019,63,10,131200.94,2,2,3,223,Regular Customers
3020,225,7,64975.73,1,1,1,111,At Risk
3021,60,12,135940.56,2,3,4,234,Big Spenders
3022,8,14,138425.76,4,4,4,444,Champions
3023,2,13,113048.73,4,4,3,443,Loyal Customers
3024,86,8,78935.26,2,1,2,212,Regular Customers
3025,10,11,121748.41,4,3,3,433,Loyal Customers
3026,48,11,106850.23999999999,3,3,3,333,Regular Customers
3027,35,9,77155.33,3,2,2,322,Regular Customers
3028,36,12,168740.15,3,3,4,334,Big Spenders
3029,54,10,126827.78,2,2,3,223,Regular Customers
3030,16,15,182159.28,4,4,4,444,Champions
3031,195,12,170642.11,1,3,4,134,Big Spenders
3032,86,10,134748.89,2,2,3,223,Regular Customers
3033,31,14,111106.86,3,4,3,343,Regular Customers
3034,1,8,68693.56,4,1,1,411,Regular Customers
3035,33,16,148368.01,3,4,4,344,Big Spenders
3036,1,9,76407.05,4,2,1,421,Regular Customers
3037,61,7,88376.07,2,1,2,212,Regular Customers
3038,69,12,84959.68,2,3,2,232,Regular Customers
3039,13,11,77115.01000000001,4,3,2,432,Loyal Customers
3040,16,9,123881.92,4,2,3,423,Regular Customers
3041,17,10,65276.57,4,2,1,421,Regular Customers
3042,93,15,183802.96,2,4,4,244,Big Spenders
3043,248,8,86760.89,1,1,2,112,At Risk
3044,57,11,144425.43,2,3,4,234,Big Spenders
3045,54,20,176138.73,2,4,4,244,Big Spenders
3046,16,5,64731.38,4,1,1,411,Regular Customers
3047,7,9,84541.29,4,2,2,422,Regular Customers
3048,173,13,172379.38999999998,1,4,4,144,Big Spenders
3049,6,17,186574.91999999998,4,4,4,444,Champions
3050,88,11,86026.43000000001,2,3,2,232,Regular Customers
3051,54,9,71070.58,2,2,1,221,Regular Customers
3052,36,9,139075.65,3,2,4,324,Big Spenders
3053,218,11,89554.66,1,3,2,132,At Risk
3054,15,11,103152.69,4,3,2,432,Loyal Customers
3055,97,17,128026.18,2,4,3,243,Regular Customers
3056,30,14,182836.66999999998,3,4,4,344,Big Spenders
3057,30,11,102447.23,3,3,2,332,Regular Customers
3058,20,11,139581.42,4,3,4,434,Loyal Customers
3059,16,9,120459.66,4,2,3,423,Regular Customers
3060,12,11,89577.5,4,3,2,432,Loyal Customers
3061,14,15,218906.01,4,4,4,444,Champions
3062,53,9,76806.01000000001,2,2,1,221,Regular Customers
3063,111,12,128093.4,1,3,3,133,At Risk
3064,58,8,73912.04,2,1,1,211,Regular Customers
3065,29,11,115784.40000000001,3,3,3,333,Regular Customers
3066,236,10,119181.58,1,2,3,123,At Risk
3067,13,9,112397.2,4,2,3,423,Regular Customers
3068,58,10,100727.79000000001,2,2,2,222,Regular Customers
3069,19,13,174549.37,4,4,4,444,Champions
3070,10,11,104585.93,4,3,3,433,Loyal Customers
3071,59,8,47471.03,2,1,1,211,Regular Customers
3072,11,12,144375.73,4,3,4,434,Loyal Customers
3073,5,18,173005.95,4,4,4,444,Champions
3074,74,9,119913.86,2,2,3,223,Regular Customers
3075,162,16,177520.58,1,4,4,144,Big Spenders
3076,154,9,76127.98999999999,1,2,1,121,At Risk
3077,144,11,99242.23999999999,1,3,2,132,At Risk
3078,24,7,77593.04,3,1,2,312,Regular Customers
3079,2,10,101581.81000000001,4,2,2,422,Regular Customers
3080,165,9,119473.78,1,2,3,123,At Risk
3081,61,7,60662.270000000004,2,1,1,211,Regular Customers
3082,31,10,147023.18,3,2,4,324,Big Spenders
3083,23,11,137040.96,3,3,4,334,Big Spenders
3084,44,9,97593.82,3,2,2,322,Regular Customers
3085,47,10,84487.56999999999,3,2,2,322,Regular Customers
3086,77,6,53207.5,2,1,1,211,Regular Customers
3087,72,9,82094.32,2,2,2,222,Regular Customers
3088,60,13,135803.24,2,4,3,243,Regular Customers
3089,89,7,75088.44,2,1,1,211,Regular Customers
3090,7,10,95522.86,4,2,2,422,Regular Customers
3091,18,11,93690.69,4,3,2,432,Loyal Customers
3092,52,9,124390.86,2,2,3,223,Regular Customers
3093,24,8,102345.64,3,1,2,312,Regular Customers
3094,63,8,42289.4,2,1,1,211,Regular Customers
3095,11,8,41824.189999999995,4,1,1,411,Regular Customers
3096,130,10,74581.18000000001,1,2,1,121,At Risk
3097,161,9,64670.97,1,2,1,121,At Risk
3098,24,8,111923.5,3,1,3,313,Regular Customers
3099,92,10,62633.23,2,2,1,221,Regular Customers
3100,128,6,66509.41,1,1,1,111,At Risk
3101,45,8,101323.43000000001,3,1,2,312,Regular Customers
3102,68,11,135713.11,2,3,3,233,Regular Customers
3103,40,11,98017.16,3,3,2,332,Regular Customers
3104,15,9,84366.52,4,2,2,422,Regular Customers
3105,69,13,112939.85,2,4,3,243,Regular Customers
3106,91,15,149918.02,2,4,4,244,Big Spenders
3107,72,11,137401.3,2,3,4,234,Big Spenders
3108,59,12,121532.2,2,3,3,233,Regular Customers
3109,182,7,63516.53,1,1,1,111,At Risk
3110,18,6,59352.69,4,1,1,411,Regular Customers
3111,51,9,75895.26,3,2,1,321,Regular Customers
3112,39,10,111527.28,3,2,3,323,Regular Customers
3113,163,7,63024.78999999999,1,1,1,111,At Risk
3114,8,14,139251.9,4,4,4,444,Champions
3115,122,4,75928.28,1,1,1,111,At Risk
3116,66,11,104078.34,2,3,2,232,Regular Customers
3117,21,12,121740.23,4,3,3,433,Loyal Customers
3118,219,13,114171.34999999999,1,4,3,143,At Risk
3119,116,8,88190.45,1,1,2,112,At Risk
3120,30,8,74551.02,3,1,1,311,Regular Customers
3121,89,11,103399.73999999999,2,3,2,232,Regular Customers
3122,200,8,58603.75,1,1,1,111,At Risk
3123,27,8,100627.21,3,1,2,312,Regular Customers
3124,14,10,106693.33,4,2,3,423,Regular Customers
3125,171,11,123170.26,1,3,3,133,At Risk
3126,1,6,69825.18,4,1,1,411,Regular Customers
3127,19,11,83555.97,4,3,2,432,Loyal Customers
3128,109,14,218037.96,1,4,4,144,Big Spenders
3129,101,11,91016.8,2,3,2,232,Regular Customers
3130,52,9,114650.08,2,2,3,223,Regular Customers
3131,48,5,54624.18,3,1,1,311,Regular Customers
3132,25,12,130453.26999999999,3,3,3,333,Regular Customers
3133,16,9,113132.84,4,2,3,423,Regular Customers
3134,128,17,233197.93,1,4,4,144,Big Spenders
3135,126,6,76352.16,1,1,1,111,At Risk
3136,27,9,83541.67,3,2,2,322,Regular Customers
3137,22,14,161144.55000000002,3,4,4,344,Big Spenders
3138,49,9,90931.28,3,2,2,322,Regular Customers
3139,73,4,49898.41,2,1,1,211,Regular Customers
3140,248,6,91932.78,1,1,2,112,At Risk
3141,20,9,65433.67999999999,4,2,1,421,Regular Customers
3142,31,11,150580.16,3,3,4,334,Big Spenders
3143,31,6,53361.17,3,1,1,311,Regular Customers
3144,110,7,48751.05,1,1,1,111,At Risk
3145,87,9,87525.11,2,2,2,222,Regular Customers
3146,15,9,92823.41,4,2,2,422,Regular Customers
3147,326,5,68437.19,1,1,1,111,At Risk
3148,16,14,106271.11,4,4,3,443,Loyal Customers
3149,2,14,189520.56,4,4,4,444,Champions
3150,66,9,116329.87,2,2,3,223,Regular Customers
3151,207,8,154835.18,1,1,4,114,Big Spenders
3152,65,11,134576.68,2,3,3,233,Regular Customers
3153,87,9,81364.97,2,2,2,222,Regular Customers
3154,8,12,107653.61,4,3,3,433,Loyal Customers
3155,11,8,133482.88,4,1,3,413,Regular Customers
3156,237,9,95713.70999999999,1,2,2,122,At Risk
3157,105,8,142666.88,1,1,4,114,Big Spenders
3158,103,9,91203.66,1,2,2,122,At Risk
3159,99,13,150090.56,2,4,4,244,Big Spenders
3160,47,6,103839.18,3,1,2,312,Regular Customers
3161,10,7,94999.53,4,1,2,412,Regular Customers
3162,43,13,141518.73,3,4,4,344,Big Spenders
3163,24,10,130072.78,3,2,3,323,Regular Customers
3164,135,8,62677.41,1,1,1,111,At Risk
3165,78,10,102914.03,2,2,2,222,Regular Customers
3166,41,11,62685.229999999996,3,3,1,331,Regular Customers
3167,36,13,120520.23,3,4,3,343,Regular Customers
3168,29,15,211711.65,3,4,4,344,Big Spenders
3169,2,15,199743.69,4,4,4,444,Champions
3170,3,10,101803.79,4,2,2,422,Regular Customers
3171,23,8,75695.63,3,1,1,311,Regular Customers
3172,60,12,78548.8,2,3,2,232,Regular Customers
3173,39,7,82290.35,3,1,2,312,Regular Customers
3174,71,13,125202.49,2,4,3,243,Regular Customers
3175,25,12,156228.55,3,3,4,334,Big Spenders
3176,34,10,101021.26,3,2,2,322,Regular Customers
3177,21,13,151433.87,4,4,4,444,Champions
3178,23,11,76512.6,3,3,1,331,Regular Customers
3179,11,9,48367.09,4,2,1,421,Regular Customers
3180,25,10,68519.02,3,2,1,321,Regular Customers
3181,40,7,74774.25,3,1,1,311,Regular Customers
3182,6,19,217392.8,4,4,4,444,Champions
3183,52,11,121182.68,2,3,3,233,Regular Customers
3184,22,9,65920.89,3,2,1,321,Regular Customers
3185,12,13,130777.51000000001,4,4,3,443,Loyal Customers
3186,78,7,75394.41,2,1,1,211,Regular Customers
3187,75,10,131898.16999999998,2,2,3,223,Regular Customers
3188,30,10,88287.5,3,2,2,322,Regular Customers
3189,11,5,50588.520000000004,4,1,1,411,Regular Customers
3190,18,11,124455.24,4,3,3,433,Loyal Customers
3191,133,17,193137.06,1,4,4,144,Big Spenders
3192,217,9,128476.58,1,2,3,123,At Risk
3193,7,4,39686.17,4,1,1,411,Regular Customers
3194,118,4,10523.46,1,1,1,111,At Risk
3195,43,9,92330.8,3,2,2,322,Regular Customers
3196,31,8,85224.79000000001,3,1,2,312,Regular Customers
3197,40,9,70167.18,3,2,1,321,Regular Customers
3198,86,12,170146.75,2,3,4,234,Big Spenders
3199,92,6,27886.48,2,1,1,211,Regular Customers
3200,37,10,99261.16,3,2,2,322,Regular Customers
3201,37,8,135758.61,3,1,3,313,Regular Customers
3202,18,16,162481.32,4,4,4,444,Champions
3203,14,14,90422.27,4,4,2,442,Loyal Customers
3204,35,8,90204.11,3,1,2,312,Regular Customers
3205,12,8,115184.51000000001,4,1,3,413,Regular Customers
3206,124,10,109211.31,1,2,3,123,At Risk
3207,173,10,104240.22,1,2,2,122,At Risk
3208,36,14,127715.72,3,4,3,343,Regular Customers
3209,6,11,149321.21,4,3,4,434,Loyal Customers
3210,29,13,161130.07,3,4,4,344,Big Spenders
3211,9,6,72191.63,4,1,1,411,Regular Customers
3212,157,8,101765.35,1,1,2,112,At Risk
3213,37,9,121115.23,3,2,3,323,Regular Customers
3214,74,13,144145.28,2,4,4,244,Big Spenders
3215,151,8,83878.31,1,1,2,112,At Risk
3216,34,14,188292.13999999998,3,4,4,344,Big Spenders
3217,35,7,57160.479999999996,3,1,1,311,Regular Customers
3218,5,11,168664.18,4,3,4,434,Loyal Customers
3219,67,11,129193.24,2,3,3,233,Regular Customers
3220,55,5,49745.78,2,1,1,211,Regular Customers
3221,61,14,106912.73,2,4,3,243,Regular Customers
3222,12,8,61696.229999999996,4,1,1,411,Regular Customers
3223,92,12,169708.99,2,3,4,234,Big Spenders
3224,59,5,84912.51999999999,2,1,2,212,Regular Customers
3225,80,10,117656.15000000001,2,2,3,223,Regular Customers
3226,10,13,174560.07,4,4,4,444,Champions
3227,15,12,82125.31,4,3,2,432,Loyal Customers
3228,125,8,87884.06,1,1,2,112,At Risk
3229,1,6,56850.57000000001,4,1,1,411,Regular Customers
3230,10,9,102959.04,4,2,2,422,Regular Customers
3231,93,9,152163.34,2,2,4,224,Big Spenders
3232,94,12,172673.02,2,3,4,234,Big Spenders
3233,3,16,178354.11,4,4,4,444,Champions
3234,29,6,39937.66,3,1,1,311,Regular Customers
3235,117,9,118341.53,1,2,3,123,At Risk
3236,12,11,125698.45999999999,4,3,3,433,Loyal Customers
3237,120,5,65052.409999999996,1,1,1,111,At Risk
3238,53,13,171806.36,2,4,4,244,Big Spenders
3239,34,11,120500.45,3,3,3,333,Regular Customers
3240,2,10,77668.92,4,2,2,422,Regular Customers
3241,47,6,57760.93000000001,3,1,1,311,Regular Customers
3242,31,10,115039.57,3,2,3,323,Regular Customers
3243,2,10,172090.35,4,2,4,424,Big Spenders
3244,49,16,222917.0,3,4,4,344,Big Spenders
3245,226,5,20058.48,1,1,1,111,At Risk
3246,73,10,85242.15000000001,2,2,2,222,Regular Customers
3247,139,10,118181.97,1,2,3,123,At Risk
3248,194,9,116492.86,1,2,3,123,At Risk
3249,124,11,67295.67,1,3,1,131,At Risk
3250,71,7,82877.47,2,1,2,212,Regular Customers
3251,158,7,61139.97,1,1,1,111,At Risk
3252,181,12,148231.29,1,3,4,134,Big Spenders
3253,11,11,92483.77,4,3,2,432,Loyal Customers
3254,4,13,129150.69,4,4,3,443,Loyal Customers
3255,17,8,84841.67,4,1,2,412,Regular Customers
3256,14,8,55942.8,4,1,1,411,Regular Customers
3257,91,11,120684.09,2,3,3,233,Regular Customers
3258,75,5,28934.04,2,1,1,211,Regular Customers
3259,68,9,105529.91,2,2,3,223,Regular Customers
3260,31,10,126221.22,3,2,3,323,Regular Customers
3261,160,7,94613.18,1,1,2,112,At Risk
3262,50,9,53435.37,3,2,1,321,Regular Customers
3263,104,8,88347.19,1,1,2,112,At Risk
3264,109,7,39680.990000000005,1,1,1,111,At Risk
3265,7,8,84237.07,4,1,2,412,Regular Customers
3266,125,7,74678.69,1,1,1,111,At Risk
3267,90,10,107190.08,2,2,3,223,Regular Customers
3268,27,8,118953.87,3,1,3,313,Regular Customers
3269,10,8,114776.84,4,1,3,413,Regular Customers
3270,24,8,91513.34,3,1,2,312,Regular Customers
3271,16,11,103009.73,4,3,2,432,Loyal Customers
3272,44,5,52862.520000000004,3,1,1,311,Regular Customers
3273,37,5,44486.47,3,1,1,311,Regular Customers
3274,2,8,74680.45999999999,4,1,1,411,Regular Customers
3275,148,7,80901.46,1,1,2,112,At Risk
3276,12,12,108425.88,4,3,3,433,Loyal Customers
3277,53,10,155091.04,2,2,4,224,Big Spenders
3278,78,9,99543.64,2,2,2,222,Regular Customers
3279,35,12,99554.13,3,3,2,332,Regular Customers
3280,132,7,89273.78,1,1,2,112,At Risk
3281,137,9,98917.53,1,2,2,122,At Risk
3282,194,6,41580.01,1,1,1,111,At Risk
3283,51,6,61094.9,3,1,1,311,Regular Customers
3284,11,13,168005.43,4,4,4,444,Champions
3285,1,11,129958.78,4,3,3,433,Loyal Customers
3286,213,8,105461.17,1,1,3,113,At Risk
3287,38,14,140467.38,3,4,4,344,Big Spenders
3288,35,14,177587.95,3,4,4,344,Big Spenders
3289,116,3,20504.58,1,1,1,111,At Risk
3290,245,10,66252.06,1,2,1,121,At Risk
3291,141,6,21390.45,1,1,1,111,At Risk
3292,20,8,120726.25,4,1,3,413,Regular Customers
3293,132,9,104651.91,1,2,3,123,At Risk
3294,55,8,63525.83,2,1,1,211,Regular Customers
3295,15,10,90133.54000000001,4,2,2,422,Regular Customers
3296,4,8,72992.6,4,1,1,411,Regular Customers
3297,141,10,129986.15999999999,1,2,3,123,At Risk
3298,124,8,89179.08,1,1,2,112,At Risk
3299,18,13,189598.87,4,4,4,444,Champions
3300,81,15,127710.2,2,4,3,243,Regular Customers
3301,16,8,98779.26000000001,4,1,2,412,Regular Customers
3302,129,10,183496.67,1,2,4,124,Big Spenders
3303,84,9,99318.04000000001,2,2,2,222,Regular Customers
3304,49,16,166402.53,3,4,4,344,Big Spenders
3305,66,13,171438.18,2,4,4,244,Big Spenders
3306,44,10,74324.56,3,2,1,321,Regular Customers
3307,537,6,62771.8,1,1,1,111,At Risk
3308,35,11,106988.13,3,3,3,333,Regular Customers
3309,145,15,108720.48,1,4,3,143,At Risk
3310,53,17,213286.36000000002,2,4,4,244,Big Spenders
3311,36,15,174793.81,3,4,4,344,Big Spenders
3312,301,11,112399.12000000001,1,3,3,133,At Risk
3313,59,13,151985.87,2,4,4,244,Big Spenders
3314,167,10,81500.29000000001,1,2,2,122,At Risk
3315,49,12,150471.78,3,3,4,334,Big Spenders
3316,7,9,93885.63,4,2,2,422,Regular Customers
3317,67,6,88448.67,2,1,2,212,Regular Customers
3318,59,7,70737.57,2,1,1,211,Regular Customers
3319,198,7,100774.58,1,1,2,112,At Risk
3320,52,11,103789.09000000001,2,3,2,232,Regular Customers
3321,24,5,54205.07,3,1,1,311,Regular Customers
3322,51,10,72033.29,3,2,1,321,Regular Customers
3323,52,10,87010.1,2,2,2,222,Regular Customers
3324,173,6,77168.25,1,1,2,112,At Risk
3325,105,13,198190.25,1,4,4,144,Big Spenders
3326,189,9,156986.32,1,2,4,124,Big Spenders
3327,36,10,96011.72,3,2,2,322,Regular Customers
3328,114,13,163584.07,1,4,4,144,Big Spenders
3329,6,8,49827.119999999995,4,1,1,411,Regular Customers
3330,154,7,106464.39,1,1,3,113,At Risk
3331,65,6,65122.270000000004,2,1,1,211,Regular Customers
3332,30,13,116526.11,3,4,3,343,Regular Customers
3333,51,8,58015.91,3,1,1,311,Regular Customers
3334,1,8,48405.86,4,1,1,411,Regular Customers
3335,19,9,149891.13,4,2,4,424,Big Spenders
3336,73,8,104574.99,2,1,3,213,Regular Customers
3337,13,14,113617.22,4,4,3,443,Loyal Customers
3338,247,4,50128.58,1,1,1,111,At Risk
3339,90,10,149451.8,2,2,4,224,Big Spenders
3340,4,12,175685.04,4,3,4,434,Loyal Customers
3341,373,7,104742.79000000001,1,1,3,113,At Risk
3342,164,8,89424.78,1,1,2,112,At Risk
3343,65,8,119397.76,2,1,3,213,Regular Customers
3344,15,9,79814.48,4,2,2,422,Regular Customers
3345,28,9,124585.0,3,2,3,323,Regular Customers
3346,69,10,61742.25,2,2,1,221,Regular Customers
3347,92,7,33688.62,2,1,1,211,Regular Customers
3348,13,10,106850.91,4,2,3,423,Regular Customers
3349,40,8,128528.01,3,1,3,313,Regular Customers
3350,37,9,143314.54,3,2,4,324,Big Spenders
3351,226,15,210872.71,1,4,4,144,Big Spenders
3352,447,3,33356.6,1,1,1,111,At Risk
3353,50,8,89863.93,3,1,2,312,Regular Customers
3354,28,16,200017.78999999998,3,4,4,344,Big Spenders
3355,120,7,56633.76,1,1,1,111,At Risk
3356,46,12,144055.72,3,3,4,334,Big Spenders
3357,41,7,102689.9,3,1,2,312,Regular Customers
3358,37,8,51132.06,3,1,1,311,Regular Customers
3359,68,10,145515.09,2,2,4,224,Big Spenders
3360,69,6,64227.78,2,1,1,211,Regular Customers
3361,56,14,133501.15,2,4,3,243,Regular Customers
3362,53,5,70464.28,2,1,1,211,Regular Customers
3363,39,13,155949.76,3,4,4,344,Big Spenders
3364,105,9,129307.37999999999,1,2,3,123,At Risk
3365,126,10,90206.93000000001,1,2,2,122,At Risk
3366,22,14,159141.66999999998,3,4,4,344,Big Spenders
3367,321,7,77414.31,1,1,2,112,At Risk
3368,4,8,85430.45,4,1,2,412,Regular Customers
3369,192,7,44258.850000000006,1,1,1,111,At Risk
3370,1,8,88410.01,4,1,2,412,Regular Customers
3371,110,10,91514.43000000001,1,2,2,122,At Risk
3372,118,17,211731.55,1,4,4,144,Big Spenders
3373,29,8,71624.71,3,1,1,311,Regular Customers
3374,16,11,102642.95,4,3,2,432,Loyal Customers
3375,35,12,96797.39,3,3,2,332,Regular Customers
3376,109,11,127863.88,1,3,3,133,At Risk
3377,181,8,81361.44,1,1,2,112,At Risk
3378,2,10,97542.48999999999,4,2,2,422,Regular Customers
3379,47,11,106320.57,3,3,3,333,Regular Customers
3380,53,9,97931.41,2,2,2,222,Regular Customers
3381,191,6,89616.25,1,1,2,112,At Risk
3382,47,8,111761.7,3,1,3,313,Regular Customers
3383,133,9,77459.12,1,2,2,122,At Risk
3384,11,13,157540.44,4,4,4,444,Champions
3385,208,5,43607.35,1,1,1,111,At Risk
3386,17,10,127372.58,4,2,3,423,Regular Customers
3387,69,7,70573.92,2,1,1,211,Regular Customers
3388,52,8,80546.84,2,1,2,212,Regular Customers
3389,58,13,131594.34,2,4,3,243,Regular Customers
3390,9,15,159017.51,4,4,4,444,Champions
3391,45,10,87601.78,3,2,2,322,Regular Customers
3392,88,6,58859.729999999996,2,1,1,211,Regular Customers
3393,11,10,57360.880000000005,4,2,1,421,Regular Customers
3394,334,2,11236.740000000002,1,1,1,111,At Risk
3395,17,17,145685.77,4,4,4,444,Champions
3396,18,12,79089.81,4,3,2,432,Loyal Customers
3397,18,13,106795.23999999999,4,4,3,443,Loyal Customers
3398,6,10,123009.14,4,2,3,423,Regular Customers
3399,82,4,40042.22,2,1,1,211,Regular Customers
3400,166,12,132685.66,1,3,3,133,At Risk
3401,59,11,149798.74,2,3,4,234,Big Spenders
3402,11,9,33411.33,4,2,1,421,Regular Customers
3403,90,10,129841.22,2,2,3,223,Regular Customers
3404,56,9,63559.9,2,2,1,221,Regular Customers
3405,71,10,82179.27,2,2,2,222,Regular Customers
3406,51,8,87347.32,3,1,2,312,Regular Customers
3407,44,13,135147.05000000002,3,4,3,343,Regular Customers
3408,108,12,111907.79000000001,1,3,3,133,At Risk
3409,57,13,128055.23,2,4,3,243,Regular Customers
3410,183,8,105575.6,1,1,3,113,At Risk
3411,44,11,124250.33,3,3,3,333,Regular Customers
3412,82,8,59407.48,2,1,1,211,Regular Customers
3413,190,10,153632.33,1,2,4,124,Big Spenders
3414,10,14,186226.39,4,4,4,444,Champions
3415,121,13,160572.44,1,4,4,144,Big Spenders
3416,215,7,65703.69,1,1,1,111,At Risk
3417,268,7,40454.0,1,1,1,111,At Risk
3418,25,11,115118.38,3,3,3,333,Regular Customers
3419,49,9,130366.12,3,2,3,323,Regular Customers
3420,25,11,107979.28,3,3,3,333,Regular Customers
3421,13,10,113501.15000000001,4,2,3,423,Regular Customers
3422,58,9,107262.29000000001,2,2,3,223,Regular Customers
3423,52,11,112765.65,2,3,3,233,Regular Customers
3424,30,13,131767.17,3,4,3,343,Regular Customers
3425,7,10,99424.27,4,2,2,422,Regular Customers
3426,210,10,150808.79,1,2,4,124,Big Spenders
3427,110,10,71262.13,1,2,1,121,At Risk
3428,29,12,119571.15000000001,3,3,3,333,Regular Customers
3429,199,11,126784.95,1,3,3,133,At Risk
3430,30,11,111089.72,3,3,3,333,Regular Customers
3431,26,3,39431.42,3,1,1,311,Regular Customers
3432,118,7,61332.47,1,1,1,111,At Risk
3433,20,13,124275.96,4,4,3,443,Loyal Customers
3434,70,13,146770.87,2,4,4,244,Big Spenders
3435,89,11,106129.19,2,3,3,233,Regular Customers
3436,42,8,90221.04,3,1,2,312,Regular Customers
3437,100,12,80986.59,2,3,2,232,Regular Customers
3438,91,9,71106.54,2,2,1,221,Regular Customers
3439,32,8,97862.33,3,1,2,312,Regular Customers
3440,13,10,154446.83,4,2,4,424,Big Spenders
3441,86,9,58710.29,2,2,1,221,Regular Customers
3442,9,14,146186.95,4,4,4,444,Champions
3443,11,7,77206.11,4,1,2,412,Regular Customers
3444,23,14,152161.73,3,4,4,344,Big Spenders
3445,33,12,159358.53,3,3,4,334,Big Spenders
3446,89,9,73676.62,2,2,1,221,Regular Customers
3447,64,13,133458.95,2,4,3,243,Regular Customers
3448,84,11,86447.26,2,3,2,232,Regular Customers
3449,53,10,105285.61,2,2,3,223,Regular Customers
3450,1,19,223763.44999999998,4,4,4,444,Champions
3451,50,10,135307.37,3,2,3,323,Regular Customers
3452,81,11,81774.09999999999,2,3,2,232,Regular Customers
3453,161,10,91549.68,1,2,2,122,At Risk
3454,107,10,121029.37,1,2,3,123,At Risk
3455,77,8,117506.4,2,1,3,213,Regular Customers
3456,14,13,135054.81,4,4,3,443,Loyal Customers
3457,121,6,73273.8,1,1,1,111,At Risk
3458,14,10,31823.58,4,2,1,421,Regular Customers
3459,19,16,132575.15,4,4,3,443,Loyal Customers
3460,14,10,122096.03,4,2,3,423,Regular Customers
3461,60,16,126477.65,2,4,3,243,Regular Customers
3462,71,11,160426.36,2,3,4,234,Big Spenders
3463,54,4,55185.53,2,1,1,211,Regular Customers
3464,88,11,103039.68,2,3,2,232,Regular Customers
3465,52,11,130823.47,2,3,3,233,Regular Customers
3466,29,8,57548.549999999996,3,1,1,311,Regular Customers
3467,90,7,58067.49,2,1,1,211,Regular Customers
3468,198,13,141435.44,1,4,4,144,Big Spenders
3469,25,11,170052.04,3,3,4,334,Big Spenders
3470,25,7,50591.4,3,1,1,311,Regular Customers
3471,12,14,203051.84,4,4,4,444,Champions
3472,50,10,156339.78,3,2,4,324,Big Spenders
3473,49,15,104601.96,3,4,3,343,Regular Customers
3474,101,9,79583.41,2,2,2,222,Regular Customers
3475,55,11,124078.99,2,3,3,233,Regular Customers
3476,52,10,130678.3,2,2,3,223,Regular Customers
3477,167,8,86745.98,1,1,2,112,At Risk
3478,52,14,116783.6,2,4,3,243,Regular Customers
3479,219,7,72280.56,1,1,1,111,At Risk
3480,14,12,156485.17,4,3,4,434,Loyal Customers
3481,138,10,144862.82,1,2,4,124,Big Spenders
3482,23,14,211383.57,3,4,4,344,Big Spenders
3483,245,5,23716.27,1,1,1,111,At Risk
3484,188,11,157351.15,1,3,4,134,Big Spenders
3485,177,7,66494.06,1,1,1,111,At Risk
3486,49,2,22421.96,3,1,1,311,Regular Customers
3487,58,11,77217.48,2,3,2,232,Regular Customers
3488,182,8,107589.71,1,1,3,113,At Risk
3489,9,9,116986.44,4,2,3,423,Regular Customers
3490,208,7,69754.2,1,1,1,111,At Risk
3491,181,6,75024.34999999999,1,1,1,111,At Risk
3492,96,8,100668.38,2,1,2,212,Regular Customers
3493,46,9,101740.12,3,2,2,322,Regular Customers
3494,123,13,113835.01,1,4,3,143,At Risk
3495,8,15,174068.17,4,4,4,444,Champions
3496,44,15,140731.77,3,4,4,344,Big Spenders
3497,16,12,149886.28999999998,4,3,4,434,Loyal Customers
3498,26,6,58780.22,3,1,1,311,Regular Customers
3499,82,9,141279.84,2,2,4,224,Big Spenders
3500,56,7,86833.31,2,1,2,212,Regular Customers
3501,45,14,143250.19,3,4,4,344,Big Spenders
3502,85,12,102559.98999999999,2,3,2,232,Regular Customers
3503,3,11,132926.68,4,3,3,433,Loyal Customers
3504,29,6,64961.81,3,1,1,311,Regular Customers
3505,18,7,67077.47,4,1,1,411,Regular Customers
3506,6,10,120187.91,4,2,3,423,Regular Customers
3507,16,19,216322.49,4,4,4,444,Champions
3508,137,11,101401.58,1,3,2,132,At Risk
3509,62,8,103057.15000000001,2,1,2,212,Regular Customers
3510,24,12,179492.6,3,3,4,334,Big Spenders
3511,81,6,53175.25,2,1,1,211,Regular Customers
3512,13,7,91335.81,4,1,2,412,Regular Customers
3513,23,13,115201.74,3,4,3,343,Regular Customers
3514,32,12,119231.63,3,3,3,333,Regular Customers
3515,43,6,94139.40000000001,3,1,2,312,Regular Customers
3516,82,11,97645.45999999999,2,3,2,232,Regular Customers
3517,86,9,110451.17,2,2,3,223,Regular Customers
3518,2,16,144517.37,4,4,4,444,Champions
3519,11,12,165087.13,4,3,4,434,Loyal Customers
3520,11,8,132166.1,4,1,3,413,Regular Customers
3521,77,12,148366.15,2,3,4,234,Big Spenders
3522,33,12,179800.53999999998,3,3,4,334,Big Spenders
3523,59,10,131390.26,2,2,3,223,Regular Customers
3524,17,7,62782.27,4,1,1,411,Regular Customers
3525,71,12,180606.95,2,3,4,234,Big Spenders
3526,62,9,47824.14,2,2,1,221,Regular Customers
3527,41,12,150110.13,3,3,4,334,Big Spenders
3528,420,4,31955.480000000003,1,1,1,111,At Risk
3529,203,6,57666.22,1,1,1,111,At Risk
3530,153,9,55349.03,1,2,1,121,At Risk
3531,33,18,147397.28,3,4,4,344,Big Spenders
3532,141,11,73113.49,1,3,1,131,At Risk
3533,27,10,51766.329999999994,3,2,1,321,Regular Customers
3534,21,9,111226.59,4,2,3,423,Regular Customers
3535,63,10,135217.65,2,2,3,223,Regular Customers
3536,141,5,31113.91,1,1,1,111,At Risk
3537,3,9,87035.89,4,2,2,422,Regular Customers
3538,1,4,31595.43,4,1,1,411,Regular Customers
3539,24,13,146142.54,3,4,4,344,Big Spenders
3540,19,14,123448.16,4,4,3,443,Loyal Customers
3541,212,6,65260.229999999996,1,1,1,111,At Risk
3542,44,9,116293.59,3,2,3,323,Regular Customers
3543,81,4,51545.18,2,1,1,211,Regular Customers
3544,17,11,105836.0,4,3,3,433,Loyal Customers
3545,24,15,171087.44,3,4,4,344,Big Spenders
3546,232,13,152953.92,1,4,4,144,Big Spenders
3547,56,7,67368.23999999999,2,1,1,211,Regular Customers
3548,23,15,146138.3,3,4,4,344,Big Spenders
3549,50,9,125413.1,3,2,3,323,Regular Customers
3550,67,8,121022.59,2,1,3,213,Regular Customers
3551,50,15,139600.49000000002,3,4,4,344,Big Spenders
3552,24,8,88724.34,3,1,2,312,Regular Customers
3553,81,9,107224.68,2,2,3,223,Regular Customers
3554,14,7,114610.83,4,1,3,413,Regular Customers
3555,61,14,160552.37,2,4,4,244,Big Spenders
3556,33,12,115458.44,3,3,3,333,Regular Customers
3557,5,14,134241.06,4,4,3,443,Loyal Customers
3558,108,9,145591.6,1,2,4,124,Big Spenders
3559,34,9,57086.159999999996,3,2,1,321,Regular Customers
3560,53,11,113454.93,2,3,3,233,Regular Customers
3561,88,13,157893.41,2,4,4,244,Big Spenders
3562,106,11,105482.65,1,3,3,133,At Risk
3563,121,9,126185.5,1,2,3,123,At Risk
3564,51,14,141553.21,3,4,4,344,Big Spenders
3565,58,8,117279.68000000001,2,1,3,213,Regular Customers
3566,27,13,160588.34,3,4,4,344,Big Spenders
3567,12,11,114526.98,4,3,3,433,Loyal Customers
3568,39,16,137873.36,3,4,4,344,Big Spenders
3569,152,7,76545.71,1,1,1,111,At Risk
3570,4,13,118866.01000000001,4,4,3,443,Loyal Customers
3571,12,13,98238.96,4,4,2,442,Loyal Customers
3572,39,6,61641.06,3,1,1,311,Regular Customers
3573,28,9,110036.98,3,2,3,323,Regular Customers
3574,50,9,60170.97,3,2,1,321,Regular Customers
3575,27,9,84378.13,3,2,2,322,Regular Customers
3576,85,11,139860.43,2,3,4,234,Big Spenders
3577,19,7,90135.27,4,1,2,412,Regular Customers
3578,43,18,140530.53,3,4,4,344,Big Spenders
3579,46,11,129238.09999999999,3,3,3,333,Regular Customers
3580,245,7,55624.380000000005,1,1,1,111,At Risk
3581,234,6,89287.43,1,1,2,112,At Risk
3582,92,10,145792.15,2,2,4,224,Big Spenders
3583,467,5,43593.770000000004,1,1,1,111,At Risk
3584,28,3,52864.52,3,1,1,311,Regular Customers
3585,253,7,88094.48999999999,1,1,2,112,At Risk
3586,18,6,66396.35,4,1,1,411,Regular Customers
3587,23,11,151957.15,3,3,4,334,Big Spenders
3588,94,9,62698.13,2,2,1,221,Regular Customers
3589,75,9,119197.27,2,2,3,223,Regular Customers
3590,90,14,173810.81,2,4,4,244,Big Spenders
3591,42,10,132999.29,3,2,3,323,Regular Customers
3592,100,14,184497.97,2,4,4,244,Big Spenders
3593,23,14,169748.13,3,4,4,344,Big Spenders
3594,53,11,74647.83,2,3,1,231,Regular Customers
3595,24,6,72772.31,3,1,1,311,Regular Customers
3596,80,8,60636.490000000005,2,1,1,211,Regular Customers
3597,20,14,102957.87,4,4,2,442,Loyal Customers
3598,62,12,175432.81,2,3,4,234,Big Spenders
3599,91,5,44600.33,2,1,1,211,Regular Customers
3600,85,6,96920.31,2,1,2,212,Regular Customers
3601,22,11,93009.43000000001,3,3,2,332,Regular Customers
3602,76,7,121789.84,2,1,3,213,Regular Customers
3603,15,9,113983.77,4,2,3,423,Regular Customers
3604,29,12,145895.06,3,3,4,334,Big Spenders
3605,191,8,84213.39,1,1,2,112,At Risk
3606,295,4,22458.37,1,1,1,111,At Risk
3607,52,11,123630.34,2,3,3,233,Regular Customers
3608,198,3,41143.100000000006,1,1,1,111,At Risk
3609,26,15,169710.53,3,4,4,344,Big Spenders
3610,7,13,122941.64,4,4,3,443,Loyal Customers
3611,4,8,147863.13,4,1,4,414,Big Spenders
3612,299,13,127501.39,1,4,3,143,At Risk
3613,264,10,106383.75,1,2,3,123,At Risk
3614,167,8,145970.63,1,1,4,114,Big Spenders
3615,21,15,103835.67,4,4,2,442,Loyal Customers
3616,70,13,104023.93000000001,2,4,2,242,Regular Customers
3617,30,5,51611.94,3,1,1,311,Regular Customers
3618,249,11,80972.91,1,3,2,132,At Risk
3619,1,8,114239.4,4,1,3,413,Regular Customers
3620,39,8,74172.63,3,1,1,311,Regular Customers
3621,180,8,99751.34,1,1,2,112,At Risk
3622,152,7,90641.97,1,1,2,112,At Risk
3623,218,6,40491.24,1,1,1,111,At Risk
3624,30,13,157746.62,3,4,4,344,Big Spenders
3625,88,9,89141.29000000001,2,2,2,222,Regular Customers
3626,107,3,32641.67,1,1,1,111,At Risk
3627,78,9,79664.59,2,2,2,222,Regular Customers
3628,46,9,107819.90000000001,3,2,3,323,Regular Customers
3629,53,9,81419.74,2,2,2,222,Regular Customers
3630,19,12,185331.07,4,3,4,434,Loyal Customers
3631,148,9,103760.07,1,2,2,122,At Risk
3632,26,11,105379.76,3,3,3,333,Regular Customers
3633,213,8,87314.29000000001,1,1,2,112,At Risk
3634,34,11,93600.03,3,3,2,332,Regular Customers
3635,65,7,58693.89,2,1,1,211,Regular Customers
3636,120,9,165545.93,1,2,4,124,Big Spenders
3637,41,9,92779.03,3,2,2,322,Regular Customers
3638,57,5,58915.67,2,1,1,211,Regular Customers
3639,123,10,90013.69,1,2,2,122,At Risk
3640,31,9,101662.09,3,2,2,322,Regular Customers
3641,272,8,48328.99,1,1,1,111,At Risk
3642,23,9,69652.81,3,2,1,321,Regular Customers
3643,81,6,101471.62000000001,2,1,2,212,Regular Customers
3644,123,18,175271.23,1,4,4,144,Big Spenders
3645,188,10,56028.0,1,2,1,121,At Risk
3646,73,13,98167.5,2,4,2,242,Regular Customers
3647,292,8,60687.35,1,1,1,111,At Risk
3648,47,11,157484.02,3,3,4,334,Big Spenders
3649,27,10,128172.95,3,2,3,323,Regular Customers
3650,123,18,217964.22,1,4,4,144,Big Spenders
3651,13,12,133986.64,4,3,3,433,Loyal Customers
3652,5,10,127693.68,4,2,3,423,Regular Customers
3653,89,8,73849.75,2,1,1,211,Regular Customers
3654,102,9,51132.62,2,2,1,221,Regular Customers
3655,18,16,113088.82,4,4,3,443,Loyal Customers
3656,13,7,67309.54000000001,4,1,1,411,Regular Customers
3657,35,9,79207.63,3,2,2,322,Regular Customers
3658,5,12,125578.65000000001,4,3,3,433,Loyal Customers
3659,26,5,37925.479999999996,3,1,1,311,Regular Customers
3660,32,11,112412.81,3,3,3,333,Regular Customers
3661,31,8,57807.520000000004,3,1,1,311,Regular Customers
3662,17,12,156628.93,4,3,4,434,Loyal Customers
3663,96,13,151047.08,2,4,4,244,Big Spenders
3664,123,7,42768.53,1,1,1,111,At Risk
3665,15,9,60922.83,4,2,1,421,Regular Customers
3666,35,11,121339.16,3,3,3,333,Regular Customers
3667,16,18,210826.82,4,4,4,444,Champions
3668,23,11,166371.15,3,3,4,334,Big Spenders
3669,25,9,90977.25,3,2,2,322,Regular Customers
3670,192,7,56065.94,1,1,1,111,At Risk
3671,358,5,80391.06999999999,1,1,2,112,At Risk
3672,307,6,67227.13,1,1,1,111,At Risk
3673,78,7,57993.030000000006,2,1,1,211,Regular Customers
3674,80,10,69507.02,2,2,1,221,Regular Customers
3675,36,11,105579.62,3,3,3,333,Regular Customers
3676,7,10,106630.14,4,2,3,423,Regular Customers
3677,53,9,96854.27,2,2,2,222,Regular Customers
3678,22,15,164433.66,3,4,4,344,Big Spenders
3679,59,12,95346.94,2,3,2,232,Regular Customers
3680,39,11,125735.88,3,3,3,333,Regular Customers
3681,89,9,108924.69,2,2,3,223,Regular Customers
3682,75,15,205336.05,2,4,4,244,Big Spenders
3683,39,12,161011.11,3,3,4,334,Big Spenders
3684,89,10,103614.27,2,2,2,222,Regular Customers
3685,45,12,118550.56,3,3,3,333,Regular Customers
3686,146,8,91086.04000000001,1,1,2,112,At Risk
3687,111,11,105621.55,1,3,3,133,At Risk
3688,272,5,33942.52,1,1,1,111,At Risk
3689,91,10,107747.45,2,2,3,223,Regular Customers
3690,20,12,167103.07,4,3,4,434,Loyal Customers
3691,10,7,43952.75,4,1,1,411,Regular Customers
3692,41,7,86053.93,3,1,2,312,Regular Customers
3693,27,9,123709.06999999999,3,2,3,323,Regular Customers
3694,69,8,86217.06999999999,2,1,2,212,Regular Customers
3695,11,10,94943.98,4,2,2,422,Regular Customers
3696,64,8,68527.89,2,1,1,211,Regular Customers
3697,15,11,67721.78,4,3,1,431,Loyal Customers
3698,18,15,109235.3,4,4,3,443,Loyal Customers
3699,65,11,97896.26000000001,2,3,2,232,Regular Customers
3700,265,8,106741.23000000001,1,1,3,113,At Risk
3701,62,7,111056.08,2,1,3,213,Regular Customers
3702,131,10,94629.67,1,2,2,122,At Risk
3703,104,12,108623.76000000001,1,3,3,133,At Risk
3704,33,8,73208.28,3,1,1,311,Regular Customers
3705,38,5,39729.590000000004,3,1,1,311,Regular Customers
3706,16,14,181521.35,4,4,4,444,Champions
3707,1,10,82080.22,4,2,2,422,Regular Customers
3708,64,10,113964.37,2,2,3,223,Regular Customers
3709,7,10,94686.77,4,2,2,422,Regular Customers
3710,22,13,135384.2,3,4,3,343,Regular Customers
3711,14,10,101067.6,4,2,2,422,Regular Customers
3712,56,13,122120.94,2,4,3,243,Regular Customers
3713,102,4,45308.48,2,1,1,211,Regular Customers
3714,6,7,66308.76,4,1,1,411,Regular Customers
3715,20,13,127988.38,4,4,3,443,Loyal Customers
3716,18,10,94667.81,4,2,2,422,Regular Customers
3717,250,6,72141.83,1,1,1,111,At Risk
3718,67,11,100878.71,2,3,2,232,Regular Customers
3719,24,14,132816.45,3,4,3,343,Regular Customers
3720,52,13,107672.68,2,4,3,243,Regular Customers
3721,41,11,105192.33,3,3,3,333,Regular Customers
3722,10,6,64924.37,4,1,1,411,Regular Customers
3723,65,5,63981.21,2,1,1,211,Regular Customers
3724,221,11,87905.0,1,3,2,132,At Risk
3725,58,16,140463.03,2,4,4,244,Big Spenders
3726,49,8,78271.04000000001,3,1,2,312,Regular Customers
3727,70,10,119293.93,2,2,3,223,Regular Customers
3728,10,15,180136.83000000002,4,4,4,444,Champions
3729,69,11,138121.93,2,3,4,234,Big Spenders
3730,15,4,26709.55,4,1,1,411,Regular Customers
3731,82,10,135897.65,2,2,4,224,Big Spenders
3732,87,8,103354.95,2,1,2,212,Regular Customers
3733,32,16,117608.05,3,4,3,343,Regular Customers
3734,60,14,128701.14,2,4,3,243,Regular Customers
3735,38,10,125808.3,3,2,3,323,Regular Customers
3736,342,7,57397.1,1,1,1,111,At Risk
3737,116,11,127850.09,1,3,3,133,At Risk
3738,224,4,77685.17,1,1,2,112,At Risk
3739,154,11,169811.69999999998,1,3,4,134,Big Spenders
3740,265,3,57877.39,1,1,1,111,At Risk
3741,19,9,69157.88,4,2,1,421,Regular Customers
3742,208,13,113875.32,1,4,3,143,At Risk
3743,157,7,43641.98,1,1,1,111,At Risk
3744,64,15,161865.96,2,4,4,244,Big Spenders
3745,7,12,109463.28,4,3,3,433,Loyal Customers
3746,83,7,43956.12,2,1,1,211,Regular Customers
3747,8,11,97952.42,4,3,2,432,Loyal Customers
3748,29,16,221175.18,3,4,4,344,Big Spenders
3749,122,9,52639.07,1,2,1,121,At Risk
3750,182,11,151099.62,1,3,4,134,Big Spenders
3751,114,10,105481.72,1,2,3,123,At Risk
3752,91,12,114816.07,2,3,3,233,Regular Customers
3753,100,8,123742.70999999999,2,1,3,213,Regular Customers
3754,55,13,183220.1,2,4,4,244,Big Spenders
3755,7,10,117966.29,4,2,3,423,Regular Customers
3756,124,9,131665.11,1,2,3,123,At Risk
3757,295,7,65211.55,1,1,1,111,At Risk
3758,26,9,123143.64,3,2,3,323,Regular Customers
3759,92,14,154074.08000000002,2,4,4,244,Big Spenders
3760,4,10,65976.99,4,2,1,421,Regular Customers
3761,123,9,119546.48,1,2,3,123,At Risk
3762,101,7,72894.74,2,1,1,211,Regular Customers
3763,19,9,115861.81,4,2,3,423,Regular Customers
3764,68,11,138552.73,2,3,4,234,Big Spenders
3765,172,8,33702.33,1,1,1,111,At Risk
3766,104,11,99993.36,1,3,2,132,At Risk
3767,441,6,49552.33,1,1,1,111,At Risk
3768,85,9,73636.12,2,2,1,221,Regular Customers
3769,2,17,190649.05000000002,4,4,4,444,Champions
3770,5,12,115111.72,4,3,3,433,Loyal Customers
3771,73,13,158453.02,2,4,4,244,Big Spenders
3772,94,6,93603.23999999999,2,1,2,212,Regular Customers
3773,94,17,221825.91,2,4,4,244,Big Spenders
3774,38,11,104723.74,3,3,3,333,Regular Customers
3775,229,8,107355.79000000001,1,1,3,113,At Risk
3776,7,11,134257.74,4,3,3,433,Loyal Customers
3777,65,12,93211.92,2,3,2,232,Regular Customers
3778,81,13,173244.43,2,4,4,244,Big Spenders
3779,125,7,56710.060000000005,1,1,1,111,At Risk
3780,175,13,156367.23,1,4,4,144,Big Spenders
3781,24,10,156990.3,3,2,4,324,Big Spenders
3782,37,14,139061.05,3,4,4,344,Big Spenders
3783,137,8,80414.11,1,1,2,112,At Risk
3784,7,9,68013.18000000001,4,2,1,421,Regular Customers
3785,12,11,113241.3,4,3,3,433,Loyal Customers
3786,47,15,98635.28,3,4,2,342,Regular Customers
3787,18,17,155495.68,4,4,4,444,Champions
3788,15,9,122762.13,4,2,3,423,Regular Customers
3789,80,13,173914.34,2,4,4,244,Big Spenders
3790,31,12,118117.99,3,3,3,333,Regular Customers
3791,7,9,95375.15,4,2,2,422,Regular Customers
3792,69,6,72644.32,2,1,1,211,Regular Customers
3793,42,9,83363.55,3,2,2,322,Regular Customers
3794,24,14,169341.37,3,4,4,344,Big Spenders
3795,6,12,136316.14,4,3,4,434,Loyal Customers
3796,54,10,171669.12,2,2,4,224,Big Spenders
3797,34,10,94731.38,3,2,2,322,Regular Customers
3798,265,5,60718.47,1,1,1,111,At Risk
3799,75,9,65491.14,2,2,1,221,Regular Customers
3800,2,11,109308.48999999999,4,3,3,433,Loyal Customers
3801,94,10,90091.82,2,2,2,222,Regular Customers
3802,217,13,140591.5,1,4,4,144,Big Spenders
3803,7,10,113954.06,4,2,3,423,Regular Customers
3804,3,7,101622.83,4,1,2,412,Regular Customers
3805,1,13,160341.03,4,4,4,444,Champions
3806,2,9,152199.67,4,2,4,424,Big Spenders
3807,160,5,66510.08,1,1,1,111,At Risk
3808,34,9,62952.880000000005,3,2,1,321,Regular Customers
3809,11,5,59160.39,4,1,1,411,Regular Customers
3810,2,9,67759.88,4,2,1,421,Regular Customers
3811,12,15,188433.96,4,4,4,444,Champions
3812,69,15,121412.56,2,4,3,243,Regular Customers
3813,25,9,124383.26,3,2,3,323,Regular Customers
3814,201,9,94810.09,1,2,2,122,At Risk
3815,165,6,55224.4,1,1,1,111,At Risk
3816,73,11,134362.09,2,3,3,233,Regular Customers
3817,48,11,87441.99,3,3,2,332,Regular Customers
3818,52,15,103775.92,2,4,2,242,Regular Customers
3819,61,10,78764.66,2,2,2,222,Regular Customers
3820,36,9,83023.3,3,2,2,322,Regular Customers
3821,238,3,13760.85,1,1,1,111,At Risk
3822,96,13,127264.92,2,4,3,243,Regular Customers
3823,10,11,167196.06,4,3,4,434,Loyal Customers
3824,1,12,90125.68000000001,4,3,2,432,Loyal Customers
3825,14,7,65917.67,4,1,1,411,Regular Customers
3826,184,5,64667.649999999994,1,1,1,111,At Risk
3827,45,11,163607.91,3,3,4,334,Big Spenders
3828,49,13,173453.44,3,4,4,344,Big Spenders
3829,1,11,141701.84,4,3,4,434,Loyal Customers
3830,320,6,64079.94,1,1,1,111,At Risk
3831,126,11,151679.82,1,3,4,134,Big Spenders
3832,4,12,180592.46,4,3,4,434,Loyal Customers
3833,37,12,152370.24,3,3,4,334,Big Spenders
3834,120,11,122235.76,1,3,3,133,At Risk
3835,35,10,135767.42,3,2,3,323,Regular Customers
3836,50,10,131957.35,3,2,3,323,Regular Customers
3837,89,9,89210.40000000001,2,2,2,222,Regular Customers
3838,106,12,122595.51000000001,1,3,3,133,At Risk
3839,31,14,133060.45,3,4,3,343,Regular Customers
3840,103,10,72486.61,1,2,1,121,At Risk
3841,170,11,110638.82999999999,1,3,3,133,At Risk
3842,208,3,18062.86,1,1,1,111,At Risk
3843,124,4,61354.649999999994,1,1,1,111,At Risk
3844,95,6,78112.93,2,1,2,212,Regular Customers
3845,260,9,93964.37000000001,1,2,2,122,At Risk
3846,5,8,68839.98,4,1,1,411,Regular Customers
3847,71,12,101721.67,2,3,2,232,Regular Customers
3848,74,9,73130.45000000001,2,2,1,221,Regular Customers
3849,89,4,52927.88,2,1,1,211,Regular Customers
3850,104,10,186813.29,1,2,4,124,Big Spenders
3851,110,19,196696.69,1,4,4,144,Big Spenders
3852,37,7,47326.75,3,1,1,311,Regular Customers
3853,36,13,146336.24,3,4,4,344,Big Spenders
3854,102,12,148090.76,2,3,4,234,Big Spenders
3855,28,4,57629.03,3,1,1,311,Regular Customers
3856,141,9,126219.1,1,2,3,123,At Risk
3857,102,6,62738.8,2,1,1,211,Regular Customers
3858,56,3,30713.9,2,1,1,211,Regular Customers
3859,75,9,134160.61000000002,2,2,3,223,Regular Customers
3860,11,13,120103.5,4,4,3,443,Loyal Customers
3861,158,7,135977.78,1,1,4,114,Big Spenders
3862,20,12,110352.46,4,3,3,433,Loyal Customers
3863,3,10,153915.98,4,2,4,424,Big Spenders
3864,42,14,95173.83,3,4,2,342,Regular Customers
3865,42,11,160294.32,3,3,4,334,Big Spenders
3866,106,8,94782.55,1,1,2,112,At Risk
3867,28,9,59421.5,3,2,1,321,Regular Customers
3868,113,13,113140.78,1,4,3,143,At Risk
3869,6,7,56267.880000000005,4,1,1,411,Regular Customers
3870,58,7,63589.380000000005,2,1,1,211,Regular Customers
3871,60,14,155891.81,2,4,4,244,Big Spenders
3872,32,12,92546.8,3,3,2,332,Regular Customers
3873,9,13,134191.64,4,4,3,443,Loyal Customers
3874,87,8,101481.62,2,1,2,212,Regular Customers
3875,44,8,82202.63,3,1,2,312,Regular Customers
3876,61,15,159493.47,2,4,4,244,Big Spenders
3877,24,13,101551.9,3,4,2,342,Regular Customers
3878,69,8,69523.82,2,1,1,211,Regular Customers
3879,208,6,63989.62,1,1,1,111,At Risk
3880,254,6,42020.93,1,1,1,111,At Risk
3881,41,7,58918.63,3,1,1,311,Regular Customers
3882,4,10,109922.66,4,2,3,423,Regular Customers
3883,115,9,119762.53,1,2,3,123,At Risk
3884,59,12,139864.4,2,3,4,234,Big Spenders
3885,9,9,116404.54999999999,4,2,3,423,Regular Customers
3886,52,10,130889.55,2,2,3,223,Regular Customers
3887,8,16,137613.48,4,4,4,444,Champions
3888,18,12,147509.94,4,3,4,434,Loyal Customers
3889,18,11,86235.98000000001,4,3,2,432,Loyal Customers
3890,107,9,110450.79000000001,1,2,3,123,At Risk
3891,33,15,117125.54,3,4,3,343,Regular Customers
3892,74,9,130234.85,2,2,3,223,Regular Customers
3893,27,5,53069.37,3,1,1,311,Regular Customers
3894,175,7,107311.69,1,1,3,113,At Risk
3895,158,9,99205.01999999999,1,2,2,122,At Risk
3896,65,14,140811.2,2,4,4,244,Big Spenders
3897,25,5,36924.11,3,1,1,311,Regular Customers
3898,9,13,98735.48,4,4,2,442,Loyal Customers
3899,33,12,126863.04,3,3,3,333,Regular Customers
3900,43,14,88396.84,3,4,2,342,Regular Customers
3901,49,9,91521.2,3,2,2,322,Regular Customers
3902,265,11,150228.41999999998,1,3,4,134,Big Spenders
3903,29,11,125106.76999999999,3,3,3,333,Regular Customers
3904,124,12,113104.73,1,3,3,133,At Risk
3905,118,11,111113.40000000001,1,3,3,133,At Risk
3906,2,5,25314.64,4,1,1,411,Regular Customers
3907,40,8,93515.02,3,1,2,312,Regular Customers
3908,171,11,120406.29000000001,1,3,3,133,At Risk
3909,69,6,57505.33,2,1,1,211,Regular Customers
3910,242,8,34639.81,1,1,1,111,At Risk
3911,48,14,194866.69,3,4,4,344,Big Spenders
3912,7,16,133259.1,4,4,3,443,Loyal Customers
3913,32,11,144778.41,3,3,4,334,Big Spenders
3914,141,13,96584.75,1,4,2,142,At Risk
3915,3,10,84142.59,4,2,2,422,Regular Customers
3916,4,13,150688.38999999998,4,4,4,444,Champions
3917,22,21,187620.06,3,4,4,344,Big Spenders
3918,36,11,125735.09999999999,3,3,3,333,Regular Customers
3919,13,8,102371.83,4,1,2,412,Regular Customers
3920,38,9,120089.49,3,2,3,323,Regular Customers
3921,12,8,139532.99,4,1,4,414,Big Spenders
3922,83,11,63401.58,2,3,1,231,Regular Customers
3923,91,8,65882.11,2,1,1,211,Regular Customers
3924,34,7,102478.84000000001,3,1,2,312,Regular Customers
3925,52,6,18508.57,2,1,1,211,Regular Customers
3926,30,11,153269.1,3,3,4,334,Big Spenders
3927,110,9,70219.73,1,2,1,121,At Risk
3928,12,9,83539.3,4,2,2,422,Regular Customers
3929,41,13,158158.07,3,4,4,344,Big Spenders
3930,43,14,125647.47,3,4,3,343,Regular Customers
3931,40,8,73751.22,3,1,1,311,Regular Customers
3932,118,6,55936.49,1,1,1,111,At Risk
3933,63,10,148012.02,2,2,4,224,Big Spenders
3934,44,6,41971.49,3,1,1,311,Regular Customers
3935,12,15,119623.26000000001,4,4,3,443,Loyal Customers
3936,5,10,114716.82,4,2,3,423,Regular Customers
3937,28,9,66353.41,3,2,1,321,Regular Customers
3938,17,12,125810.65,4,3,3,433,Loyal Customers
3939,297,6,95711.20999999999,1,1,2,112,At Risk
3940,6,15,188659.83000000002,4,4,4,444,Champions
3941,17,15,173181.19,4,4,4,444,Champions
3942,2,7,82659.9,4,1,2,412,Regular Customers
3943,106,15,181123.38,1,4,4,144,Big Spenders
3944,14,10,107615.27,4,2,3,423,Regular Customers
3945,77,8,65394.270000000004,2,1,1,211,Regular Customers
3946,30,11,124894.01000000001,3,3,3,333,Regular Customers
3947,117,7,111358.37,1,1,3,113,At Risk
3948,2,17,131585.75,4,4,3,443,Loyal Customers
3949,126,7,67981.66,1,1,1,111,At Risk
3950,73,7,132654.41,2,1,3,213,Regular Customers
3951,27,14,134556.15,3,4,3,343,Regular Customers
3952,62,6,57170.78,2,1,1,211,Regular Customers
3953,27,12,170296.88,3,3,4,334,Big Spenders
3954,61,11,128479.73,2,3,3,233,Regular Customers
3955,24,7,47451.96,3,1,1,311,Regular Customers
3956,51,11,103882.76,3,3,2,332,Regular Customers
3957,17,12,166102.24,4,3,4,434,Loyal Customers
3958,45,12,171787.76,3,3,4,334,Big Spenders
3959,85,11,150942.57,2,3,4,234,Big Spenders
3960,349,6,56909.96000000001,1,1,1,111,At Risk
3961,49,9,111783.05,3,2,3,323,Regular Customers
3962,42,20,218800.38999999998,3,4,4,344,Big Spenders
3963,117,9,55953.78999999999,1,2,1,121,At Risk
3964,108,4,13908.170000000002,1,1,1,111,At Risk
3965,33,12,130958.03,3,3,3,333,Regular Customers
3966,83,15,181530.12,2,4,4,244,Big Spenders
3967,36,20,116355.65,3,4,3,343,Regular Customers
3968,9,8,71805.77,4,1,1,411,Regular Customers
3969,39,18,207004.0,3,4,4,344,Big Spenders
3970,3,9,154900.99,4,2,4,424,Big Spenders
3971,22,10,127455.7,3,2,3,323,Regular Customers
3972,60,14,125534.53,2,4,3,243,Regular Customers
3973,34,13,137220.35,3,4,4,344,Big Spenders
3974,22,12,83037.28,3,3,2,332,Regular Customers
3975,22,9,72427.02,3,2,1,321,Regular Customers
3976,83,9,75869.37,2,2,1,221,Regular Customers
3977,21,9,100449.04000000001,4,2,2,422,Regular Customers
3978,121,14,92382.82,1,4,2,142,At Risk
3979,35,10,107578.93,3,2,3,323,Regular Customers
3980,105,9,147544.07,1,2,4,124,Big Spenders
3981,86,6,72529.43,2,1,1,211,Regular Customers
3982,59,5,50273.78,2,1,1,211,Regular Customers
3983,19,8,73528.01,4,1,1,411,Regular Customers
3984,35,9,112436.54000000001,3,2,3,323,Regular Customers
3985,10,9,146480.91999999998,4,2,4,424,Big Spenders
3986,22,16,132147.61,3,4,3,343,Regular Customers
3987,37,12,150497.33000000002,3,3,4,334,Big Spenders
3988,15,11,130459.24,4,3,3,433,Loyal Customers
3989,112,5,84726.62000000001,1,1,2,112,At Risk
3990,56,10,138278.98,2,2,4,224,Big Spenders
3991,3,5,50086.58,4,1,1,411,Regular Customers
3992,49,5,63934.56,3,1,1,311,Regular Customers
3993,86,10,109038.69,2,2,3,223,Regular Customers
3994,11,12,80469.28,4,3,2,432,Loyal Customers
3995,45,11,143585.11,3,3,4,334,Big Spenders
3996,118,11,135003.16,1,3,3,133,At Risk
3997,93,7,66786.22,2,1,1,211,Regular Customers
3998,99,12,134524.56,2,3,3,233,Regular Customers
3999,26,13,129735.2,3,4,3,343,Regular Customers
4000,5,15,203772.81,4,4,4,444,Champions
4001,8,11,51535.82,4,3,1,431,Loyal Customers
4002,44,14,179887.75,3,4,4,344,Big Spenders
4003,29,11,133237.03,3,3,3,333,Regular Customers
4004,74,12,91216.93,2,3,2,232,Regular Customers
4005,32,6,38363.27,3,1,1,311,Regular Customers
4006,3,6,95346.06,4,1,2,412,Regular Customers
4007,294,7,46291.39,1,1,1,111,At Risk
4008,104,6,45785.520000000004,1,1,1,111,At Risk
4009,93,9,99229.41,2,2,2,222,Regular Customers
4010,48,10,119892.23999999999,3,2,3,323,Regular Customers
4011,97,14,168918.22,2,4,4,244,Big Spenders
4012,44,10,162991.61,3,2,4,324,Big Spenders
4013,241,8,55162.56,1,1,1,111,At Risk
4014,2,12,92262.84,4,3,2,432,Loyal Customers
4015,120,12,137780.92,1,3,4,134,Big Spenders
4016,32,14,137776.43,3,4,4,344,Big Spenders
4017,32,14,96772.08,3,4,2,342,Regular Customers
4018,59,6,25083.75,2,1,1,211,Regular Customers
4019,179,8,53214.380000000005,1,1,1,111,At Risk
4020,37,9,115057.12999999999,3,2,3,323,Regular Customers
4021,9,13,127563.13,4,4,3,443,Loyal Customers
4022,54,8,57069.600000000006,2,1,1,211,Regular Customers
4023,172,13,194634.05,1,4,4,144,Big Spenders
4024,8,9,33012.42,4,2,1,421,Regular Customers
4025,13,8,90868.48999999999,4,1,2,412,Regular Customers
4026,142,9,112953.8,1,2,3,123,At Risk
4027,119,8,114867.78,1,1,3,113,At Risk
4028,79,8,62181.93,2,1,1,211,Regular Customers
4029,77,9,113579.97,2,2,3,223,Regular Customers
4030,34,11,130111.62,3,3,3,333,Regular Customers
4031,80,15,211425.47,2,4,4,244,Big Spenders
4032,3,12,187105.4,4,3,4,434,Loyal Customers
4033,8,15,176637.65,4,4,4,444,Champions
4034,195,11,117561.3,1,3,3,133,At Risk
4035,63,8,80415.87,2,1,2,212,Regular Customers
4036,51,17,120503.8,3,4,3,343,Regular Customers
4037,46,19,272370.15,3,4,4,344,Big Spenders
4038,24,6,50807.06,3,1,1,311,Regular Customers
4039,142,4,78406.75,1,1,2,112,At Risk
4040,5,8,63697.39,4,1,1,411,Regular Customers
4041,20,6,106238.10999999999,4,1,3,413,Regular Customers
4042,221,8,87506.12,1,1,2,112,At Risk
4043,129,11,153345.87,1,3,4,134,Big Spenders
4044,247,7,85010.76,1,1,2,112,At Risk
4045,52,7,51332.68,2,1,1,211,Regular Customers
4046,10,14,161389.91,4,4,4,444,Champions
4047,25,10,100295.38,3,2,2,322,Regular Customers
4048,168,11,101170.81,1,3,2,132,At Risk
4049,31,8,159833.04,3,1,4,314,Big Spenders
4050,6,15,139331.71,4,4,4,444,Champions
4051,11,11,141057.16,4,3,4,434,Loyal Customers
4052,30,17,159577.88999999998,3,4,4,344,Big Spenders
4053,32,9,96314.9,3,2,2,322,Regular Customers
4054,74,7,46827.49,2,1,1,211,Regular Customers
4055,38,9,85009.89,3,2,2,322,Regular Customers
4056,46,8,82985.41,3,1,2,312,Regular Customers
4057,49,10,88468.82,3,2,2,322,Regular Customers
4058,3,17,104668.84,4,4,3,443,Loyal Customers
4059,1,9,90425.53,4,2,2,422,Regular Customers
4060,114,11,102821.09,1,3,2,132,At Risk
4061,3,9,146002.26,4,2,4,424,Big Spenders
4062,97,7,92366.98999999999,2,1,2,212,Regular Customers
4063,27,11,138175.45,3,3,4,334,Big Spenders
4064,177,9,107275.89,1,2,3,123,At Risk
4065,52,12,76127.48,2,3,1,231,Regular Customers
4066,50,14,149914.66,3,4,4,344,Big Spenders
4067,6,8,125432.73999999999,4,1,3,413,Regular Customers
4068,137,7,110351.53,1,1,3,113,At Risk
4069,19,10,105666.73999999999,4,2,3,423,Regular Customers
4070,177,9,152287.46,1,2,4,124,Big Spenders
4071,6,10,103732.52,4,2,2,422,Regular Customers
4072,76,11,101987.04000000001,2,3,2,232,Regular Customers
4073,39,12,184061.19999999998,3,3,4,334,Big Spenders
4074,131,8,49059.86,1,1,1,111,At Risk
4075,16,14,154886.55,4,4,4,444,Champions
4076,16,10,77420.05,4,2,2,422,Regular Customers
4077,18,10,103783.41,4,2,2,422,Regular Customers
4078,34,19,214474.55,3,4,4,344,Big Spenders
4079,11,11,135895.15,4,3,4,434,Loyal Customers
4080,217,3,68118.75,1,1,1,111,At Risk
4081,7,11,131376.62,4,3,3,433,Loyal Customers
4082,121,10,78890.17,1,2,2,122,At Risk
4083,28,8,128312.25,3,1,3,313,Regular Customers
4084,69,7,97603.9,2,1,2,212,Regular Customers
4085,2,9,91668.09,4,2,2,422,Regular Customers
4086,61,7,66165.12,2,1,1,211,Regular Customers
4087,116,8,63512.62,1,1,1,111,At Risk
4088,37,7,44680.8,3,1,1,311,Regular Customers
4089,82,12,156867.47999999998,2,3,4,234,Big Spenders
4090,30,12,153345.74,3,3,4,334,Big Spenders
4091,57,13,102917.04000000001,2,4,2,242,Regular Customers
4092,264,10,88680.52,1,2,2,122,At Risk
4093,233,7,79583.94,1,1,2,112,At Risk
4094,215,4,27293.309999999998,1,1,1,111,At Risk
4095,73,8,80260.8,2,1,2,212,Regular Customers
4096,9,9,105825.53,4,2,3,423,Regular Customers
4097,18,4,12510.72,4,1,1,411,Regular Customers
4098,14,10,116096.19,4,2,3,423,Regular Customers
4099,217,6,138715.69,1,1,4,114,Big Spenders
4100,219,5,69204.02,1,1,1,111,At Risk
4101,155,8,75832.08,1,1,1,111,At Risk
4102,126,10,139903.62,1,2,4,124,Big Spenders
4103,32,10,62801.04,3,2,1,321,Regular Customers
4104,195,7,54214.82,1,1,1,111,At Risk
4105,40,11,117219.98,3,3,3,333,Regular Customers
4106,69,15,148192.94,2,4,4,244,Big Spenders
4107,180,6,95234.2,1,1,2,112,At Risk
4108,100,12,135720.3,2,3,3,233,Regular Customers
4109,14,21,236429.0,4,4,4,444,Champions
4110,16,12,109860.89,4,3,3,433,Loyal Customers
4111,75,12,150865.43,2,3,4,234,Big Spenders
4112,26,6,81524.86,3,1,2,312,Regular Customers
4113,13,11,116727.07,4,3,3,433,Loyal Customers
4114,2,13,179617.76,4,4,4,444,Champions
4115,106,9,69006.03,1,2,1,121,At Risk
4116,45,13,147395.44,3,4,4,344,Big Spenders
4117,32,11,135495.83,3,3,3,333,Regular Customers
4118,62,13,144957.13,2,4,4,244,Big Spenders
4119,71,8,77205.83,2,1,2,212,Regular Customers
4120,47,11,100501.69,3,3,2,332,Regular Customers
4121,27,13,129090.05,3,4,3,343,Regular Customers
4122,80,9,105308.03,2,2,3,223,Regular Customers
4123,109,6,90793.05,1,1,2,112,At Risk
4124,52,8,50276.579999999994,2,1,1,211,Regular Customers
4125,208,9,72304.69,1,2,1,121,At Risk
4126,43,10,72524.42,3,2,1,321,Regular Customers
4127,21,13,120762.7,4,4,3,443,Loyal Customers
4128,10,13,76747.36,4,4,1,441,Loyal Customers
4129,71,8,57300.35,2,1,1,211,Regular Customers
4130,45,11,97031.98,3,3,2,332,Regular Customers
4131,95,16,155562.51,2,4,4,244,Big Spenders
4132,4,5,32205.760000000002,4,1,1,411,Regular Customers
4133,254,5,24325.86,1,1,1,111,At Risk
4134,52,10,95894.17,2,2,2,222,Regular Customers
4135,31,14,214687.3,3,4,4,344,Big Spenders
4136,33,18,230018.03,3,4,4,344,Big Spenders
4137,37,12,108372.69,3,3,3,333,Regular Customers
4138,49,12,112509.56,3,3,3,333,Regular Customers
4139,43,7,109488.31,3,1,3,313,Regular Customers
4140,242,10,94172.56999999999,1,2,2,122,At Risk
4141,19,9,67722.14,4,2,1,421,Regular Customers
4142,20,12,96485.56,4,3,2,432,Loyal Customers
4143,1,11,140490.34,4,3,4,434,Loyal Customers
4144,67,13,161440.37,2,4,4,244,Big Spenders
4145,54,5,75568.81,2,1,1,211,Regular Customers
4146,133,7,57717.14,1,1,1,111,At Risk
4147,18,9,109268.47,4,2,3,423,Regular Customers
4148,74,12,135939.28,2,3,4,234,Big Spenders
4149,112,6,50313.770000000004,1,1,1,111,At Risk
4150,27,15,199807.38,3,4,4,344,Big Spenders
4151,47,13,153713.33000000002,3,4,4,344,Big Spenders
4152,11,6,90171.6,4,1,2,412,Regular Customers
4153,92,9,50968.350000000006,2,2,1,221,Regular Customers
4154,41,17,235430.47,3,4,4,344,Big Spenders
4155,174,3,29607.75,1,1,1,111,At Risk
4156,1,12,203293.96,4,3,4,434,Loyal Customers
4157,96,4,47222.41,2,1,1,211,Regular Customers
4158,145,10,100619.39,1,2,2,122,At Risk
4159,321,7,76487.79000000001,1,1,1,111,At Risk
4160,20,13,114889.54000000001,4,4,3,443,Loyal Customers
4161,16,10,81612.23,4,2,2,422,Regular Customers
4162,15,11,128599.87,4,3,3,433,Loyal Customers
4163,126,5,52560.42,1,1,1,111,At Risk
4164,26,9,104419.15000000001,3,2,3,323,Regular Customers
4165,198,12,169207.28999999998,1,3,4,134,Big Spenders
4166,157,10,40461.15,1,2,1,121,At Risk
4167,104,11,65087.86,1,3,1,131,At Risk
4168,184,8,90852.48,1,1,2,112,At Risk
4169,258,5,17610.68,1,1,1,111,At Risk
4170,119,12,136673.83,1,3,4,134,Big Spenders
4171,75,3,32322.57,2,1,1,211,Regular Customers
4172,64,8,81570.07,2,1,2,212,Regular Customers
4173,30,10,93419.68,3,2,2,322,Regular Customers
4174,16,13,132356.12,4,4,3,443,Loyal Customers
4175,59,8,82884.98999999999,2,1,2,212,Regular Customers
4176,17,8,94652.93,4,1,2,412,Regular Customers
4177,2,16,194542.94,4,4,4,444,Champions
4178,2,14,196954.82,4,4,4,444,Champions
4179,544,5,28375.32,1,1,1,111,At Risk
4180,95,7,78906.47,2,1,2,212,Regular Customers
4181,15,15,167558.07,4,4,4,444,Champions
4182,24,11,99990.86,3,3,2,332,Regular Customers
4183,19,18,198318.73,4,4,4,444,Champions
4184,291,5,85968.59,1,1,2,112,At Risk
4185,137,9,112295.85,1,2,3,123,At Risk
4186,152,9,50327.74,1,2,1,121,At Risk
4187,84,6,55894.76,2,1,1,211,Regular Customers
4188,101,5,54232.33,2,1,1,211,Regular Customers
4189,35,13,134973.37,3,4,3,343,Regular Customers
4190,69,12,150915.79,2,3,4,234,Big Spenders
4191,11,11,122161.45,4,3,3,433,Loyal Customers
4192,79,14,149304.27,2,4,4,244,Big Spenders
4193,58,11,113083.15,2,3,3,233,Regular Customers
4194,155,5,43321.02,1,1,1,111,At Risk
4195,64,9,82054.57,2,2,2,222,Regular Customers
4196,24,12,97068.02,3,3,2,332,Regular Customers
4197,8,14,201427.09,4,4,4,444,Champions
4198,2,11,72498.37,4,3,1,431,Loyal Customers
4199,59,10,119091.7,2,2,3,223,Regular Customers
4200,80,12,167161.53,2,3,4,234,Big Spenders
4201,72,12,136640.45,2,3,4,234,Big Spenders
4202,71,8,47009.62,2,1,1,211,Regular Customers
4203,150,6,104193.0,1,1,2,112,At Risk
4204,75,7,26938.73,2,1,1,211,Regular Customers
4205,64,9,128270.95999999999,2,2,3,223,Regular Customers
4206,23,10,174416.45,3,2,4,324,Big Spenders
4207,193,8,64830.42,1,1,1,111,At Risk
4208,72,12,133433.03,2,3,3,233,Regular Customers
4209,1,8,98435.37,4,1,2,412,Regular Customers
4210,22,14,201425.33000000002,3,4,4,344,Big Spenders
4211,215,12,104932.42,1,3,3,133,At Risk
4212,24,11,68902.47,3,3,1,331,Regular Customers
4213,105,8,79184.01000000001,1,1,2,112,At Risk
4214,33,11,101659.47,3,3,2,332,Regular Customers
4215,34,11,99531.37,3,3,2,332,Regular Customers
4216,2,9,60521.55,4,2,1,421,Regular Customers
4217,19,10,121333.4,4,2,3,423,Regular Customers
4218,112,11,99141.2,1,3,2,132,At Risk
4219,195,6,76286.18,1,1,1,111,At Risk
4220,243,6,77167.86,1,1,2,112,At Risk
4221,3,7,87357.91,4,1,2,412,Regular Customers
4222,10,14,171050.51,4,4,4,444,Champions
4223,79,12,99947.1,2,3,2,232,Regular Customers
4224,422,4,29512.03,1,1,1,111,At Risk
4225,26,6,75465.08,3,1,1,311,Regular Customers
4226,8,13,159190.9,4,4,4,444,Champions
4227,181,10,71980.27,1,2,1,121,At Risk
4228,16,7,69607.04000000001,4,1,1,411,Regular Customers
4229,48,6,82250.68,3,1,2,312,Regular Customers
4230,10,10,131365.63999999998,4,2,3,423,Regular Customers
4231,3,14,159672.16,4,4,4,444,Champions
4232,142,10,154223.47999999998,1,2,4,124,Big Spenders
4233,88,8,74841.24,2,1,1,211,Regular Customers
4234,47,5,41463.89,3,1,1,311,Regular Customers
4235,12,11,148047.98,4,3,4,434,Loyal Customers
4236,6,8,76574.91,4,1,1,411,Regular Customers
4237,6,15,208527.46000000002,4,4,4,444,Champions
4238,24,15,188670.17,3,4,4,344,Big Spenders
4239,3,12,92935.48,4,3,2,432,Loyal Customers
4240,160,15,135647.77,1,4,3,143,At Risk
4241,117,9,155987.96,1,2,4,124,Big Spenders
4242,132,9,113307.3,1,2,3,123,At Risk
4243,155,8,76747.91,1,1,1,111,At Risk
4244,71,11,166429.68,2,3,4,234,Big Spenders
4245,6,9,130824.09999999999,4,2,3,423,Regular Customers
4246,24,12,131714.31,3,3,3,333,Regular Customers
4247,80,10,116327.38,2,2,3,223,Regular Customers
4248,9,12,113761.35,4,3,3,433,Loyal Customers
4249,74,9,93415.17,2,2,2,222,Regular Customers
4250,99,8,120436.40000000001,2,1,3,213,Regular Customers
4251,35,9,133298.85,3,2,3,323,Regular Customers
4252,23,8,104403.87,3,1,3,313,Regular Customers
4253,59,6,93675.07,2,1,2,212,Regular Customers
4254,106,8,98436.38,1,1,2,112,At Risk
4255,70,18,137232.02,2,4,4,244,Big Spenders
4256,17,8,93362.52,4,1,2,412,Regular Customers
4257,2,16,189702.79,4,4,4,444,Champions
4258,41,11,77467.16,3,3,2,332,Regular Customers
4259,18,13,181206.43,4,4,4,444,Champions
4260,50,14,146451.25,3,4,4,344,Big Spenders
4261,38,11,124960.90000000001,3,3,3,333,Regular Customers
4262,25,5,59835.740000000005,3,1,1,311,Regular Customers
4263,42,12,150103.6,3,3,4,334,Big Spenders
4264,36,11,129274.99,3,3,3,333,Regular Customers
4265,26,9,129279.44,3,2,3,323,Regular Customers
4266,62,12,86867.11,2,3,2,232,Regular Customers
4267,124,8,66443.2,1,1,1,111,At Risk
4268,27,11,111949.64,3,3,3,333,Regular Customers
4269,48,7,71709.34,3,1,1,311,Regular Customers
4270,7,9,105572.12,4,2,3,423,Regular Customers
4271,7,14,128349.95999999999,4,4,3,443,Loyal Customers
4272,109,10,134451.14,1,2,3,123,At Risk
4273,39,9,87222.9,3,2,2,322,Regular Customers
4274,53,11,101163.06,2,3,2,232,Regular Customers
4275,146,11,171913.99,1,3,4,134,Big Spenders
4276,49,12,235473.01,3,3,4,334,Big Spenders
4277,27,12,128228.67,3,3,3,333,Regular Customers
4278,23,10,65668.53,3,2,1,321,Regular Customers
4279,79,13,183060.56,2,4,4,244,Big Spenders
4280,204,10,92895.68000000001,1,2,2,122,At Risk
4281,7,12,122200.98999999999,4,3,3,433,Loyal Customers
4282,235,8,55584.39,1,1,1,111,At Risk
4283,95,9,82474.18,2,2,2,222,Regular Customers
4284,4,8,95528.5,4,1,2,412,Regular Customers
4285,17,12,92192.78,4,3,2,432,Loyal Customers
4286,46,9,112718.64,3,2,3,323,Regular Customers
4287,134,9,105536.9,1,2,3,123,At Risk
4288,85,11,190570.86000000002,2,3,4,234,Big Spenders
4289,65,9,74806.20999999999,2,2,1,221,Regular Customers
4290,1,17,189669.12,4,4,4,444,Champions
4291,107,11,97564.08,1,3,2,132,At Risk
4292,19,17,147352.07,4,4,4,444,Champions
4293,209,7,65452.62,1,1,1,111,At Risk
4294,21,12,108967.53,4,3,3,433,Loyal Customers
4295,146,10,106157.04000000001,1,2,3,123,At Risk
4296,13,13,151474.02000000002,4,4,4,444,Champions
4297,16,14,112200.06999999999,4,4,3,443,Loyal Customers
4298,192,18,137072.77,1,4,4,144,Big Spenders
4299,16,10,65366.81,4,2,1,421,Regular Customers
4300,17,18,246956.04,4,4,4,444,Champions
4301,221,13,180776.85,1,4,4,144,Big Spenders
4302,127,7,164561.17,1,1,4,114,Big Spenders
4303,62,13,167880.83000000002,2,4,4,244,Big Spenders
4304,102,14,142193.06,2,4,4,244,Big Spenders
4305,18,17,199022.61000000002,4,4,4,444,Champions
4306,25,12,140670.47,3,3,4,334,Big Spenders
4307,13,17,106205.38,4,4,3,443,Loyal Customers
4308,210,5,72466.14,1,1,1,111,At Risk
4309,5,9,84693.96,4,2,2,422,Regular Customers
4310,6,12,83853.81,4,3,2,432,Loyal Customers
4311,17,11,98329.34,4,3,2,432,Loyal Customers
4312,90,4,25118.44,2,1,1,211,Regular Customers
4313,115,10,132655.76,1,2,3,123,At Risk
4314,46,11,126689.30999999998,3,3,3,333,Regular Customers
4315,16,13,103964.32,4,4,2,442,Loyal Customers
4316,77,8,124251.86,2,1,3,213,Regular Customers
4317,47,7,35771.43,3,1,1,311,Regular Customers
4318,169,16,145751.93,1,4,4,144,Big Spenders
4319,83,13,107747.94,2,4,3,243,Regular Customers
4320,170,10,105367.33,1,2,3,123,At Risk
4321,44,10,129688.84,3,2,3,323,Regular Customers
4322,68,12,170851.83,2,3,4,234,Big Spenders
4323,113,7,44518.28,1,1,1,111,At Risk
4324,76,11,92068.92,2,3,2,232,Regular Customers
4325,34,12,156475.33000000002,3,3,4,334,Big Spenders
4326,27,5,72699.86,3,1,1,311,Regular Customers
4327,22,11,128912.81,3,3,3,333,Regular Customers
4328,43,8,82074.77,3,1,2,312,Regular Customers
4329,46,12,137644.88,3,3,4,334,Big Spenders
4330,80,5,74935.67,2,1,1,211,Regular Customers
4331,12,10,72811.43000000001,4,2,1,421,Regular Customers
4332,8,8,83919.82,4,1,2,412,Regular Customers
4333,81,8,50098.02,2,1,1,211,Regular Customers
4334,37,10,162518.2,3,2,4,324,Big Spenders
4335,37,12,105904.85,3,3,3,333,Regular Customers
4336,13,10,137763.55,4,2,4,424,Big Spenders
4337,114,11,109768.33,1,3,3,133,At Risk
4338,137,9,139662.08000000002,1,2,4,124,Big Spenders
4339,27,8,155875.09999999998,3,1,4,314,Big Spenders
4340,7,11,91602.34,4,3,2,432,Loyal Customers
4341,72,16,182814.16,2,4,4,244,Big Spenders
4342,183,9,71891.55,1,2,1,121,At Risk
4343,49,10,70672.56,3,2,1,321,Regular Customers
4344,32,7,69597.28,3,1,1,311,Regular Customers
4345,99,12,123583.59,2,3,3,233,Regular Customers
4346,50,13,133883.9,3,4,3,343,Regular Customers
4347,71,12,80733.27,2,3,2,232,Regular Customers
4348,148,11,121233.43000000001,1,3,3,133,At Risk
4349,300,5,93803.16,1,1,2,112,At Risk
4350,138,4,62799.74,1,1,1,111,At Risk
4351,77,12,130339.95000000001,2,3,3,233,Regular Customers
4352,8,9,77745.19,4,2,2,422,Regular Customers
4353,8,8,78204.29,4,1,2,412,Regular Customers
4354,88,8,68558.64,2,1,1,211,Regular Customers
4355,7,10,119708.06999999999,4,2,3,423,Regular Customers
4356,25,12,111124.66,3,3,3,333,Regular Customers
4357,123,9,113297.29,1,2,3,123,At Risk
4358,137,9,48906.75,1,2,1,121,At Risk
4359,97,8,84038.61,2,1,2,212,Regular Customers
4360,123,6,57005.5,1,1,1,111,At Risk
4361,65,9,119324.48999999999,2,2,3,223,Regular Customers
4362,172,8,83679.51999999999,1,1,2,112,At Risk
4363,27,7,63473.95,3,1,1,311,Regular Customers
4364,210,10,121495.0,1,2,3,123,At Risk
4365,61,7,123690.78,2,1,3,213,Regular Customers
4366,55,9,119240.03,2,2,3,223,Regular Customers
4367,65,11,129732.95,2,3,3,233,Regular Customers
4368,17,10,120710.47,4,2,3,423,Regular Customers
4369,14,8,96487.50000000001,4,1,2,412,Regular Customers
4370,39,7,48464.549999999996,3,1,1,311,Regular Customers
4371,44,8,91876.22,3,1,2,312,Regular Customers
4372,76,8,94097.25,2,1,2,212,Regular Customers
4373,181,9,105340.07,1,2,3,123,At Risk
4374,8,9,50095.51,4,2,1,421,Regular Customers
4375,8,15,165013.12,4,4,4,444,Champions
4376,17,12,108734.55,4,3,3,433,Loyal Customers
4377,2,12,107494.76,4,3,3,433,Loyal Customers
4378,44,12,87859.23,3,3,2,332,Regular Customers
4379,329,11,121964.48,1,3,3,133,At Risk
4380,58,11,123318.78,2,3,3,233,Regular Customers
4381,10,13,189892.69,4,4,4,444,Champions
4382,25,13,151099.27,3,4,4,344,Big Spenders
4383,51,15,131459.76,3,4,3,343,Regular Customers
4384,28,3,25942.08,3,1,1,311,Regular Customers
4385,27,8,94021.9,3,1,2,312,Regular Customers
4386,129,10,122069.17,1,2,3,123,At Risk
4387,94,19,239096.13999999998,2,4,4,244,Big Spenders
4388,6,14,117961.4,4,4,3,443,Loyal Customers
4389,79,14,173126.74,2,4,4,244,Big Spenders
4390,8,7,105745.17,4,1,3,413,Regular Customers
4391,19,11,141002.72999999998,4,3,4,434,Loyal Customers
4392,3,7,132666.77000000002,4,1,3,413,Regular Customers
4393,2,9,59083.46000000001,4,2,1,421,Regular Customers
4394,25,8,125235.79,3,1,3,313,Regular Customers
4395,29,11,122066.55,3,3,3,333,Regular Customers
4396,53,5,38427.15,2,1,1,211,Regular Customers
4397,362,8,92837.76000000001,1,1,2,112,At Risk
4398,90,6,73820.65,2,1,1,211,Regular Customers
4399,45,11,166391.36,3,3,4,334,Big Spenders
4400,59,16,209252.08,2,4,4,244,Big Spenders
4401,103,7,79694.26,1,1,2,112,At Risk
4402,48,9,140854.78,3,2,4,324,Big Spenders
4403,33,4,44357.21,3,1,1,311,Regular Customers
4404,34,11,128943.34,3,3,3,333,Regular Customers
4405,27,14,88754.86,3,4,2,342,Regular Customers
4406,62,12,119382.98,2,3,3,233,Regular Customers
4407,11,6,61828.51,4,1,1,411,Regular Customers
4408,112,9,83115.06,1,2,2,122,At Risk
4409,34,10,97334.53,3,2,2,322,Regular Customers
4410,143,11,190380.1,1,3,4,134,Big Spenders
4411,17,7,29451.13,4,1,1,411,Regular Customers
4412,275,6,86164.15,1,1,2,112,At Risk
4413,7,16,153249.13,4,4,4,444,Champions
4414,140,6,90477.29,1,1,2,112,At Risk
4415,29,10,139432.26,3,2,4,324,Big Spenders
4416,171,10,172431.43,1,2,4,124,Big Spenders
4417,110,7,68871.79,1,1,1,111,At Risk
4418,41,5,43901.69,3,1,1,311,Regular Customers
4419,126,6,69684.94,1,1,1,111,At Risk
4420,2,10,123244.08,4,2,3,423,Regular Customers
4421,161,5,21844.17,1,1,1,111,At Risk
4422,74,7,84431.4,2,1,2,212,Regular Customers
4423,58,5,95037.34,2,1,2,212,Regular Customers
4424,20,13,100511.84,4,4,2,442,Loyal Customers
4425,35,5,97382.26000000001,3,1,2,312,Regular Customers
4426,7,14,159355.14,4,4,4,444,Champions
4427,15,6,32087.19,4,1,1,411,Regular Customers
4428,131,12,164820.72,1,3,4,134,Big Spenders
4429,2,14,176693.45,4,4,4,444,Champions
4430,52,10,144024.71,2,2,4,224,Big Spenders
4431,190,6,42301.39,1,1,1,111,At Risk
4432,101,15,144368.79,2,4,4,244,Big Spenders
4433,30,11,114063.5,3,3,3,333,Regular Customers
4434,210,7,106489.38,1,1,3,113,At Risk
4435,1,8,33768.27,4,1,1,411,Regular Customers
4436,119,8,80417.83,1,1,2,112,At Risk
4437,44,14,100747.52,3,4,2,342,Regular Customers
4438,13,14,183103.69,4,4,4,444,Champions
4439,16,13,117178.08,4,4,3,443,Loyal Customers
4440,44,10,92068.70999999999,3,2,2,322,Regular Customers
4441,21,11,84232.14,4,3,2,432,Loyal Customers
4442,31,10,40402.86,3,2,1,321,Regular Customers
4443,176,8,78504.01999999999,1,1,2,112,At Risk
4444,32,11,101444.52,3,3,2,332,Regular Customers
4445,29,6,46706.75,3,1,1,311,Regular Customers
4446,22,8,121547.43,3,1,3,313,Regular Customers
4447,42,11,146267.11,3,3,4,334,Big Spenders
4448,126,10,78344.44,1,2,2,122,At Risk
4449,146,7,94059.05,1,1,2,112,At Risk
4450,143,9,86920.51000000001,1,2,2,122,At Risk
4451,31,8,65081.15,3,1,1,311,Regular Customers
4452,91,11,120567.86,2,3,3,233,Regular Customers
4453,207,8,108773.64,1,1,3,113,At Risk
4454,96,11,115456.76,2,3,3,233,Regular Customers
4455,54,13,126554.45999999999,2,4,3,243,Regular Customers
4456,118,7,111374.33,1,1,3,113,At Risk
4457,20,8,120088.85,4,1,3,413,Regular Customers
4458,48,6,81089.27,3,1,2,312,Regular Customers
4459,289,8,70761.3,1,1,1,111,At Risk
4460,13,17,192623.67,4,4,4,444,Champions
4461,21,6,76330.87,4,1,1,411,Regular Customers
4462,18,10,108153.81,4,2,3,423,Regular Customers
4463,154,15,114691.81,1,4,3,143,At Risk
4464,80,9,66614.47,2,2,1,221,Regular Customers
4465,76,9,159958.27000000002,2,2,4,224,Big Spenders
4466,260,10,132565.06,1,2,3,123,At Risk
4467,2,15,181338.78,4,4,4,444,Champions
4468,19,6,57889.490000000005,4,1,1,411,Regular Customers
4469,4,12,118768.97,4,3,3,433,Loyal Customers
4470,7,6,119504.15,4,1,3,413,Regular Customers
4471,3,15,153116.11000000002,4,4,4,444,Champions
4472,19,19,161465.35,4,4,4,444,Champions
4473,2,11,134613.67,4,3,3,433,Loyal Customers
4474,240,9,112969.06,1,2,3,123,At Risk
4475,113,5,72120.33,1,1,1,111,At Risk
4476,10,16,139410.14,4,4,4,444,Champions
4477,8,8,67716.17,4,1,1,411,Regular Customers
4478,197,9,123513.86,1,2,3,123,At Risk
4479,28,13,117066.98,3,4,3,343,Regular Customers
4480,49,12,145654.6,3,3,4,334,Big Spenders
4481,9,10,116126.81,4,2,3,423,Regular Customers
4482,11,14,116417.44,4,4,3,443,Loyal Customers
4483,191,7,85584.83,1,1,2,112,At Risk
4484,69,9,70443.02,2,2,1,221,Regular Customers
4485,87,5,69348.2,2,1,1,211,Regular Customers
4486,37,10,102308.49,3,2,2,322,Regular Customers
4487,43,13,100948.18,3,4,2,342,Regular Customers
4488,50,10,110274.65,3,2,3,323,Regular Customers
4489,151,4,39305.880000000005,1,1,1,111,At Risk
4490,196,4,60311.259999999995,1,1,1,111,At Risk
4491,56,4,57518.520000000004,2,1,1,211,Regular Customers
4492,69,11,115873.6,2,3,3,233,Regular Customers
4493,99,7,67781.06,2,1,1,211,Regular Customers
4494,22,10,94932.31999999999,3,2,2,322,Regular Customers
4495,122,12,80449.87,1,3,2,132,At Risk
4496,43,8,71917.25,3,1,1,311,Regular Customers
4497,138,10,158540.54,1,2,4,124,Big Spenders
4498,340,6,64208.0,1,1,1,111,At Risk
4499,91,8,82110.35,2,1,2,212,Regular Customers
4500,9,12,180051.66,4,3,4,434,Loyal Customers
4501,25,12,184346.33000000002,3,3,4,334,Big Spenders
4502,153,11,87616.64,1,3,2,132,At Risk
4503,30,5,28066.08,3,1,1,311,Regular Customers
4504,41,13,119776.7,3,4,3,343,Regular Customers
4505,122,10,158714.27,1,2,4,124,Big Spenders
4506,184,4,41749.899999999994,1,1,1,111,At Risk
4507,54,10,53250.340000000004,2,2,1,221,Regular Customers
4508,10,14,82927.2,4,4,2,442,Loyal Customers
4509,34,9,75305.93000000001,3,2,1,321,Regular Customers
4510,47,11,111886.62,3,3,3,333,Regular Customers
4511,115,10,141667.4,1,2,4,124,Big Spenders
4512,133,9,80965.71,1,2,2,122,At Risk
4513,144,17,211615.93,1,4,4,144,Big Spenders
4514,165,13,94163.86,1,4,2,142,At Risk
4515,110,7,64616.94,1,1,1,111,At Risk
4516,137,12,142072.59,1,3,4,134,Big Spenders
4517,2,15,138250.22,4,4,4,444,Champions
4518,4,10,129628.07,4,2,3,423,Regular Customers
4519,59,5,45106.38,2,1,1,211,Regular Customers
4520,67,8,76896.06,2,1,2,212,Regular Customers
4521,199,9,108395.75,1,2,3,123,At Risk
4522,12,14,204951.77,4,4,4,444,Champions
4523,66,9,83001.29000000001,2,2,2,222,Regular Customers
4524,31,12,123526.98000000001,3,3,3,333,Regular Customers
4525,44,10,111735.85,3,2,3,323,Regular Customers
4526,138,7,112257.93,1,1,3,113,At Risk
4527,4,7,73818.99,4,1,1,411,Regular Customers
4528,63,10,122431.47,2,2,3,223,Regular Customers
4529,54,7,78992.77,2,1,2,212,Regular Customers
4530,32,14,122126.83,3,4,3,343,Regular Customers
4531,125,10,132673.83,1,2,3,123,At Risk
4532,9,9,99997.38,4,2,2,422,Regular Customers
4533,39,10,161930.79,3,2,4,324,Big Spenders
4534,149,5,33637.25,1,1,1,111,At Risk
4535,58,10,127072.77,2,2,3,223,Regular Customers
4536,96,12,132382.87,2,3,3,233,Regular Customers
4537,1,11,138172.99,4,3,4,434,Loyal Customers
4538,142,8,76380.11,1,1,1,111,At Risk
4539,56,7,90273.29,2,1,2,212,Regular Customers
4540,87,13,128502.84,2,4,3,243,Regular Customers
4541,68,11,114177.32,2,3,3,233,Regular Customers
4542,42,13,85462.4,3,4,2,342,Regular Customers
4543,12,14,167420.18,4,4,4,444,Champions
4544,34,11,131136.25,3,3,3,333,Regular Customers
4545,129,12,95017.84,1,3,2,132,At Risk
4546,38,11,144790.33000000002,3,3,4,334,Big Spenders
4547,44,15,113924.15,3,4,3,343,Regular Customers
4548,17,4,48225.89,4,1,1,411,Regular Customers
4549,79,5,66132.29,2,1,1,211,Regular Customers
4550,46,6,61109.31,3,1,1,311,Regular Customers
4551,42,10,127901.11,3,2,3,323,Regular Customers
4552,8,13,169207.01,4,4,4,444,Champions
4553,10,9,128334.26999999999,4,2,3,423,Regular Customers
4554,225,9,90058.11,1,2,2,122,At Risk
4555,100,14,170324.97,2,4,4,244,Big Spenders
4556,27,8,140208.9,3,1,4,314,Big Spenders
4557,60,12,99477.36,2,3,2,232,Regular Customers
4558,121,7,45559.380000000005,1,1,1,111,At Risk
4559,7,17,164706.04,4,4,4,444,Champions
4560,88,14,98464.33,2,4,2,242,Regular Customers
4561,223,7,103041.97,1,1,2,112,At Risk
4562,2,11,131637.75,4,3,3,433,Loyal Customers
4563,18,11,139494.68,4,3,4,434,Loyal Customers
4564,103,10,87456.98,1,2,2,122,At Risk
4565,165,10,146171.28,1,2,4,124,Big Spenders
4566,27,8,72776.77,3,1,1,311,Regular Customers
4567,342,5,44014.799999999996,1,1,1,111,At Risk
4568,52,9,79611.77,2,2,2,222,Regular Customers
4569,23,9,157670.39,3,2,4,324,Big Spenders
4570,89,13,190458.24,2,4,4,244,Big Spenders
4571,157,8,94809.63,1,1,2,112,At Risk
4572,1,10,130127.97,4,2,3,423,Regular Customers
4573,221,7,89346.8,1,1,2,112,At Risk
4574,57,9,138762.19999999998,2,2,4,224,Big Spenders
4575,44,14,183843.62,3,4,4,344,Big Spenders
4576,116,8,60125.799999999996,1,1,1,111,At Risk
4577,36,11,133472.82,3,3,3,333,Regular Customers
4578,114,10,106953.54000000001,1,2,3,123,At Risk
4579,23,16,141378.19,3,4,4,344,Big Spenders
4580,21,8,85351.31,4,1,2,412,Regular Customers
4581,36,5,54630.75,3,1,1,311,Regular Customers
4582,18,10,98787.25,4,2,2,422,Regular Customers
4583,67,9,140623.35,2,2,4,224,Big Spenders
4584,38,12,157816.78,3,3,4,334,Big Spenders
4585,43,14,147451.14,3,4,4,344,Big Spenders
4586,7,7,62198.79,4,1,1,411,Regular Customers
4587,233,9,119358.23999999999,1,2,3,123,At Risk
4588,1,14,140863.89,4,4,4,444,Champions
4589,44,5,47688.57,3,1,1,311,Regular Customers
4590,1,6,31422.35,4,1,1,411,Regular Customers
4591,315,6,64005.619999999995,1,1,1,111,At Risk
4592,17,9,124259.12,4,2,3,423,Regular Customers
4593,2,13,157159.02,4,4,4,444,Champions
4594,88,8,113929.56,2,1,3,213,Regular Customers
4595,15,11,93731.72,4,3,2,432,Loyal Customers
4596,86,10,100031.52,2,2,2,222,Regular Customers
4597,4,10,103643.92,4,2,2,422,Regular Customers
4598,97,11,134321.18,2,3,3,233,Regular Customers
4599,11,10,81558.09,4,2,2,422,Regular Customers
4600,70,5,45326.85,2,1,1,211,Regular Customers
4601,91,12,185700.56,2,3,4,234,Big Spenders
4602,32,15,139928.08,3,4,4,344,Big Spenders
4603,41,11,109419.62,3,3,3,333,Regular Customers
4604,30,10,106892.62,3,2,3,323,Regular Customers
4605,67,15,161068.25,2,4,4,244,Big Spenders
4606,53,4,40252.630000000005,2,1,1,211,Regular Customers
4607,4,16,144133.43,4,4,4,444,Champions
4608,3,11,160523.68,4,3,4,434,Loyal Customers
4609,39,10,109536.29,3,2,3,323,Regular Customers
4610,136,11,122946.07,1,3,3,133,At Risk
4611,3,9,131410.63999999998,4,2,3,423,Regular Customers
4612,132,13,126194.61,1,4,3,143,At Risk
4613,25,10,122340.98,3,2,3,323,Regular Customers
4614,53,18,281684.01,2,4,4,244,Big Spenders
4615,131,6,53809.77,1,1,1,111,At Risk
4616,70,14,185477.33000000002,2,4,4,244,Big Spenders
4617,40,9,98238.85,3,2,2,322,Regular Customers
4618,11,8,68420.23,4,1,1,411,Regular Customers
4619,33,14,158686.35,3,4,4,344,Big Spenders
4620,5,17,179774.57,4,4,4,444,Champions
4621,34,16,119860.05,3,4,3,343,Regular Customers
4622,9,6,101871.81,4,1,2,412,Regular Customers
4623,56,12,139601.97,2,3,4,234,Big Spenders
4624,17,11,144954.9,4,3,4,434,Loyal Customers
4625,60,21,259182.45,2,4,4,244,Big Spenders
4626,204,4,29883.059999999998,1,1,1,111,At Risk
4627,4,14,129875.93000000001,4,4,3,443,Loyal Customers
4628,8,14,210464.78,4,4,4,444,Champions
4629,37,14,74786.32,3,4,1,341,Regular Customers
4630,79,10,130570.17,2,2,3,223,Regular Customers
4631,16,9,106245.43,4,2,3,423,Regular Customers
4632,20,11,169830.53,4,3,4,434,Loyal Customers
4633,38,9,103741.18,3,2,2,322,Regular Customers
4634,1,10,95813.16,4,2,2,422,Regular Customers
4635,6,10,128985.59000000001,4,2,3,423,Regular Customers
4636,53,8,101431.1,2,1,2,212,Regular Customers
4637,93,10,93791.44,2,2,2,222,Regular Customers
4638,62,11,98387.06,2,3,2,232,Regular Customers
4639,244,9,63294.93,1,2,1,121,At Risk
4640,6,12,98405.81999999999,4,3,2,432,Loyal Customers
4641,68,9,66045.79000000001,2,2,1,221,Regular Customers
4642,70,6,76926.68,2,1,2,212,Regular Customers
4643,66,13,97663.65,2,4,2,242,Regular Customers
4644,153,7,108689.92,1,1,3,113,At Risk
4645,93,11,159875.31,2,3,4,234,Big Spenders
4646,156,8,120423.41,1,1,3,113,At Risk
4647,79,8,83348.75,2,1,2,212,Regular Customers
4648,2,14,70803.09999999999,4,4,1,441,Loyal Customers
4649,19,7,51131.630000000005,4,1,1,411,Regular Customers
4650,14,13,119723.23,4,4,3,443,Loyal Customers
4651,36,12,176301.39,3,3,4,334,Big Spenders
4652,29,16,148186.46,3,4,4,344,Big Spenders
4653,21,15,111140.67,4,4,3,443,Loyal Customers
4654,32,5,53659.78,3,1,1,311,Regular Customers
4655,63,13,157461.69,2,4,4,244,Big Spenders
4656,8,15,149631.39,4,4,4,444,Champions
4657,18,6,59364.979999999996,4,1,1,411,Regular Customers
4658,120,13,216577.33,1,4,4,144,Big Spenders
4659,233,11,103706.76999999999,1,3,2,132,At Risk
4660,126,9,124420.18,1,2,3,123,At Risk
4661,19,17,157255.93,4,4,4,444,Champions
4662,204,11,121221.18,1,3,3,133,At Risk
4663,5,8,82258.61,4,1,2,412,Regular Customers
4664,25,8,50532.65,3,1,1,311,Regular Customers
4665,101,10,95606.64,2,2,2,222,Regular Customers
4666,129,12,170108.04,1,3,4,134,Big Spenders
4667,24,8,114411.81,3,1,3,313,Regular Customers
4668,21,17,124784.38,4,4,3,443,Loyal Customers
4669,6,10,123113.91,4,2,3,423,Regular Customers
4670,1,8,78854.09999999999,4,1,2,412,Regular Customers
4671,6,9,55483.51,4,2,1,421,Regular Customers
4672,63,14,143423.38,2,4,4,244,Big Spenders
4673,10,7,113155.86,4,1,3,413,Regular Customers
4674,24,9,166179.31,3,2,4,324,Big Spenders
4675,30,10,60726.58,3,2,1,321,Regular Customers
4676,67,13,149658.81,2,4,4,244,Big Spenders
4677,65,14,156306.99,2,4,4,244,Big Spenders
4678,31,9,101084.03,3,2,2,322,Regular Customers
4679,71,15,189423.79,2,4,4,244,Big Spenders
4680,60,10,91095.18,2,2,2,222,Regular Customers
4681,67,12,162378.69999999998,2,3,4,234,Big Spenders
4682,22,12,107526.81999999999,3,3,3,333,Regular Customers
4683,54,13,94978.56,2,4,2,242,Regular Customers
4684,24,9,82337.62,3,2,2,322,Regular Customers
4685,62,12,103434.89,2,3,2,232,Regular Customers
4686,6,11,72357.22,4,3,1,431,Loyal Customers
4687,43,12,110984.09,3,3,3,333,Regular Customers
4688,124,9,125356.20999999999,1,2,3,123,At Risk
4689,44,5,42023.68,3,1,1,311,Regular Customers
4690,49,14,176911.22,3,4,4,344,Big Spenders
4691,61,10,73063.82,2,2,1,221,Regular Customers
4692,23,9,99081.17,3,2,2,322,Regular Customers
4693,95,13,104477.34,2,4,3,243,Regular Customers
4694,29,14,204282.84,3,4,4,344,Big Spenders
4695,22,10,107165.66,3,2,3,323,Regular Customers
4696,379,6,76621.26,1,1,1,111,At Risk
4697,10,14,175886.08,4,4,4,444,Champions
4698,70,9,98630.06,2,2,2,222,Regular Customers
4699,82,15,127848.01,2,4,3,243,Regular Customers
4700,37,6,64024.409999999996,3,1,1,311,Regular Customers
4701,35,10,87720.77,3,2,2,322,Regular Customers
4702,147,3,26052.32,1,1,1,111,At Risk
4703,150,10,81035.65,1,2,2,122,At Risk
4704,52,7,103794.47,2,1,2,212,Regular Customers
4705,32,13,134216.98,3,4,3,343,Regular Customers
4706,32,13,180077.75,3,4,4,344,Big Spenders
4707,42,11,97820.92,3,3,2,332,Regular Customers
4708,82,11,143013.27,2,3,4,234,Big Spenders
4709,1,11,99727.87,4,3,2,432,Loyal Customers
4710,50,11,154906.87,3,3,4,334,Big Spenders
4711,38,15,159063.36000000002,3,4,4,344,Big Spenders
4712,109,5,54074.73,1,1,1,111,At Risk
4713,7,13,125964.03,4,4,3,443,Loyal Customers
4714,33,8,98888.06,3,1,2,312,Regular Customers
4715,1,9,69753.72,4,2,1,421,Regular Customers
4716,6,11,80956.62,4,3,2,432,Loyal Customers
4717,376,3,37893.78,1,1,1,111,At Risk
4718,22,9,112244.94,3,2,3,323,Regular Customers
4719,6,16,181825.97,4,4,4,444,Champions
4720,64,12,135550.14,2,3,3,233,Regular Customers
4721,284,8,56278.05,1,1,1,111,At Risk
4722,57,9,86356.3,2,2,2,222,Regular Customers
4723,87,8,71125.48,2,1,1,211,Regular Customers
4724,44,12,148859.51,3,3,4,334,Big Spenders
4725,20,9,117024.42,4,2,3,423,Regular Customers
4726,7,9,98295.29999999999,4,2,2,422,Regular Customers
4727,140,7,93319.73,1,1,2,112,At Risk
4728,91,14,90210.70999999999,2,4,2,242,Regular Customers
4729,71,10,60597.39,2,2,1,221,Regular Customers
4730,1,13,131682.61,4,4,3,443,Loyal Customers
4731,49,9,115538.38,3,2,3,323,Regular Customers
4732,85,7,72770.76,2,1,1,211,Regular Customers
4733,47,5,61516.84,3,1,1,311,Regular Customers
4734,12,10,101695.11,4,2,2,422,Regular Customers
4735,9,17,188600.61,4,4,4,444,Champions
4736,3,10,126556.45,4,2,3,423,Regular Customers
4737,14,11,158844.6,4,3,4,434,Loyal Customers
4738,175,11,120325.16,1,3,3,133,At Risk
4739,13,8,80871.94,4,1,2,412,Regular Customers
4740,14,15,157465.09,4,4,4,444,Champions
4741,36,11,112268.59,3,3,3,333,Regular Customers
4742,7,11,107488.03,4,3,3,433,Loyal Customers
4743,31,14,182046.37,3,4,4,344,Big Spenders
4744,10,14,132790.09,4,4,3,443,Loyal Customers
4745,64,15,109132.76000000001,2,4,3,243,Regular Customers
4746,147,8,86796.84,1,1,2,112,At Risk
4747,40,11,172493.91,3,3,4,334,Big Spenders
4748,244,9,41490.47,1,2,1,121,At Risk
4749,144,6,71428.89,1,1,1,111,At Risk
4750,82,9,169316.94,2,2,4,224,Big Spenders
4751,34,8,72627.23,3,1,1,311,Regular Customers
4752,5,14,112878.15,4,4,3,443,Loyal Customers
4753,9,10,88907.92,4,2,2,422,Regular Customers
4754,146,9,60296.72,1,2,1,121,At Risk
4755,43,6,28888.99,3,1,1,311,Regular Customers
4756,41,7,82221.2,3,1,2,312,Regular Customers
4757,9,7,78275.38,4,1,2,412,Regular Customers
4758,41,15,161661.12,3,4,4,344,Big Spenders
4759,61,9,71978.69,2,2,1,221,Regular Customers
4760,3,7,80322.66,4,1,2,412,Regular Customers
4761,150,5,54184.65,1,1,1,111,At Risk
4762,112,13,147324.5,1,4,4,144,Big Spenders
4763,66,15,132365.59,2,4,3,243,Regular Customers
4764,54,7,57318.729999999996,2,1,1,211,Regular Customers
4765,43,18,184207.81,3,4,4,344,Big Spenders
4766,227,9,117755.89,1,2,3,123,At Risk
4767,35,17,180240.34,3,4,4,344,Big Spenders
4768,49,10,84634.45,3,2,2,322,Regular Customers
4769,5,14,158465.2,4,4,4,444,Champions
4770,22,17,217585.91,3,4,4,344,Big Spenders
4771,141,10,90453.08,1,2,2,122,At Risk
4772,24,10,46056.8,3,2,1,321,Regular Customers
4773,8,13,113694.25,4,4,3,443,Loyal Customers
4774,108,10,114388.37,1,2,3,123,At Risk
4775,182,8,63583.34,1,1,1,111,At Risk
4776,31,8,63375.92,3,1,1,311,Regular Customers
4777,16,13,131422.9,4,4,3,443,Loyal Customers
4778,93,9,144659.96000000002,2,2,4,224,Big Spenders
4779,151,12,171410.52,1,3,4,134,Big Spenders
4780,39,13,166421.62,3,4,4,344,Big Spenders
4781,32,9,87021.89,3,2,2,322,Regular Customers
4782,4,10,101141.81,4,2,2,422,Regular Customers
4783,44,9,112055.96,3,2,3,323,Regular Customers
4784,39,8,62849.82,3,1,1,311,Regular Customers
4785,34,12,168840.91,3,3,4,334,Big Spenders
4786,13,10,129880.63,4,2,3,423,Regular Customers
4787,78,8,88437.56,2,1,2,212,Regular Customers
4788,245,7,104255.84,1,1,2,112,At Risk
4789,37,9,142422.15,3,2,4,324,Big Spenders
4790,13,16,140615.39,4,4,4,444,Champions
4791,44,10,100404.76,3,2,2,322,Regular Customers
4792,2,10,99545.83,4,2,2,422,Regular Customers
4793,180,8,86767.65000000001,1,1,2,112,At Risk
4794,31,8,109622.5,3,1,3,313,Regular Customers
4795,101,6,64919.86,2,1,1,211,Regular Customers
4796,14,8,88961.78,4,1,2,412,Regular Customers
4797,135,7,38735.91,1,1,1,111,At Risk
4798,86,8,83424.19,2,1,2,212,Regular Customers
4799,16,16,171787.11000000002,4,4,4,444,Champions
4800,3,6,88367.06,4,1,2,412,Regular Customers
4801,40,10,99724.63,3,2,2,322,Regular Customers
4802,16,12,143376.63,4,3,4,434,Loyal Customers
4803,37,12,123777.73,3,3,3,333,Regular Customers
4804,12,9,108905.83,4,2,3,423,Regular Customers
4805,99,8,46354.64,2,1,1,211,Regular Customers
4806,61,8,135575.94,2,1,3,213,Regular Customers
4807,22,10,149172.69,3,2,4,324,Big Spenders
4808,41,12,138645.22999999998,3,3,4,334,Big Spenders
4809,114,11,104625.02,1,3,3,133,At Risk
4810,169,10,78235.57,1,2,2,122,At Risk
4811,64,7,46311.02,2,1,1,211,Regular Customers
4812,142,6,22613.91,1,1,1,111,At Risk
4813,93,5,57109.67999999999,2,1,1,211,Regular Customers
4814,16,14,179335.72,4,4,4,444,Champions
4815,14,8,102293.37,4,1,2,412,Regular Customers
4816,58,18,213149.06,2,4,4,244,Big Spenders
4817,231,10,107290.11,1,2,3,123,At Risk
4818,17,5,41883.87,4,1,1,411,Regular Customers
4819,29,9,116022.04999999999,3,2,3,323,Regular Customers
4820,104,4,27860.41,1,1,1,111,At Risk
4821,73,11,105050.08,2,3,3,233,Regular Customers
4822,53,6,33218.64,2,1,1,211,Regular Customers
4823,13,10,123224.81,4,2,3,423,Regular Customers
4824,4,10,107348.96,4,2,3,423,Regular Customers
4825,18,17,176871.45,4,4,4,444,Champions
4826,66,12,169317.22,2,3,4,234,Big Spenders
4827,59,11,145190.01,2,3,4,234,Big Spenders
4828,55,7,73082.16,2,1,1,211,Regular Customers
4829,339,8,75258.24,1,1,1,111,At Risk
4830,28,9,81819.77,3,2,2,322,Regular Customers
4831,48,16,234267.3,3,4,4,344,Big Spenders
4832,45,11,101825.98,3,3,2,332,Regular Customers
4833,7,12,99664.01,4,3,2,432,Loyal Customers
4834,81,10,45612.72,2,2,1,221,Regular Customers
4835,63,11,116580.38,2,3,3,233,Regular Customers
4836,53,8,31787.670000000002,2,1,1,211,Regular Customers
4837,34,8,128469.84999999999,3,1,3,313,Regular Customers
4838,211,10,112914.53,1,2,3,123,At Risk
4839,65,9,76951.34,2,2,2,222,Regular Customers
4840,140,12,114289.49,1,3,3,133,At Risk
4841,128,8,91667.38,1,1,2,112,At Risk
4842,109,7,57604.340000000004,1,1,1,111,At Risk
4843,106,9,67355.08,1,2,1,121,At Risk
4844,34,12,167035.54,3,3,4,334,Big Spenders
4845,26,13,142110.44,3,4,4,344,Big Spenders
4846,78,8,86998.53,2,1,2,212,Regular Customers
4847,91,8,113984.7,2,1,3,213,Regular Customers
4848,100,3,25805.030000000002,2,1,1,211,Regular Customers
4849,82,11,79937.5,2,3,2,232,Regular Customers
4850,41,11,162981.62,3,3,4,334,Big Spenders
4851,129,5,41910.57,1,1,1,111,At Risk
4852,155,5,71576.88,1,1,1,111,At Risk
4853,8,10,123086.26,4,2,3,423,Regular Customers
4854,39,9,116707.67,3,2,3,323,Regular Customers
4855,177,9,77511.25,1,2,2,122,At Risk
4856,174,11,71347.19,1,3,1,131,At Risk
4857,50,7,92453.3,3,1,2,312,Regular Customers
4858,61,8,93300.52,2,1,2,212,Regular Customers
4859,102,11,79324.56,2,3,2,232,Regular Customers
4860,140,9,83986.31,1,2,2,122,At Risk
4861,123,10,105613.61,1,2,3,123,At Risk
4862,175,10,136386.82,1,2,4,124,Big Spenders
4863,20,11,124404.76000000001,4,3,3,433,Loyal Customers
4864,7,7,56994.72,4,1,1,411,Regular Customers
4865,86,14,118981.14,2,4,3,243,Regular Customers
4866,2,11,124705.14,4,3,3,433,Loyal Customers
4867,30,10,100794.8,3,2,2,322,Regular Customers
4868,30,12,137609.47,3,3,4,334,Big Spenders
4869,7,16,182058.5,4,4,4,444,Champions
4870,51,14,112870.25,3,4,3,343,Regular Customers
4871,308,9,79349.64,1,2,2,122,At Risk
4872,68,14,108223.19,2,4,3,243,Regular Customers
4873,6,9,102765.14,4,2,2,422,Regular Customers
4874,56,8,91174.37,2,1,2,212,Regular Customers
4875,55,10,109968.76999999999,2,2,3,223,Regular Customers
4876,88,14,116219.27,2,4,3,243,Regular Customers
4877,64,11,153828.39,2,3,4,234,Big Spenders
4878,63,6,44923.61,2,1,1,211,Regular Customers
4879,61,11,100942.95000000001,2,3,2,232,Regular Customers
4880,274,9,120056.45000000001,1,2,3,123,At Risk
4881,1,8,49873.100000000006,4,1,1,411,Regular Customers
4882,14,12,127882.36,4,3,3,433,Loyal Customers
4883,86,13,152789.81,2,4,4,244,Big Spenders
4884,125,12,89177.37,1,3,2,132,At Risk
4885,79,16,160281.82,2,4,4,244,Big Spenders
4886,17,5,76822.77,4,1,1,411,Regular Customers
4887,4,8,101517.74,4,1,2,412,Regular Customers
4888,142,7,45587.11,1,1,1,111,At Risk
4889,207,12,138478.49,1,3,4,134,Big Spenders
4890,70,17,227685.42,2,4,4,244,Big Spenders
4891,1,11,111071.06,4,3,3,433,Loyal Customers
4892,25,9,40096.89,3,2,1,321,Regular Customers
4893,21,7,108876.1,4,1,3,413,Regular Customers
4894,36,7,45766.84,3,1,1,311,Regular Customers
4895,3,11,133536.09,4,3,3,433,Loyal Customers
4896,35,9,82094.87999999999,3,2,2,322,Regular Customers
4897,35,11,118940.02,3,3,3,333,Regular Customers
4898,63,10,102325.76,2,2,2,222,Regular Customers
4899,196,13,104205.7,1,4,2,142,At Risk
4900,102,11,108934.61,2,3,3,233,Regular Customers
4901,29,10,86718.16,3,2,2,322,Regular Customers
4902,90,13,133053.71,2,4,3,243,Regular Customers
4903,87,15,199423.75,2,4,4,244,Big Spenders
4904,30,11,100797.98999999999,3,3,2,332,Regular Customers
4905,179,12,160128.0,1,3,4,134,Big Spenders
4906,164,9,80505.87,1,2,2,122,At Risk
4907,188,5,22661.1,1,1,1,111,At Risk
4908,79,9,64252.75,2,2,1,221,Regular Customers
4909,64,8,115443.75,2,1,3,213,Regular Customers
4910,78,13,109465.12,2,4,3,243,Regular Customers
4911,40,12,80793.89,3,3,2,332,Regular Customers
4912,23,19,242689.96,3,4,4,344,Big Spenders
4913,103,8,104571.09,1,1,3,113,At Risk
4914,132,11,136554.49,1,3,4,134,Big Spenders
4915,34,5,29946.09,3,1,1,311,Regular Customers
4916,60,9,116353.87000000001,2,2,3,223,Regular Customers
4917,111,14,149199.3,1,4,4,144,Big Spenders
4918,26,8,121443.57,3,1,3,313,Regular Customers
4919,46,14,174786.79,3,4,4,344,Big Spenders
4920,1,11,106604.62,4,3,3,433,Loyal Customers
4921,330,12,131700.46,1,3,3,133,At Risk
4922,22,8,81023.19,3,1,2,312,Regular Customers
4923,20,10,95231.36,4,2,2,422,Regular Customers
4924,150,11,148249.41,1,3,4,134,Big Spenders
4925,32,10,208237.52,3,2,4,324,Big Spenders
4926,67,17,154177.51,2,4,4,244,Big Spenders
4927,56,13,164242.37,2,4,4,244,Big Spenders
4928,130,9,103582.37,1,2,2,122,At Risk
4929,142,10,133711.4,1,2,3,123,At Risk
4930,67,19,253393.96,2,4,4,244,Big Spenders
4931,56,8,50252.51,2,1,1,211,Regular Customers
4932,55,10,102228.44,2,2,2,222,Regular Customers
4933,149,8,98830.84,1,1,2,112,At Risk
4934,284,4,30195.75,1,1,1,111,At Risk
4935,12,15,152671.29,4,4,4,444,Champions
4936,46,10,146820.03,3,2,4,324,Big Spenders
4937,9,5,14917.9,4,1,1,411,Regular Customers
4938,159,6,75170.34,1,1,1,111,At Risk
4939,94,9,120962.24,2,2,3,223,Regular Customers
4940,131,7,42634.41,1,1,1,111,At Risk
4941,31,13,164169.09,3,4,4,344,Big Spenders
4942,20,10,108767.26,4,2,3,423,Regular Customers
4943,60,9,93267.86,2,2,2,222,Regular Customers
4944,288,12,144723.72999999998,1,3,4,134,Big Spenders
4945,16,9,122749.84,4,2,3,423,Regular Customers
4946,19,9,76402.15000000001,4,2,1,421,Regular Customers
4947,90,16,155239.6,2,4,4,244,Big Spenders
4948,197,7,79840.45,1,1,2,112,At Risk
4949,17,13,119469.87,4,4,3,443,Loyal Customers
4950,54,7,85784.83,2,1,2,212,Regular Customers
4951,103,9,113444.71,1,2,3,123,At Risk
4952,169,6,75645.94,1,1,1,111,At Risk
4953,37,9,92629.8,3,2,2,322,Regular Customers
4954,137,14,114808.06999999999,1,4,3,143,At Risk
4955,78,6,53630.94,2,1,1,211,Regular Customers
4956,10,11,178938.21,4,3,4,434,Loyal Customers
4957,7,11,124662.38,4,3,3,433,Loyal Customers
4958,11,12,75527.47,4,3,1,431,Loyal Customers
4959,7,13,170137.36000000002,4,4,4,444,Champions
4960,1,13,174887.65,4,4,4,444,Champions
4961,93,16,212647.09,2,4,4,244,Big Spenders
4962,24,10,115106.75,3,2,3,323,Regular Customers
4963,172,13,117166.72,1,4,3,143,At Risk
4964,110,12,115260.23999999999,1,3,3,133,At Risk
4965,48,12,168104.79,3,3,4,334,Big Spenders
4966,135,13,178813.6,1,4,4,144,Big Spenders
4967,85,10,71249.81,2,2,1,221,Regular Customers
4968,58,11,106870.88,2,3,3,233,Regular Customers
4969,173,10,83571.76000000001,1,2,2,122,At Risk
4970,60,15,171624.72,2,4,4,244,Big Spenders
4971,18,6,44995.1,4,1,1,411,Regular Customers
4972,39,11,118828.12,3,3,3,333,Regular Customers
4973,29,8,68866.03,3,1,1,311,Regular Customers
4974,28,10,93252.14,3,2,2,322,Regular Customers
4975,46,11,122519.15,3,3,3,333,Regular Customers
4976,73,6,53792.22,2,1,1,211,Regular Customers
4977,45,11,131056.57,3,3,3,333,Regular Customers
4978,85,8,101979.05,2,1,2,212,Regular Customers
4979,59,12,115592.0,2,3,3,233,Regular Customers
4980,26,10,171706.29,3,2,4,324,Big Spenders
4981,61,12,100708.09,2,3,2,232,Regular Customers
4982,23,10,69931.48,3,2,1,321,Regular Customers
4983,7,18,239915.1,4,4,4,444,Champions
4984,89,12,158455.3,2,3,4,234,Big Spenders
4985,34,15,95963.88,3,4,2,342,Regular Customers
4986,42,11,121222.66,3,3,3,333,Regular Customers
4987,137,6,44688.0,1,1,1,111,At Risk
4988,170,4,44305.09,1,1,1,111,At Risk
4989,19,12,105083.22,4,3,3,433,Loyal Customers
4990,142,15,161488.91,1,4,4,144,Big Spenders
4991,93,10,147327.48,2,2,4,224,Big Spenders
4992,34,12,102738.39,3,3,2,332,Regular Customers
4993,39,8,50943.479999999996,3,1,1,311,Regular Customers
4994,64,14,86057.45999999999,2,4,2,242,Regular Customers
4995,75,7,78608.25,2,1,2,212,Regular Customers
4996,53,7,58100.74,2,1,1,211,Regular Customers
4997,23,7,98856.08,3,1,2,312,Regular Customers
4998,43,16,177280.8,3,4,4,344,Big Spenders
4999,5,10,92177.79000000001,4,2,2,422,Regular Customers
5000,342,9,118211.08,1,2,3,123,At Risk
5001,33,7,80104.36,3,1,2,312,Regular Customers
5002,125,12,150171.96,1,3,4,134,Big Spenders
5003,106,8,67855.68000000001,1,1,1,111,At Risk
5004,97,8,134708.2,2,1,3,213,Regular Customers
5005,59,16,184950.64,2,4,4,244,Big Spenders
5006,60,9,128629.39,2,2,3,223,Regular Customers
5007,5,10,95564.90000000001,4,2,2,422,Regular Customers
5008,46,9,95253.0,3,2,2,322,Regular Customers
5009,32,16,173657.74,3,4,4,344,Big Spenders
5010,1,19,112474.15,4,4,3,443,Loyal Customers
5011,1,10,125573.78,4,2,3,423,Regular Customers
5012,32,10,116356.74,3,2,3,323,Regular Customers
5013,24,15,194210.5,3,4,4,344,Big Spenders
5014,57,9,82142.79,2,2,2,222,Regular Customers
5015,147,13,156445.2,1,4,4,144,Big Spenders
5016,21,11,93857.49,4,3,2,432,Loyal Customers
5017,24,7,45123.54,3,1,1,311,Regular Customers
5018,55,13,111820.12000000001,2,4,3,243,Regular Customers
5019,271,5,51494.88,1,1,1,111,At Risk
5020,37,10,59593.14,3,2,1,321,Regular Customers
5021,118,9,119601.12,1,2,3,123,At Risk
5022,2,14,129688.44,4,4,3,443,Loyal Customers
5023,65,12,111045.0,2,3,3,233,Regular Customers
5024,89,9,117518.20000000001,2,2,3,223,Regular Customers
5025,50,14,153757.07,3,4,4,344,Big Spenders
5026,61,7,88481.53,2,1,2,212,Regular Customers
5027,20,9,73247.75,4,2,1,421,Regular Customers
5028,1,11,62771.33,4,3,1,431,Loyal Customers
5029,138,6,29742.61,1,1,1,111,At Risk
5030,16,8,90548.01,4,1,2,412,Regular Customers
5031,21,11,153081.47,4,3,4,434,Loyal Customers
5032,16,10,95501.44,4,2,2,422,Regular Customers
5033,12,6,74731.88,4,1,1,411,Regular Customers
5034,75,13,131653.9,2,4,3,243,Regular Customers
5035,18,11,117658.36,4,3,3,433,Loyal Customers
5036,9,11,127980.70999999999,4,3,3,433,Loyal Customers
5037,30,14,143415.1,3,4,4,344,Big Spenders
5038,38,13,132309.96,3,4,3,343,Regular Customers
5039,97,10,145922.05,2,2,4,224,Big Spenders
5040,31,12,97938.84,3,3,2,332,Regular Customers
5041,155,5,43592.9,1,1,1,111,At Risk
5042,61,7,71786.72,2,1,1,211,Regular Customers
5043,223,10,181556.99,1,2,4,124,Big Spenders
5044,25,13,107326.05,3,4,3,343,Regular Customers
5045,4,15,200379.03,4,4,4,444,Champions
5046,179,9,81091.83,1,2,2,122,At Risk
5047,137,15,145951.19,1,4,4,144,Big Spenders
5048,2,17,140847.36,4,4,4,444,Champions
5049,51,11,87434.35,3,3,2,332,Regular Customers
5050,7,18,195304.07,4,4,4,444,Champions
5051,54,11,99840.0,2,3,2,232,Regular Customers
5052,39,8,91921.85,3,1,2,312,Regular Customers
5053,26,7,70199.52,3,1,1,311,Regular Customers
5054,12,6,64985.61,4,1,1,411,Regular Customers
5055,80,12,129859.41,2,3,3,233,Regular Customers
5056,103,9,80434.56,1,2,2,122,At Risk
5057,1,9,117612.98000000001,4,2,3,423,Regular Customers
5058,81,13,114197.24,2,4,3,243,Regular Customers
5059,70,8,65897.98,2,1,1,211,Regular Customers
5060,10,8,87160.34,4,1,2,412,Regular Customers
5061,127,10,122724.65,1,2,3,123,At Risk
5062,36,9,107468.59,3,2,3,323,Regular Customers
5063,9,9,51018.08,4,2,1,421,Regular Customers
5064,35,9,80378.68,3,2,2,322,Regular Customers
5065,17,8,87973.98000000001,4,1,2,412,Regular Customers
5066,174,9,64465.979999999996,1,2,1,121,At Risk
5067,52,9,107113.78,2,2,3,223,Regular Customers
5068,47,11,119508.15,3,3,3,333,Regular Customers
5069,23,6,23268.559999999998,3,1,1,311,Regular Customers
5070,13,17,144137.68,4,4,4,444,Champions
5071,93,14,76236.51,2,4,1,241,Regular Customers
5072,82,15,208190.46,2,4,4,244,Big Spenders
5073,50,14,167839.25,3,4,4,344,Big Spenders
5074,6,12,134932.8,4,3,3,433,Loyal Customers
5075,43,9,115742.62,3,2,3,323,Regular Customers
5076,204,4,56706.229999999996,1,1,1,111,At Risk
5077,173,8,54694.31,1,1,1,111,At Risk
5078,73,11,156136.69,2,3,4,234,Big Spenders
5079,197,11,89966.76,1,3,2,132,At Risk
5080,19,9,112186.0,4,2,3,423,Regular Customers
5081,60,17,176692.64,2,4,4,244,Big Spenders
5082,138,11,168241.94,1,3,4,134,Big Spenders
5083,25,11,116174.26,3,3,3,333,Regular Customers
5084,6,8,96540.96,4,1,2,412,Regular Customers
5085,135,8,115982.88,1,1,3,113,At Risk
5086,7,13,176300.0,4,4,4,444,Champions
5087,85,5,47245.78,2,1,1,211,Regular Customers
5088,71,10,112862.08,2,2,3,223,Regular Customers
5089,2,7,62396.52,4,1,1,411,Regular Customers
5090,16,12,100330.72,4,3,2,432,Loyal Customers
5091,10,9,99270.8,4,2,2,422,Regular Customers
5092,3,18,146438.69,4,4,4,444,Champions
5093,191,10,137643.15,1,2,4,124,Big Spenders
5094,231,11,91513.41,1,3,2,132,At Risk
5095,68,15,158270.19,2,4,4,244,Big Spenders
5096,3,5,75603.67,4,1,1,411,Regular Customers
5097,37,10,123390.67,3,2,3,323,Regular Customers
5098,82,8,85619.05,2,1,2,212,Regular Customers
5099,13,6,69479.81,4,1,1,411,Regular Customers
5100,6,12,216819.27000000002,4,3,4,434,Loyal Customers
5101,267,6,59163.5,1,1,1,111,At Risk
5102,31,11,159423.66999999998,3,3,4,334,Big Spenders
5103,40,7,107062.39,3,1,3,313,Regular Customers
5104,12,11,125703.48999999999,4,3,3,433,Loyal Customers
5105,336,7,45840.6,1,1,1,111,At Risk
5106,135,5,24355.5,1,1,1,111,At Risk
5107,13,12,150529.99,4,3,4,434,Loyal Customers
5108,7,11,116345.42,4,3,3,433,Loyal Customers
5109,165,6,58788.66,1,1,1,111,At Risk
5110,80,7,131092.77,2,1,3,213,Regular Customers
5111,113,7,85799.92,1,1,2,112,At Risk
5112,8,14,136932.64,4,4,4,444,Champions
5113,7,10,107982.06999999999,4,2,3,423,Regular Customers
5114,402,7,72114.40000000001,1,1,1,111,At Risk
5115,8,15,71863.85,4,4,1,441,Loyal Customers
5116,11,9,102740.92000000001,4,2,2,422,Regular Customers
5117,66,16,189681.47,2,4,4,244,Big Spenders
5118,38,12,84601.73,3,3,2,332,Regular Customers
5119,3,13,140722.93,4,4,4,444,Champions
5120,30,11,107834.02,3,3,3,333,Regular Customers
5121,70,8,135026.88,2,1,3,213,Regular Customers
5122,53,11,137383.72,2,3,4,234,Big Spenders
5123,95,9,95976.84999999999,2,2,2,222,Regular Customers
5124,3,16,194936.78999999998,4,4,4,444,Champions
5125,43,6,48497.83,3,1,1,311,Regular Customers
5126,19,10,88594.26999999999,4,2,2,422,Regular Customers
5127,67,6,54188.44,2,1,1,211,Regular Customers
5128,91,12,129082.26000000001,2,3,3,233,Regular Customers
5129,5,9,47434.14,4,2,1,421,Regular Customers
5130,36,13,185086.65,3,4,4,344,Big Spenders
5131,42,12,123548.5,3,3,3,333,Regular Customers
5132,59,10,115364.59,2,2,3,223,Regular Customers
5133,8,10,121362.76000000001,4,2,3,423,Regular Customers
5134,34,12,76172.4,3,3,1,331,Regular Customers
5135,120,9,90496.17,1,2,2,122,At Risk
5136,83,4,52360.770000000004,2,1,1,211,Regular Customers
5137,2,10,162514.02,4,2,4,424,Big Spenders
5138,92,7,97932.69,2,1,2,212,Regular Customers
5139,105,8,113661.2,1,1,3,113,At Risk
5140,42,18,153120.01,3,4,4,344,Big Spenders
5141,55,9,144230.37,2,2,4,224,Big Spenders
5142,230,4,41524.63,1,1,1,111,At Risk
5143,36,9,93626.49,3,2,2,322,Regular Customers
5144,23,13,147851.95,3,4,4,344,Big Spenders
5145,42,11,92119.95,3,3,2,332,Regular Customers
5146,27,17,241874.65,3,4,4,344,Big Spenders
5147,10,8,54680.74,4,1,1,411,Regular Customers
5148,205,10,103631.73,1,2,2,122,At Risk
5149,79,8,91239.24,2,1,2,212,Regular Customers
5150,39,8,103982.95000000001,3,1,2,312,Regular Customers
5151,74,12,116554.48000000001,2,3,3,233,Regular Customers
5152,122,11,86951.19,1,3,2,132,At Risk
5153,52,13,180933.53,2,4,4,244,Big Spenders
5154,15,7,79066.57,4,1,2,412,Regular Customers
5155,39,12,156438.43,3,3,4,334,Big Spenders
5156,115,9,95300.91,1,2,2,122,At Risk
5157,270,3,51585.380000000005,1,1,1,111,At Risk
5158,98,12,95265.41,2,3,2,232,Regular Customers
5159,202,5,74641.06,1,1,1,111,At Risk
5160,41,5,45647.85,3,1,1,311,Regular Customers
5161,81,5,35840.29,2,1,1,211,Regular Customers
5162,25,16,122303.25,3,4,3,343,Regular Customers
5163,9,11,155681.29,4,3,4,434,Loyal Customers
5164,84,10,56265.08,2,2,1,221,Regular Customers
5165,50,14,127029.06,3,4,3,343,Regular Customers
5166,276,5,60781.5,1,1,1,111,At Risk
5167,4,11,148189.31,4,3,4,434,Loyal Customers
5168,144,5,39965.42,1,1,1,111,At Risk
5169,54,8,120450.05,2,1,3,213,Regular Customers
5170,89,12,101104.78,2,3,2,232,Regular Customers
5171,10,8,55122.340000000004,4,1,1,411,Regular Customers
5172,13,9,87291.73,4,2,2,422,Regular Customers
5173,188,8,97301.38,1,1,2,112,At Risk
5174,71,7,92402.45000000001,2,1,2,212,Regular Customers
5175,60,9,73133.44,2,2,1,221,Regular Customers
5176,62,8,82104.48,2,1,2,212,Regular Customers
5177,59,13,153477.81,2,4,4,244,Big Spenders
5178,27,12,115516.74,3,3,3,333,Regular Customers
5179,47,8,98587.33,3,1,2,312,Regular Customers
5180,63,6,30609.54,2,1,1,211,Regular Customers
5181,15,11,115140.66,4,3,3,433,Loyal Customers
5182,90,8,74147.1,2,1,1,211,Regular Customers
5183,44,14,167245.28,3,4,4,344,Big Spenders
5184,27,14,142633.25,3,4,4,344,Big Spenders
5185,35,12,96514.25,3,3,2,332,Regular Customers
5186,16,13,143515.04,4,4,4,444,Champions
5187,126,11,121949.56,1,3,3,133,At Risk
5188,86,12,152664.2,2,3,4,234,Big Spenders
5189,64,12,212739.49,2,3,4,234,Big Spenders
5190,39,9,81228.15,3,2,2,322,Regular Customers
5191,41,16,188591.78,3,4,4,344,Big Spenders
5192,125,8,47383.23,1,1,1,111,At Risk
5193,200,10,116136.06,1,2,3,123,At Risk
5194,23,11,170353.52000000002,3,3,4,334,Big Spenders
5195,7,13,174183.49,4,4,4,444,Champions
5196,138,8,81185.72,1,1,2,112,At Risk
5197,92,10,124236.17,2,2,3,223,Regular Customers
5198,55,10,87583.72,2,2,2,222,Regular Customers
5199,31,14,196006.19,3,4,4,344,Big Spenders
5200,127,8,119042.28,1,1,3,113,At Risk
5201,45,11,65377.6,3,3,1,331,Regular Customers
5202,49,10,108125.56,3,2,3,323,Regular Customers
5203,25,10,81706.14,3,2,2,322,Regular Customers
5204,142,10,73063.89,1,2,1,121,At Risk
5205,26,8,99887.74,3,1,2,312,Regular Customers
5206,115,8,100955.49,1,1,2,112,At Risk
5207,126,12,135554.75,1,3,3,133,At Risk
5208,205,6,63150.65,1,1,1,111,At Risk
5209,36,5,79715.17,3,1,2,312,Regular Customers
5210,87,14,220480.67,2,4,4,244,Big Spenders
5211,138,14,111001.04,1,4,3,143,At Risk
5212,37,17,165556.18,3,4,4,344,Big Spenders
5213,33,9,80411.95999999999,3,2,2,322,Regular Customers
5214,217,6,42736.12,1,1,1,111,At Risk
5215,59,6,47904.26,2,1,1,211,Regular Customers
5216,116,4,44418.36,1,1,1,111,At Risk
5217,11,12,101800.64,4,3,2,432,Loyal Customers
5218,122,6,60921.479999999996,1,1,1,111,At Risk
5219,44,14,147027.31,3,4,4,344,Big Spenders
5220,12,16,208406.54,4,4,4,444,Champions
5221,4,9,74191.93,4,2,1,421,Regular Customers
5222,125,8,128125.8,1,1,3,113,At Risk
5223,8,12,146619.72,4,3,4,434,Loyal Customers
5224,13,12,103197.11,4,3,2,432,Loyal Customers
5225,47,14,150021.41,3,4,4,344,Big Spenders
5226,91,10,100195.81,2,2,2,222,Regular Customers
5227,48,9,88999.84,3,2,2,322,Regular Customers
5228,157,10,145238.27,1,2,4,124,Big Spenders
5229,72,12,121957.33,2,3,3,233,Regular Customers
5230,10,10,107159.32,4,2,3,423,Regular Customers
5231,36,9,89156.75,3,2,2,322,Regular Customers
5232,222,7,86574.44,1,1,2,112,At Risk
5233,36,14,121935.99,3,4,3,343,Regular Customers
5234,104,5,54737.4,1,1,1,111,At Risk
5235,18,13,135129.91999999998,4,4,3,443,Loyal Customers
5236,63,11,86891.52,2,3,2,232,Regular Customers
5237,39,7,76818.73999999999,3,1,1,311,Regular Customers
5238,41,9,53901.34,3,2,1,321,Regular Customers
5239,38,14,154536.9,3,4,4,344,Big Spenders
5240,80,10,103234.05,2,2,2,222,Regular Customers
5241,160,8,78533.33,1,1,2,112,At Risk
5242,160,13,222195.44,1,4,4,144,Big Spenders
5243,177,11,81089.53,1,3,2,132,At Risk
5244,105,12,91774.97,1,3,2,132,At Risk
5245,93,6,82546.02,2,1,2,212,Regular Customers
5246,164,4,49079.399999999994,1,1,1,111,At Risk
5247,40,12,138243.82,3,3,4,334,Big Spenders
5248,10,14,190622.79,4,4,4,444,Champions
5249,29,13,158168.9,3,4,4,344,Big Spenders
5250,15,7,46112.78,4,1,1,411,Regular Customers
5251,43,9,114802.76,3,2,3,323,Regular Customers
5252,83,13,104810.46,2,4,3,243,Regular Customers
5253,175,8,103270.59,1,1,2,112,At Risk
5254,26,13,161242.36000000002,3,4,4,344,Big Spenders
5255,29,12,98383.70999999999,3,3,2,332,Regular Customers
5256,160,8,133440.51,1,1,3,113,At Risk
5257,228,6,30685.68,1,1,1,111,At Risk
5258,35,16,245623.23,3,4,4,344,Big Spenders
5259,33,9,155131.31,3,2,4,324,Big Spenders
5260,9,13,155393.38,4,4,4,444,Champions
5261,157,10,106802.93,1,2,3,123,At Risk
5262,132,8,100274.32,1,1,2,112,At Risk
5263,50,10,126034.98,3,2,3,323,Regular Customers
5264,25,14,132632.23,3,4,3,343,Regular Customers
5265,240,9,124232.54,1,2,3,123,At Risk
5266,5,8,84519.95999999999,4,1,2,412,Regular Customers
5267,171,10,109137.09,1,2,3,123,At Risk
5268,130,7,54959.21,1,1,1,111,At Risk
5269,70,12,122909.79000000001,2,3,3,233,Regular Customers
5270,10,9,75940.46,4,2,1,421,Regular Customers
5271,43,8,55477.16,3,1,1,311,Regular Customers
5272,21,13,143923.81,4,4,4,444,Champions
5273,13,12,137782.64,4,3,4,434,Loyal Customers
5274,192,8,107751.4,1,1,3,113,At Risk
5275,15,9,62826.409999999996,4,2,1,421,Regular Customers
5276,244,5,39932.630000000005,1,1,1,111,At Risk
5277,151,6,72207.92,1,1,1,111,At Risk
5278,41,12,138155.94,3,3,4,334,Big Spenders
5279,13,12,130416.06999999999,4,3,3,433,Loyal Customers
5280,23,18,188022.01,3,4,4,344,Big Spenders
5281,26,12,150027.14,3,3,4,334,Big Spenders
5282,68,14,119666.88,2,4,3,243,Regular Customers
5283,118,10,111222.99,1,2,3,123,At Risk
5284,247,8,114644.13,1,1,3,113,At Risk
5285,17,10,95739.47,4,2,2,422,Regular Customers
5286,29,10,141219.98,3,2,4,324,Big Spenders
5287,29,12,161264.04,3,3,4,334,Big Spenders
5288,142,11,165012.59,1,3,4,134,Big Spenders
5289,118,9,74701.95,1,2,1,121,At Risk
5290,33,5,43668.14,3,1,1,311,Regular Customers
5291,51,10,108717.75,3,2,3,323,Regular Customers
5292,188,10,115818.28,1,2,3,123,At Risk
5293,1,14,67687.62,4,4,1,441,Loyal Customers
5294,116,8,45006.7,1,1,1,111,At Risk
5295,95,13,63992.61,2,4,1,241,Regular Customers
5296,35,13,79671.28,3,4,2,342,Regular Customers
5297,20,12,111018.20999999999,4,3,3,433,Loyal Customers
5298,90,11,128596.06,2,3,3,233,Regular Customers
5299,19,12,222947.58000000002,4,3,4,434,Loyal Customers
5300,3,11,128741.83,4,3,3,433,Loyal Customers
5301,85,9,91118.78,2,2,2,222,Regular Customers
5302,71,9,119095.83,2,2,3,223,Regular Customers
5303,42,13,95170.13,3,4,2,342,Regular Customers
5304,57,11,96664.11,2,3,2,232,Regular Customers
5305,85,13,166349.27,2,4,4,244,Big Spenders
5306,53,11,68852.95999999999,2,3,1,231,Regular Customers
5307,68,6,35229.7,2,1,1,211,Regular Customers
5308,369,6,74519.83,1,1,1,111,At Risk
5309,79,10,62749.91,2,2,1,221,Regular Customers
5310,61,8,85929.18000000001,2,1,2,212,Regular Customers
5311,311,3,46596.51,1,1,1,111,At Risk
5312,33,8,93197.75,3,1,2,312,Regular Customers
5313,48,12,129585.7,3,3,3,333,Regular Customers
5314,131,5,30415.739999999998,1,1,1,111,At Risk
5315,3,12,191191.09,4,3,4,434,Loyal Customers
5316,21,9,68335.34,4,2,1,421,Regular Customers
5317,119,10,97167.39,1,2,2,122,At Risk
5318,134,9,62345.71,1,2,1,121,At Risk
5319,148,12,144314.52,1,3,4,134,Big Spenders
5320,12,10,39959.03,4,2,1,421,Regular Customers
5321,97,8,66938.56999999999,2,1,1,211,Regular Customers
5322,20,7,67403.98,4,1,1,411,Regular Customers
5323,19,13,117835.93,4,4,3,443,Loyal Customers
5324,78,7,99226.67,2,1,2,212,Regular Customers
5325,110,6,45699.44,1,1,1,111,At Risk
5326,64,13,105557.92,2,4,3,243,Regular Customers
5327,15,10,112344.12,4,2,3,423,Regular Customers
5328,36,8,62235.340000000004,3,1,1,311,Regular Customers
5329,46,10,95459.69,3,2,2,322,Regular Customers
5330,111,9,67581.95,1,2,1,121,At Risk
5331,30,16,156910.28,3,4,4,344,Big Spenders
5332,2,10,101174.49,4,2,2,422,Regular Customers
5333,52,11,96367.92,2,3,2,232,Regular Customers
5334,7,9,99285.86,4,2,2,422,Regular Customers
5335,153,10,136521.84,1,2,4,124,Big Spenders
5336,70,12,87379.99,2,3,2,232,Regular Customers
5337,23,9,136230.15,3,2,4,324,Big Spenders
5338,9,9,112799.38,4,2,3,423,Regular Customers
5339,15,7,46812.1,4,1,1,411,Regular Customers
5340,71,10,122528.86,2,2,3,223,Regular Customers
5341,21,9,133314.29,4,2,3,423,Regular Customers
5342,18,9,74349.49,4,2,1,421,Regular Customers
5343,67,8,105554.73,2,1,3,213,Regular Customers
5344,189,5,98169.45,1,1,2,112,At Risk
5345,62,8,104855.76,2,1,3,213,Regular Customers
5346,109,10,90984.61,1,2,2,122,At Risk
5347,21,14,106610.7,4,4,3,443,Loyal Customers
5348,43,8,83973.89,3,1,2,312,Regular Customers
5349,21,11,90517.03,4,3,2,432,Loyal Customers
5350,277,6,43920.56,1,1,1,111,At Risk
5351,34,5,42594.91,3,1,1,311,Regular Customers
5352,17,14,111443.7,4,4,3,443,Loyal Customers
5353,117,10,55677.94,1,2,1,121,At Risk
5354,23,9,69181.84,3,2,1,321,Regular Customers
5355,38,11,98580.2,3,3,2,332,Regular Customers
5356,207,7,61097.45,1,1,1,111,At Risk
5357,55,13,115484.59999999999,2,4,3,243,Regular Customers
5358,52,8,62028.82,2,1,1,211,Regular Customers
5359,74,8,72035.45,2,1,1,211,Regular Customers
5360,24,9,116613.36,3,2,3,323,Regular Customers
5361,27,10,162199.85,3,2,4,324,Big Spenders
5362,1,18,110412.85,4,4,3,443,Loyal Customers
5363,34,11,167322.3,3,3,4,334,Big Spenders
5364,42,11,146907.81,3,3,4,334,Big Spenders
5365,71,5,42749.299999999996,2,1,1,211,Regular Customers
5366,49,9,69255.73,3,2,1,321,Regular Customers
5367,276,7,97984.03,1,1,2,112,At Risk
5368,313,4,49270.5,1,1,1,111,At Risk
5369,40,14,130827.16,3,4,3,343,Regular Customers
5370,77,6,77558.24,2,1,2,212,Regular Customers
5371,197,12,131561.34,1,3,3,133,At Risk
5372,18,9,104961.32,4,2,3,423,Regular Customers
5373,38,6,58534.29,3,1,1,311,Regular Customers
5374,30,12,130632.42,3,3,3,333,Regular Customers
5375,18,11,90336.29000000001,4,3,2,432,Loyal Customers
5376,5,11,86557.95,4,3,2,432,Loyal Customers
5377,95,7,81840.49,2,1,2,212,Regular Customers
5378,41,14,175398.38,3,4,4,344,Big Spenders
5379,367,8,79066.81,1,1,2,112,At Risk
5380,267,6,68133.09,1,1,1,111,At Risk
5381,7,7,42560.85,4,1,1,411,Regular Customers
5382,26,14,161643.96,3,4,4,344,Big Spenders
5383,27,14,169662.13999999998,3,4,4,344,Big Spenders
5384,2,14,195868.89,4,4,4,444,Champions
5385,96,10,81672.88,2,2,2,222,Regular Customers
5386,80,10,100318.81999999999,2,2,2,222,Regular Customers
5387,25,11,114348.82,3,3,3,333,Regular Customers
5388,35,12,71405.53,3,3,1,331,Regular Customers
5389,124,8,66727.48,1,1,1,111,At Risk
5390,41,14,155629.25,3,4,4,344,Big Spenders
5391,91,10,68428.22,2,2,1,221,Regular Customers
5392,37,16,168756.75,3,4,4,344,Big Spenders
5393,49,11,189850.64,3,3,4,334,Big Spenders
5394,39,12,96957.86,3,3,2,332,Regular Customers
5395,94,9,111812.98999999999,2,2,3,223,Regular Customers
5396,3,11,94358.79000000001,4,3,2,432,Loyal Customers
5397,53,10,160263.48,2,2,4,224,Big Spenders
5398,24,12,154913.69,3,3,4,334,Big Spenders
5399,12,7,100793.84,4,1,2,412,Regular Customers
5400,57,8,136294.7,2,1,4,214,Big Spenders
5401,36,10,124202.47,3,2,3,323,Regular Customers
5402,119,11,154948.43,1,3,4,134,Big Spenders
5403,7,21,214200.16,4,4,4,444,Champions
5404,63,13,139325.11000000002,2,4,4,244,Big Spenders
5405,67,7,71394.65,2,1,1,211,Regular Customers
5406,61,6,76480.49,2,1,1,211,Regular Customers
5407,195,5,70548.83,1,1,1,111,At Risk
5408,55,6,69698.46,2,1,1,211,Regular Customers
5409,116,9,90505.13,1,2,2,122,At Risk
5410,174,7,74367.06,1,1,1,111,At Risk
5411,75,6,23560.41,2,1,1,211,Regular Customers
5412,297,6,77622.81999999999,1,1,2,112,At Risk
5413,189,11,83947.61,1,3,2,132,At Risk
5414,40,10,67932.91,3,2,1,321,Regular Customers
5415,13,14,117768.57,4,4,3,443,Loyal Customers
5416,37,10,112616.94,3,2,3,323,Regular Customers
5417,25,11,112563.94,3,3,3,333,Regular Customers
5418,98,6,52095.130000000005,2,1,1,211,Regular Customers
5419,49,10,86689.09,3,2,2,322,Regular Customers
5420,43,9,94532.29000000001,3,2,2,322,Regular Customers
5421,12,3,32903.35,4,1,1,411,Regular Customers
5422,56,8,114956.48,2,1,3,213,Regular Customers
5423,38,9,95963.07,3,2,2,322,Regular Customers
5424,211,5,27520.14,1,1,1,111,At Risk
5425,17,6,86944.57,4,1,2,412,Regular Customers
5426,155,7,143672.43,1,1,4,114,Big Spenders
5427,47,11,128206.48,3,3,3,333,Regular Customers
5428,4,4,65939.2,4,1,1,411,Regular Customers
5429,42,12,175191.75,3,3,4,334,Big Spenders
5430,150,17,204865.03,1,4,4,144,Big Spenders
5431,113,16,139412.66,1,4,4,144,Big Spenders
5432,16,14,148488.82,4,4,4,444,Champions
5433,124,9,62766.74,1,2,1,121,At Risk
5434,100,11,89127.01,2,3,2,232,Regular Customers
5435,31,13,179719.97,3,4,4,344,Big Spenders
5436,7,17,144612.71,4,4,4,444,Champions
5437,69,10,91489.13,2,2,2,222,Regular Customers
5438,71,7,39458.63,2,1,1,211,Regular Customers
5439,230,5,66897.5,1,1,1,111,At Risk
5440,109,6,49023.14,1,1,1,111,At Risk
5441,23,10,82870.48,3,2,2,322,Regular Customers
5442,178,6,48524.62,1,1,1,111,At Risk
5443,24,9,79650.89,3,2,2,322,Regular Customers
5444,34,20,288762.23,3,4,4,344,Big Spenders
5445,31,11,105994.68,3,3,3,333,Regular Customers
5446,83,7,55971.82,2,1,1,211,Regular Customers
5447,113,10,84057.8,1,2,2,122,At Risk
5448,16,12,134372.29,4,3,3,433,Loyal Customers
5449,77,10,110791.3,2,2,3,223,Regular Customers
5450,283,11,120526.46,1,3,3,133,At Risk
5451,87,8,77728.14,2,1,2,212,Regular Customers
5452,106,12,184851.19,1,3,4,134,Big Spenders
5453,57,10,121762.43,2,2,3,223,Regular Customers
5454,12,14,85216.31,4,4,2,442,Loyal Customers
5455,86,16,188729.43,2,4,4,244,Big Spenders
5456,55,12,92153.12,2,3,2,232,Regular Customers
5457,19,11,83593.56,4,3,2,432,Loyal Customers
5458,31,12,133721.95,3,3,3,333,Regular Customers
5459,18,10,144649.63,4,2,4,424,Big Spenders
5460,43,10,57805.770000000004,3,2,1,321,Regular Customers
5461,27,12,156108.38,3,3,4,334,Big Spenders
5462,125,9,95443.3,1,2,2,122,At Risk
5463,24,8,51003.86,3,1,1,311,Regular Customers
5464,199,5,33462.08,1,1,1,111,At Risk
5465,21,11,107256.61,4,3,3,433,Loyal Customers
5466,4,14,124865.61,4,4,3,443,Loyal Customers
5467,36,14,188845.36,3,4,4,344,Big Spenders
5468,76,5,67588.57,2,1,1,211,Regular Customers
5469,236,6,34631.85,1,1,1,111,At Risk
5470,39,11,133600.05,3,3,3,333,Regular Customers
5471,1,9,196664.3,4,2,4,424,Big Spenders
5472,43,16,209413.4,3,4,4,344,Big Spenders
5473,145,5,37911.87,1,1,1,111,At Risk
5474,49,14,140420.86000000002,3,4,4,344,Big Spenders
5475,71,12,125923.38,2,3,3,233,Regular Customers
5476,85,12,170415.52,2,3,4,234,Big Spenders
5477,216,10,98649.02,1,2,2,122,At Risk
5478,15,14,189918.0,4,4,4,444,Champions
5479,102,9,95972.44,2,2,2,222,Regular Customers
5480,86,7,77289.09,2,1,2,212,Regular Customers
5481,160,9,103372.28,1,2,2,122,At Risk
5482,251,9,75134.20999999999,1,2,1,121,At Risk
5483,78,9,122817.11,2,2,3,223,Regular Customers
5484,30,8,105629.6,3,1,3,313,Regular Customers
5485,142,14,125202.68000000001,1,4,3,143,At Risk
5486,44,4,47964.57,3,1,1,311,Regular Customers
5487,82,8,79982.38,2,1,2,212,Regular Customers
5488,170,9,80404.08,1,2,2,122,At Risk
5489,5,13,131343.06,4,4,3,443,Loyal Customers
5490,13,3,42706.61,4,1,1,411,Regular Customers
5491,42,10,199975.16,3,2,4,324,Big Spenders
5492,33,15,158729.83000000002,3,4,4,344,Big Spenders
5493,110,14,195909.05,1,4,4,144,Big Spenders
5494,9,14,168834.0,4,4,4,444,Champions
5495,62,7,51233.64,2,1,1,211,Regular Customers
5496,24,9,93318.58,3,2,2,322,Regular Customers
5497,86,12,145493.84,2,3,4,234,Big Spenders
5498,36,10,152096.49,3,2,4,324,Big Spenders
5499,48,13,111801.25,3,4,3,343,Regular Customers
5500,96,8,62534.6,2,1,1,211,Regular Customers
5501,48,6,72584.35,3,1,1,311,Regular Customers
5502,54,7,56493.04,2,1,1,211,Regular Customers
5503,20,12,148265.0,4,3,4,434,Loyal Customers
5504,160,12,151369.28,1,3,4,134,Big Spenders
5505,4,15,158516.6,4,4,4,444,Champions
5506,13,9,71916.58,4,2,1,421,Regular Customers
5507,81,11,107597.56,2,3,3,233,Regular Customers
5508,38,8,61022.58,3,1,1,311,Regular Customers
5509,42,12,119744.13,3,3,3,333,Regular Customers
5510,185,9,43700.11,1,2,1,121,At Risk
5511,8,11,129569.72,4,3,3,433,Loyal Customers
5512,48,8,117719.09999999999,3,1,3,313,Regular Customers
5513,55,9,56254.24,2,2,1,221,Regular Customers
5514,4,11,103353.97,4,3,2,432,Loyal Customers
5515,23,12,94106.97,3,3,2,332,Regular Customers
5516,25,17,178914.52000000002,3,4,4,344,Big Spenders
5517,27,14,102129.13,3,4,2,342,Regular Customers
5518,27,20,226292.09,3,4,4,344,Big Spenders
5519,15,9,157707.42,4,2,4,424,Big Spenders
5520,7,11,140954.66999999998,4,3,4,434,Loyal Customers
5521,102,7,70713.08,2,1,1,211,Regular Customers
5522,78,10,121996.11,2,2,3,223,Regular Customers
5523,15,14,100607.06,4,4,2,442,Loyal Customers
5524,245,2,37948.86,1,1,1,111,At Risk
5525,28,9,130152.6,3,2,3,323,Regular Customers
5526,6,10,126745.23,4,2,3,423,Regular Customers
5527,45,14,195715.33000000002,3,4,4,344,Big Spenders
5528,139,10,133113.83000000002,1,2,3,123,At Risk
5529,38,9,66340.41,3,2,1,321,Regular Customers
5530,15,12,119993.91,4,3,3,433,Loyal Customers
5531,43,9,63940.83,3,2,1,321,Regular Customers
5532,2,17,189168.83000000002,4,4,4,444,Champions
5533,60,6,29443.29,2,1,1,211,Regular Customers
5534,47,6,83467.40000000001,3,1,2,312,Regular Customers
5535,51,16,110494.43,3,4,3,343,Regular Customers
5536,129,10,60976.36,1,2,1,121,At Risk
5537,37,6,88486.66,3,1,2,312,Regular Customers
5538,25,11,79277.59,3,3,2,332,Regular Customers
5539,160,9,89723.88,1,2,2,122,At Risk
5540,2,11,46683.94,4,3,1,431,Loyal Customers
5541,5,14,153124.18,4,4,4,444,Champions
5542,204,16,186910.66,1,4,4,144,Big Spenders
5543,12,7,85826.87000000001,4,1,2,412,Regular Customers
5544,21,15,155878.46,4,4,4,444,Champions
5545,20,11,103151.27,4,3,2,432,Loyal Customers
5546,6,11,106734.79000000001,4,3,3,433,Loyal Customers
5547,14,11,168087.0,4,3,4,434,Loyal Customers
5548,8,16,232544.63,4,4,4,444,Champions
5549,42,9,111484.52,3,2,3,323,Regular Customers
5550,36,10,112538.24,3,2,3,323,Regular Customers
5551,130,16,147238.87,1,4,4,144,Big Spenders
5552,223,8,77675.64,1,1,2,112,At Risk
5553,64,10,145218.25,2,2,4,224,Big Spenders
5554,59,8,79763.3,2,1,2,212,Regular Customers
5555,29,11,92310.43000000001,3,3,2,332,Regular Customers
5556,13,11,69708.6,4,3,1,431,Loyal Customers
5557,158,11,124438.16,1,3,3,133,At Risk
5558,17,8,54774.42,4,1,1,411,Regular Customers
5559,36,8,85326.51999999999,3,1,2,312,Regular Customers
5560,120,6,80071.0,1,1,2,112,At Risk
5561,73,6,75902.94,2,1,1,211,Regular Customers
5562,4,12,165113.76,4,3,4,434,Loyal Customers
5563,64,11,84680.31,2,3,2,232,Regular Customers
5564,208,6,78110.66,1,1,2,112,At Risk
5565,3,8,111004.35999999999,4,1,3,413,Regular Customers
5566,171,7,100119.7,1,1,2,112,At Risk
5567,2,14,73652.65,4,4,1,441,Loyal Customers
5568,88,10,111951.89,2,2,3,223,Regular Customers
5569,30,5,60194.4,3,1,1,311,Regular Customers
5570,169,8,63590.83,1,1,1,111,At Risk
5571,79,10,93322.48,2,2,2,222,Regular Customers
5572,30,15,197705.96,3,4,4,344,Big Spenders
5573,85,14,155016.08000000002,2,4,4,244,Big Spenders
5574,90,7,42140.86,2,1,1,211,Regular Customers
5575,150,8,79740.23,1,1,2,112,At Risk
5576,36,6,52997.03,3,1,1,311,Regular Customers
5577,265,7,54529.03,1,1,1,111,At Risk
5578,251,9,98940.98999999999,1,2,2,122,At Risk
5579,2,14,177654.16,4,4,4,444,Champions
5580,8,11,94634.32,4,3,2,432,Loyal Customers
5581,135,11,181003.9,1,3,4,134,Big Spenders
5582,8,7,71896.6,4,1,1,411,Regular Customers
5583,12,8,49919.78,4,1,1,411,Regular Customers
5584,84,8,142834.83000000002,2,1,4,214,Big Spenders
5585,23,9,95972.4,3,2,2,322,Regular Customers
5586,173,13,195816.66,1,4,4,144,Big Spenders
5587,240,6,47212.630000000005,1,1,1,111,At Risk
5588,1,12,138392.99,4,3,4,434,Loyal Customers
5589,109,9,109922.27,1,2,3,123,At Risk
5590,104,10,165984.9,1,2,4,124,Big Spenders
5591,119,6,77311.62,1,1,2,112,At Risk
5592,39,11,107675.61,3,3,3,333,Regular Customers
5593,396,6,82713.06,1,1,2,112,At Risk
5594,120,12,88451.0,1,3,2,132,At Risk
5595,5,11,106351.92,4,3,3,433,Loyal Customers
5596,3,15,151219.49,4,4,4,444,Champions
5597,177,10,197056.85,1,2,4,124,Big Spenders
5598,177,10,81976.3,1,2,2,122,At Risk
5599,181,8,96469.37,1,1,2,112,At Risk
5600,9,10,60892.04,4,2,1,421,Regular Customers
5601,441,6,102994.26000000001,1,1,2,112,At Risk
5602,137,12,162298.63999999998,1,3,4,134,Big Spenders
5603,22,11,89134.99,3,3,2,332,Regular Customers
5604,144,7,88089.01000000001,1,1,2,112,At Risk
5605,7,8,67953.9,4,1,1,411,Regular Customers
5606,16,7,47360.04,4,1,1,411,Regular Customers
5607,1,9,68094.14,4,2,1,421,Regular Customers
5608,60,9,102481.95999999999,2,2,2,222,Regular Customers
5609,79,12,167205.82,2,3,4,234,Big Spenders
5610,59,15,182132.65,2,4,4,244,Big Spenders
5611,45,11,129629.05,3,3,3,333,Regular Customers
5612,167,14,129563.19,1,4,3,143,At Risk
5613,47,13,150702.9,3,4,4,344,Big Spenders
5614,49,14,150532.24,3,4,4,344,Big Spenders
5615,58,10,130592.47,2,2,3,223,Regular Customers
5616,110,10,172241.55,1,2,4,124,Big Spenders
5617,68,11,99869.34,2,3,2,232,Regular Customers
5618,88,17,171592.82,2,4,4,244,Big Spenders
5619,3,12,148039.23,4,3,4,434,Loyal Customers
5620,18,10,95201.19,4,2,2,422,Regular Customers
5621,183,10,135639.73,1,2,3,123,At Risk
5622,94,10,99227.20999999999,2,2,2,222,Regular Customers
5623,257,5,53745.05,1,1,1,111,At Risk
5624,115,9,106340.58,1,2,3,123,At Risk
5625,268,10,100792.87,1,2,2,122,At Risk
5626,125,11,95277.34,1,3,2,132,At Risk
5627,3,13,179474.55,4,4,4,444,Champions
5628,22,13,99891.63,3,4,2,342,Regular Customers
5629,25,10,115015.5,3,2,3,323,Regular Customers
5630,5,10,102014.56,4,2,2,422,Regular Customers
5631,56,16,175223.82,2,4,4,244,Big Spenders
5632,31,10,91126.53,3,2,2,322,Regular Customers
5633,119,9,115304.9,1,2,3,123,At Risk
5634,34,11,110316.59,3,3,3,333,Regular Customers
5635,14,8,62841.65,4,1,1,411,Regular Customers
5636,21,12,160131.82,4,3,4,434,Loyal Customers
5637,2,7,124731.89,4,1,3,413,Regular Customers
5638,58,11,178481.71,2,3,4,234,Big Spenders
5639,15,10,96517.96,4,2,2,422,Regular Customers
5640,43,11,137788.79,3,3,4,334,Big Spenders
5641,30,13,203432.37,3,4,4,344,Big Spenders
5642,62,10,96425.76,2,2,2,222,Regular Customers
5643,109,13,190212.49,1,4,4,144,Big Spenders
5644,89,9,88453.56,2,2,2,222,Regular Customers
5645,5,15,121973.12999999999,4,4,3,443,Loyal Customers
5646,82,8,118757.20999999999,2,1,3,213,Regular Customers
5647,92,8,87484.13,2,1,2,212,Regular Customers
5648,23,11,83144.58,3,3,2,332,Regular Customers
5649,2,13,165463.06,4,4,4,444,Champions
5650,27,11,95068.4,3,3,2,332,Regular Customers
5651,46,13,171277.64,3,4,4,344,Big Spenders
5652,48,10,57687.53,3,2,1,321,Regular Customers
5653,31,9,127854.56,3,2,3,323,Regular Customers
5654,8,12,98132.31,4,3,2,432,Loyal Customers
5655,179,8,70680.03,1,1,1,111,At Risk
5656,34,12,194504.84,3,3,4,334,Big Spenders
5657,103,8,65668.54000000001,1,1,1,111,At Risk
5658,154,6,114124.01,1,1,3,113,At Risk
5659,107,10,136222.36,1,2,4,124,Big Spenders
5660,50,9,118054.92,3,2,3,323,Regular Customers
5661,28,14,189206.25,3,4,4,344,Big Spenders
5662,2,15,171235.05,4,4,4,444,Champions
5663,12,8,73905.7,4,1,1,411,Regular Customers
5664,32,15,161382.54,3,4,4,344,Big Spenders
5665,16,14,180914.05,4,4,4,444,Champions
5666,1,13,107488.19,4,4,3,443,Loyal Customers
5667,82,13,180058.56,2,4,4,244,Big Spenders
5668,58,13,137977.53,2,4,4,244,Big Spenders
5669,38,6,34555.02,3,1,1,311,Regular Customers
5670,122,14,163892.51,1,4,4,144,Big Spenders
5671,17,12,138923.83,4,3,4,434,Loyal Customers
5672,13,9,120413.43,4,2,3,423,Regular Customers
5673,2,12,44631.63,4,3,1,431,Loyal Customers
5674,83,11,113654.28,2,3,3,233,Regular Customers
5675,8,14,100377.72,4,4,2,442,Loyal Customers
5676,35,9,116433.38,3,2,3,323,Regular Customers
5677,58,13,182651.91,2,4,4,244,Big Spenders
5678,21,16,157266.38,4,4,4,444,Champions
5679,23,12,119076.88,3,3,3,333,Regular Customers
5680,238,12,98150.68000000001,1,3,2,132,At Risk
5681,77,14,203576.38999999998,2,4,4,244,Big Spenders
5682,72,12,121891.17,2,3,3,233,Regular Customers
5683,4,9,71283.69,4,2,1,421,Regular Customers
5684,11,10,98438.94,4,2,2,422,Regular Customers
5685,42,6,42194.18,3,1,1,311,Regular Customers
5686,31,14,91053.67,3,4,2,342,Regular Customers
5687,262,11,103014.06,1,3,2,132,At Risk
5688,62,10,103762.68,2,2,2,222,Regular Customers
5689,73,12,158041.76,2,3,4,234,Big Spenders
5690,59,7,60960.020000000004,2,1,1,211,Regular Customers
5691,21,9,53519.68,4,2,1,421,Regular Customers
5692,89,10,75561.02,2,2,1,221,Regular Customers
5693,266,9,134281.91,1,2,3,123,At Risk
5694,387,5,64817.899999999994,1,1,1,111,At Risk
5695,16,8,117292.6,4,1,3,413,Regular Customers
5696,65,10,90521.08,2,2,2,222,Regular Customers
5697,81,8,100536.84,2,1,2,212,Regular Customers
5698,29,9,98805.39,3,2,2,322,Regular Customers
5699,213,6,52063.44,1,1,1,111,At Risk
5700,10,8,133748.12,4,1,3,413,Regular Customers
5701,18,14,162087.55,4,4,4,444,Champions
5702,76,10,84912.2,2,2,2,222,Regular Customers
5703,1,15,160820.5,4,4,4,444,Champions
5704,12,7,99161.68,4,1,2,412,Regular Customers
5705,13,9,149763.09,4,2,4,424,Big Spenders
5706,66,10,87415.89,2,2,2,222,Regular Customers
5707,51,9,94252.84,3,2,2,322,Regular Customers
5708,264,10,167541.43,1,2,4,124,Big Spenders
5709,70,7,80011.3,2,1,2,212,Regular Customers
5710,67,7,53036.840000000004,2,1,1,211,Regular Customers
5711,2,10,84761.48,4,2,2,422,Regular Customers
5712,217,14,125176.91,1,4,3,143,At Risk
5713,22,9,125000.15,3,2,3,323,Regular Customers
5714,23,7,81639.1,3,1,2,312,Regular Customers
5715,152,6,71412.1,1,1,1,111,At Risk
5716,61,9,159514.76,2,2,4,224,Big Spenders
5717,251,8,114495.73,1,1,3,113,At Risk
5718,23,12,83053.02,3,3,2,332,Regular Customers
5719,6,9,66720.83,4,2,1,421,Regular Customers
5720,99,6,83771.16,2,1,2,212,Regular Customers
5721,40,15,243510.71,3,4,4,344,Big Spenders
5722,319,8,82086.94,1,1,2,112,At Risk
5723,70,11,121707.56,2,3,3,233,Regular Customers
5724,103,9,88671.34,1,2,2,122,At Risk
5725,158,7,101732.0,1,1,2,112,At Risk
5726,69,12,115329.93000000001,2,3,3,233,Regular Customers
5727,74,6,80736.36,2,1,2,212,Regular Customers
5728,49,7,95500.73000000001,3,1,2,312,Regular Customers
5729,104,11,74891.13,1,3,1,131,At Risk
5730,14,9,100399.9,4,2,2,422,Regular Customers
5731,105,8,59556.28,1,1,1,111,At Risk
5732,27,9,96888.59000000001,3,2,2,322,Regular Customers
5733,53,10,87924.77,2,2,2,222,Regular Customers
5734,241,7,82351.76,1,1,2,112,At Risk
5735,16,13,146425.68,4,4,4,444,Champions
5736,120,7,75674.39,1,1,1,111,At Risk
5737,24,9,82011.31,3,2,2,322,Regular Customers
5738,111,10,103048.37,1,2,2,122,At Risk
5739,25,12,119955.41,3,3,3,333,Regular Customers
5740,22,11,160713.18,3,3,4,334,Big Spenders
5741,43,9,130681.68000000001,3,2,3,323,Regular Customers
5742,71,8,93854.83,2,1,2,212,Regular Customers
5743,82,10,148480.97,2,2,4,224,Big Spenders
5744,135,7,93374.84000000001,1,1,2,112,At Risk
5745,9,15,105720.86,4,4,3,443,Loyal Customers
5746,58,7,81511.47,2,1,2,212,Regular Customers
5747,37,14,194336.05,3,4,4,344,Big Spenders
5748,97,10,78256.56,2,2,2,222,Regular Customers
5749,28,12,153376.4,3,3,4,334,Big Spenders
5750,44,10,105624.6,3,2,3,323,Regular Customers
5751,260,11,105802.41,1,3,3,133,At Risk
5752,49,16,152817.25,3,4,4,344,Big Spenders
5753,110,13,143099.41999999998,1,4,4,144,Big Spenders
5754,22,11,170674.8,3,3,4,334,Big Spenders
5755,84,12,161798.82,2,3,4,234,Big Spenders
5756,74,11,148816.63999999998,2,3,4,234,Big Spenders
5757,230,6,71214.45,1,1,1,111,At Risk
5758,96,11,119816.16,2,3,3,233,Regular Customers
5759,157,10,102999.59999999999,1,2,2,122,At Risk
5760,269,6,41981.08,1,1,1,111,At Risk
5761,202,8,69358.63,1,1,1,111,At Risk
5762,87,8,92925.84,2,1,2,212,Regular Customers
5763,26,11,142569.18,3,3,4,334,Big Spenders
5764,197,6,89930.46,1,1,2,112,At Risk
5765,63,8,75159.23,2,1,1,211,Regular Customers
5766,60,8,101803.0,2,1,2,212,Regular Customers
5767,115,4,32752.83,1,1,1,111,At Risk
5768,193,10,165918.22,1,2,4,124,Big Spenders
5769,4,12,93074.76000000001,4,3,2,432,Loyal Customers
5770,47,10,117061.36,3,2,3,323,Regular Customers
5771,3,15,166077.59,4,4,4,444,Champions
5772,93,4,25466.62,2,1,1,211,Regular Customers
5773,19,14,116505.47,4,4,3,443,Loyal Customers
5774,177,8,64896.64,1,1,1,111,At Risk
5775,125,11,122264.97,1,3,3,133,At Risk
5776,8,11,126264.8,4,3,3,433,Loyal Customers
5777,81,14,113018.75,2,4,3,243,Regular Customers
5778,8,6,49307.11,4,1,1,411,Regular Customers
5779,96,7,50573.99,2,1,1,211,Regular Customers
5780,224,11,99561.28,1,3,2,132,At Risk
5781,200,7,132774.53,1,1,3,113,At Risk
5782,27,10,181261.97,3,2,4,324,Big Spenders
5783,17,8,90207.9,4,1,2,412,Regular Customers
5784,90,8,105726.1,2,1,3,213,Regular Customers
5785,150,12,102487.78,1,3,2,132,At Risk
5786,101,8,62035.29,2,1,1,211,Regular Customers
5787,81,16,150724.47,2,4,4,244,Big Spenders
5788,14,8,76102.52,4,1,1,411,Regular Customers
5789,66,9,111449.25,2,2,3,223,Regular Customers
5790,42,16,120207.58,3,4,3,343,Regular Customers
5791,199,8,112824.79000000001,1,1,3,113,At Risk
5792,69,7,43705.65,2,1,1,211,Regular Customers
5793,104,8,66292.91,1,1,1,111,At Risk
5794,80,9,78980.06999999999,2,2,2,222,Regular Customers
5795,151,7,91394.93000000001,1,1,2,112,At Risk
5796,4,8,105446.18,4,1,3,413,Regular Customers
5797,110,10,114912.26,1,2,3,123,At Risk
5798,14,8,58125.7,4,1,1,411,Regular Customers
5799,1,11,114564.20999999999,4,3,3,433,Loyal Customers
5800,112,10,72459.4,1,2,1,121,At Risk
5801,42,14,193231.17,3,4,4,344,Big Spenders
5802,25,9,78681.98,3,2,2,322,Regular Customers
5803,5,12,117857.89,4,3,3,433,Loyal Customers
5804,19,7,27006.04,4,1,1,411,Regular Customers
5805,29,11,83045.84,3,3,2,332,Regular Customers
5806,27,12,142175.15,3,3,4,334,Big Spenders
5807,173,9,66647.25,1,2,1,121,At Risk
5808,54,7,88807.76,2,1,2,212,Regular Customers
5809,223,9,75075.86,1,2,1,121,At Risk
5810,1,8,145997.73,4,1,4,414,Big Spenders
5811,10,9,72448.98999999999,4,2,1,421,Regular Customers
5812,2,8,36954.560000000005,4,1,1,411,Regular Customers
5813,32,7,53577.2,3,1,1,311,Regular Customers
5814,32,15,165511.26,3,4,4,344,Big Spenders
5815,76,11,89325.04,2,3,2,232,Regular Customers
5816,19,9,84451.33,4,2,2,422,Regular Customers
5817,83,8,53830.01,2,1,1,211,Regular Customers
5818,7,11,93907.23999999999,4,3,2,432,Loyal Customers
5819,5,8,105877.43,4,1,3,413,Regular Customers
5820,156,6,41879.35,1,1,1,111,At Risk
5821,52,5,45100.84,2,1,1,211,Regular Customers
5822,226,7,69340.56,1,1,1,111,At Risk
5823,27,12,132001.67,3,3,3,333,Regular Customers
5824,27,11,186393.51,3,3,4,334,Big Spenders
5825,18,16,206699.96,4,4,4,444,Champions
5826,74,11,56128.5,2,3,1,231,Regular Customers
5827,236,4,64052.03,1,1,1,111,At Risk
5828,147,8,94740.21,1,1,2,112,At Risk
5829,4,12,90054.75,4,3,2,432,Loyal Customers
5830,150,6,32414.26,1,1,1,111,At Risk
5831,57,13,175113.7,2,4,4,244,Big Spenders
5832,26,5,73316.58,3,1,1,311,Regular Customers
5833,27,10,114007.19,3,2,3,323,Regular Customers
5834,54,12,84767.38,2,3,2,232,Regular Customers
5835,40,11,118541.91,3,3,3,333,Regular Customers
5836,229,15,175451.21,1,4,4,144,Big Spenders
5837,109,8,97121.24,1,1,2,112,At Risk
5838,165,7,59793.03,1,1,1,111,At Risk
5839,39,7,79179.93,3,1,2,312,Regular Customers
5840,51,12,83253.81999999999,3,3,2,332,Regular Customers
5841,140,7,67645.05,1,1,1,111,At Risk
5842,4,9,83435.14,4,2,2,422,Regular Customers
5843,13,6,59281.76,4,1,1,411,Regular Customers
5844,100,8,120873.66,2,1,3,213,Regular Customers
5845,73,10,67074.43,2,2,1,221,Regular Customers
5846,46,13,153357.84999999998,3,4,4,344,Big Spenders
5847,15,8,132943.38999999998,4,1,3,413,Regular Customers
5848,39,12,114781.31999999999,3,3,3,333,Regular Customers
5849,340,9,83346.85,1,2,2,122,At Risk
5850,51,8,75849.45999999999,3,1,1,311,Regular Customers
5851,11,12,120795.66,4,3,3,433,Loyal Customers
5852,156,12,139797.58,1,3,4,134,Big Spenders
5853,87,11,167448.02,2,3,4,234,Big Spenders
5854,8,13,121832.66,4,4,3,443,Loyal Customers
5855,8,8,127745.64,4,1,3,413,Regular Customers
5856,82,9,109910.35,2,2,3,223,Regular Customers
5857,20,8,95554.25,4,1,2,412,Regular Customers
5858,56,17,181436.55000000002,2,4,4,244,Big Spenders
5859,29,14,106959.55,3,4,3,343,Regular Customers
5860,7,14,154581.83,4,4,4,444,Champions
5861,8,10,63487.89,4,2,1,421,Regular Customers
5862,331,6,72428.28,1,1,1,111,At Risk
5863,70,7,103804.92,2,1,2,212,Regular Customers
5864,8,8,24053.12,4,1,1,411,Regular Customers
5865,2,11,122329.82,4,3,3,433,Loyal Customers
5866,246,15,158188.68,1,4,4,144,Big Spenders
5867,75,9,80693.24,2,2,2,222,Regular Customers
5868,39,14,148830.43,3,4,4,344,Big Spenders
5869,50,13,148556.33000000002,3,4,4,344,Big Spenders
5870,57,8,65005.64,2,1,1,211,Regular Customers
5871,70,7,43884.58,2,1,1,211,Regular Customers
5872,24,10,85963.23000000001,3,2,2,322,Regular Customers
5873,46,11,118031.3,3,3,3,333,Regular Customers
5874,27,10,127358.93000000001,3,2,3,323,Regular Customers
5875,72,13,128301.81,2,4,3,243,Regular Customers
5876,93,7,76121.41,2,1,1,211,Regular Customers
5877,187,8,124854.4,1,1,3,113,At Risk
5878,37,12,94166.37,3,3,2,332,Regular Customers
5879,37,9,68866.53,3,2,1,321,Regular Customers
5880,86,9,125055.49,2,2,3,223,Regular Customers
5881,6,9,84059.49,4,2,2,422,Regular Customers
5882,121,8,50162.5,1,1,1,111,At Risk
5883,18,11,106870.71,4,3,3,433,Loyal Customers
5884,118,7,87236.26999999999,1,1,2,112,At Risk
5885,108,14,170201.31,1,4,4,144,Big Spenders
5886,117,10,85897.15,1,2,2,122,At Risk
5887,18,7,100122.25,4,1,2,412,Regular Customers
5888,80,8,69797.39,2,1,1,211,Regular Customers
5889,21,8,82974.29999999999,4,1,2,412,Regular Customers
5890,8,10,130535.54000000001,4,2,3,423,Regular Customers
5891,54,12,181382.35,2,3,4,234,Big Spenders
5892,78,10,69805.73,2,2,1,221,Regular Customers
5893,177,5,75768.09,1,1,1,111,At Risk
5894,54,9,65409.59,2,2,1,221,Regular Customers
5895,27,6,51568.87,3,1,1,311,Regular Customers
5896,25,10,132558.19,3,2,3,323,Regular Customers
5897,82,13,152325.9,2,4,4,244,Big Spenders
5898,3,11,126669.45000000001,4,3,3,433,Loyal Customers
5899,65,4,33015.82,2,1,1,211,Regular Customers
5900,59,9,176979.87,2,2,4,224,Big Spenders
5901,8,11,121297.72,4,3,3,433,Loyal Customers
5902,60,14,153386.77,2,4,4,244,Big Spenders
5903,25,12,85229.25,3,3,2,332,Regular Customers
5904,13,8,71413.45,4,1,1,411,Regular Customers
5905,30,9,160208.07,3,2,4,324,Big Spenders
5906,77,9,116231.3,2,2,3,223,Regular Customers
5907,46,10,64580.47,3,2,1,321,Regular Customers
5908,15,15,173362.08,4,4,4,444,Champions
5909,96,14,138704.74,2,4,4,244,Big Spenders
5910,20,9,104775.67,4,2,3,423,Regular Customers
5911,149,10,119251.33,1,2,3,123,At Risk
5912,125,5,55034.3,1,1,1,111,At Risk
5913,198,11,185416.67,1,3,4,134,Big Spenders
5914,134,5,63839.7,1,1,1,111,At Risk
5915,147,5,56482.6,1,1,1,111,At Risk
5916,105,13,155569.38999999998,1,4,4,144,Big Spenders
5917,74,10,158659.9,2,2,4,224,Big Spenders
5918,28,9,79896.49,3,2,2,322,Regular Customers
5919,8,18,143869.95,4,4,4,444,Champions
5920,15,11,98688.78,4,3,2,432,Loyal Customers
5921,217,9,57124.83,1,2,1,121,At Risk
5922,14,10,103937.47,4,2,2,422,Regular Customers
5923,14,8,96566.23,4,1,2,412,Regular Customers
5924,112,16,232319.65,1,4,4,144,Big Spenders
5925,174,12,139817.98,1,3,4,134,Big Spenders
5926,17,9,108214.45999999999,4,2,3,423,Regular Customers
5927,82,14,218683.26,2,4,4,244,Big Spenders
5928,151,8,62831.36,1,1,1,111,At Risk
5929,36,9,82368.47,3,2,2,322,Regular Customers
5930,258,6,90245.81999999999,1,1,2,112,At Risk
5931,352,7,54559.979999999996,1,1,1,111,At Risk
5932,134,12,145472.57,1,3,4,134,Big Spenders
5933,106,10,50139.07,1,2,1,121,At Risk
5934,6,10,115750.53,4,2,3,423,Regular Customers
5935,44,6,63767.97,3,1,1,311,Regular Customers
5936,45,8,63059.3,3,1,1,311,Regular Customers
5937,8,11,125601.66,4,3,3,433,Loyal Customers
5938,125,18,170221.86,1,4,4,144,Big Spenders
5939,35,8,75995.88,3,1,1,311,Regular Customers
5940,42,13,152890.26,3,4,4,344,Big Spenders
5941,42,13,110873.89,3,4,3,343,Regular Customers
5942,27,11,113979.2,3,3,3,333,Regular Customers
5943,38,11,163349.97,3,3,4,334,Big Spenders
5944,177,5,40859.26,1,1,1,111,At Risk
5945,99,10,89677.14,2,2,2,222,Regular Customers
5946,9,15,177902.13,4,4,4,444,Champions
5947,110,8,69849.4,1,1,1,111,At Risk
5948,48,7,110667.83,3,1,3,313,Regular Customers
5949,145,12,108386.93000000001,1,3,3,133,At Risk
5950,8,12,100232.66,4,3,2,432,Loyal Customers
5951,27,17,271497.5,3,4,4,344,Big Spenders
5952,83,9,178730.58,2,2,4,224,Big Spenders
5953,14,15,153015.9,4,4,4,444,Champions
5954,87,6,56853.9,2,1,1,211,Regular Customers
5955,92,10,142532.81,2,2,4,224,Big Spenders
5956,5,19,232033.91,4,4,4,444,Champions
5957,46,10,105915.63,3,2,3,323,Regular Customers
5958,216,6,78578.77,1,1,2,112,At Risk
5959,8,10,92016.32,4,2,2,422,Regular Customers
5960,64,10,93638.35,2,2,2,222,Regular Customers
5961,19,15,141146.87,4,4,4,444,Champions
5962,272,7,116131.5,1,1,3,113,At Risk
5963,16,7,82555.44,4,1,2,412,Regular Customers
5964,131,13,128659.08,1,4,3,143,At Risk
5965,59,13,156109.23,2,4,4,244,Big Spenders
5966,36,9,76707.0,3,2,1,321,Regular Customers
5967,51,10,143432.51,3,2,4,324,Big Spenders
5968,16,15,174992.59,4,4,4,444,Champions
5969,69,15,174026.19,2,4,4,244,Big Spenders
5970,89,11,110476.86,2,3,3,233,Regular Customers
5971,11,13,144332.21,4,4,4,444,Champions
5972,21,11,92419.05,4,3,2,432,Loyal Customers
5973,31,5,43284.05,3,1,1,311,Regular Customers
5974,173,11,175951.98,1,3,4,134,Big Spenders
5975,58,9,73480.15,2,2,1,221,Regular Customers
5976,20,13,134243.41,4,4,3,443,Loyal Customers
5977,45,19,254020.92,3,4,4,344,Big Spenders
5978,6,10,108923.3,4,2,3,423,Regular Customers
5979,46,12,158305.32,3,3,4,334,Big Spenders
5980,51,16,144437.53,3,4,4,344,Big Spenders
5981,5,11,97352.21,4,3,2,432,Loyal Customers
5982,89,10,96432.62,2,2,2,222,Regular Customers
5983,104,6,27149.34,1,1,1,111,At Risk
5984,25,10,154023.61000000002,3,2,4,324,Big Spenders
5985,35,9,114637.6,3,2,3,323,Regular Customers
5986,188,14,155234.53,1,4,4,144,Big Spenders
5987,90,10,98205.12,2,2,2,222,Regular Customers
5988,1,10,161691.23,4,2,4,424,Big Spenders
5989,41,7,66770.4,3,1,1,311,Regular Customers
5990,154,10,107250.02,1,2,3,123,At Risk
5991,131,9,132121.91999999998,1,2,3,123,At Risk
5992,27,10,95324.74,3,2,2,322,Regular Customers
5993,69,12,158573.33000000002,2,3,4,234,Big Spenders
5994,61,15,181256.05,2,4,4,244,Big Spenders
5995,122,10,59158.520000000004,1,2,1,121,At Risk
5996,176,8,77244.79,1,1,2,112,At Risk
5997,12,18,230542.79,4,4,4,444,Champions
5998,4,11,198986.87,4,3,4,434,Loyal Customers
5999,49,11,104498.5,3,3,3,333,Regular Customers
6000,20,12,144603.34,4,3,4,434,Loyal Customers
6001,72,13,196292.78,2,4,4,244,Big Spenders
6002,45,4,21477.64,3,1,1,311,Regular Customers
6003,31,11,122137.79000000001,3,3,3,333,Regular Customers
6004,116,5,47718.45,1,1,1,111,At Risk
6005,37,14,145777.92,3,4,4,344,Big Spenders
6006,15,9,80755.94,4,2,2,422,Regular Customers
6007,103,12,76468.74,1,3,1,131,At Risk
6008,41,5,48290.82,3,1,1,311,Regular Customers
6009,18,5,20855.23,4,1,1,411,Regular Customers
6010,107,11,116222.48999999999,1,3,3,133,At Risk
6011,14,10,98736.20999999999,4,2,2,422,Regular Customers
6012,34,11,119919.82,3,3,3,333,Regular Customers
6013,53,10,118451.18,2,2,3,223,Regular Customers
6014,10,11,106744.4,4,3,3,433,Loyal Customers
6015,293,7,46847.63,1,1,1,111,At Risk
6016,120,10,106464.29000000001,1,2,3,123,At Risk
6017,121,8,71285.78,1,1,1,111,At Risk
6018,118,5,75224.27,1,1,1,111,At Risk
6019,34,13,145662.63999999998,3,4,4,344,Big Spenders
6020,80,9,88593.37000000001,2,2,2,222,Regular Customers
6021,253,8,109652.62,1,1,3,113,At Risk
6022,18,16,174354.21,4,4,4,444,Champions
6023,172,13,115940.22,1,4,3,143,At Risk
6024,296,12,102550.98000000001,1,3,2,132,At Risk
6025,7,10,134977.23,4,2,3,423,Regular Customers
6026,19,15,128155.27,4,4,3,443,Loyal Customers
6027,37,11,115125.4,3,3,3,333,Regular Customers
6028,92,9,87881.98999999999,2,2,2,222,Regular Customers
6029,173,5,73420.17,1,1,1,111,At Risk
6030,139,6,44232.399999999994,1,1,1,111,At Risk
6031,145,9,93784.19,1,2,2,122,At Risk
6032,7,10,104774.27,4,2,3,423,Regular Customers
6033,211,7,52902.28,1,1,1,111,At Risk
6034,314,9,69175.91,1,2,1,121,At Risk
6035,58,7,106224.6,2,1,3,213,Regular Customers
6036,232,8,68653.58,1,1,1,111,At Risk
6037,26,7,71591.7,3,1,1,311,Regular Customers
6038,18,12,143336.34,4,3,4,434,Loyal Customers
6039,3,10,90396.92,4,2,2,422,Regular Customers
6040,97,13,142438.98,2,4,4,244,Big Spenders
6041,53,11,77507.62,2,3,2,232,Regular Customers
6042,10,10,104458.89,4,2,3,423,Regular Customers
6043,101,6,67827.40000000001,2,1,1,211,Regular Customers
6044,168,9,116554.34,1,2,3,123,At Risk
6045,50,11,114184.82,3,3,3,333,Regular Customers
6046,51,10,85794.55,3,2,2,322,Regular Customers
6047,120,13,183442.09,1,4,4,144,Big Spenders
6048,10,10,64687.26,4,2,1,421,Regular Customers
6049,12,16,169230.84,4,4,4,444,Champions
6050,67,5,60565.73,2,1,1,211,Regular Customers
6051,130,5,52818.84,1,1,1,111,At Risk
6052,13,7,115285.98000000001,4,1,3,413,Regular Customers
6053,229,4,32512.84,1,1,1,111,At Risk
6054,41,11,145542.99,3,3,4,334,Big Spenders
6055,297,7,65310.59,1,1,1,111,At Risk
6056,88,12,150001.26,2,3,4,234,Big Spenders
6057,13,15,144535.17,4,4,4,444,Champions
6058,71,12,107003.76000000001,2,3,3,233,Regular Customers
6059,23,14,120875.25,3,4,3,343,Regular Customers
6060,31,6,73078.64,3,1,1,311,Regular Customers
6061,1,8,54310.8,4,1,1,411,Regular Customers
6062,171,9,78882.19,1,2,2,122,At Risk
6063,120,6,100854.39,1,1,2,112,At Risk
6064,74,10,93343.56,2,2,2,222,Regular Customers
6065,104,6,95029.13,1,1,2,112,At Risk
6066,108,6,103062.24,1,1,2,112,At Risk
6067,52,6,76909.19,2,1,2,212,Regular Customers
6068,158,7,49106.75,1,1,1,111,At Risk
6069,127,6,28719.81,1,1,1,111,At Risk
6070,5,11,123586.28,4,3,3,433,Loyal Customers
6071,19,9,105313.18,4,2,3,423,Regular Customers
6072,18,7,75529.48999999999,4,1,1,411,Regular Customers
6073,119,15,111033.13,1,4,3,143,At Risk
6074,164,5,103213.81,1,1,2,112,At Risk
6075,15,5,48457.58,4,1,1,411,Regular Customers
6076,205,9,123679.25,1,2,3,123,At Risk
6077,22,10,64368.76,3,2,1,321,Regular Customers
6078,9,11,82844.49,4,3,2,432,Loyal Customers
6079,148,6,51388.380000000005,1,1,1,111,At Risk
6080,65,15,181109.0,2,4,4,244,Big Spenders
6081,174,6,97272.97,1,1,2,112,At Risk
6082,10,13,179245.91,4,4,4,444,Champions
6083,25,10,91492.04,3,2,2,322,Regular Customers
6084,81,15,135238.06,2,4,3,243,Regular Customers
6085,33,10,110564.15,3,2,3,323,Regular Customers
6086,51,12,99968.20999999999,3,3,2,332,Regular Customers
6087,47,6,76738.06,3,1,1,311,Regular Customers
6088,159,4,47878.14,1,1,1,111,At Risk
6089,2,9,100297.87,4,2,2,422,Regular Customers
6090,34,16,164839.19,3,4,4,344,Big Spenders
6091,151,8,76112.95,1,1,1,111,At Risk
6092,199,7,71172.56,1,1,1,111,At Risk
6093,74,10,138073.82,2,2,4,224,Big Spenders
6094,37,4,44614.89,3,1,1,311,Regular Customers
6095,55,5,65087.53,2,1,1,211,Regular Customers
6096,76,9,87481.9,2,2,2,222,Regular Customers
6097,14,12,125265.05,4,3,3,433,Loyal Customers
6098,218,5,95433.64000000001,1,1,2,112,At Risk
6099,26,9,111250.1,3,2,3,323,Regular Customers
6100,48,15,166712.53,3,4,4,344,Big Spenders
6101,40,5,21027.739999999998,3,1,1,311,Regular Customers
6102,16,8,63712.22,4,1,1,411,Regular Customers
6103,12,16,170898.39,4,4,4,444,Champions
6104,70,11,122040.11,2,3,3,233,Regular Customers
6105,54,14,168820.8,2,4,4,244,Big Spenders
6106,44,7,61481.42,3,1,1,311,Regular Customers
6107,177,6,42076.94,1,1,1,111,At Risk
6108,108,8,90371.8,1,1,2,112,At Risk
6109,108,6,66936.57,1,1,1,111,At Risk
6110,137,20,226592.98,1,4,4,144,Big Spenders
6111,109,6,39395.01,1,1,1,111,At Risk
6112,6,11,100966.68,4,3,2,432,Loyal Customers
6113,29,10,179952.08000000002,3,2,4,324,Big Spenders
6114,16,12,113654.21,4,3,3,433,Loyal Customers
6115,45,11,97735.13,3,3,2,332,Regular Customers
6116,47,10,123026.64,3,2,3,323,Regular Customers
6117,178,2,11666.970000000001,1,1,1,111,At Risk
6118,44,13,156652.15,3,4,4,344,Big Spenders
6119,48,9,78733.16,3,2,2,322,Regular Customers
6120,45,8,85646.43000000001,3,1,2,312,Regular Customers
6121,25,9,59970.77,3,2,1,321,Regular Customers
6122,33,9,85372.8,3,2,2,322,Regular Customers
6123,9,10,131970.1,4,2,3,423,Regular Customers
6124,230,7,89604.33,1,1,2,112,At Risk
6125,11,11,109646.66,4,3,3,433,Loyal Customers
6126,22,11,117195.2,3,3,3,333,Regular Customers
6127,149,9,78420.32,1,2,2,122,At Risk
6128,111,10,108549.37,1,2,3,123,At Risk
6129,26,11,118961.48,3,3,3,333,Regular Customers
6130,7,10,68026.5,4,2,1,421,Regular Customers
6131,3,12,98009.41,4,3,2,432,Loyal Customers
6132,2,11,108856.1,4,3,3,433,Loyal Customers
6133,29,9,96908.44,3,2,2,322,Regular Customers
6134,59,5,40771.92,2,1,1,211,Regular Customers
6135,38,13,173988.16,3,4,4,344,Big Spenders
6136,247,7,63638.659999999996,1,1,1,111,At Risk
6137,52,8,67607.01000000001,2,1,1,211,Regular Customers
6138,27,8,89356.09,3,1,2,312,Regular Customers
6139,64,7,84643.55,2,1,2,212,Regular Customers
6140,49,14,146058.99,3,4,4,344,Big Spenders
6141,82,10,95628.05,2,2,2,222,Regular Customers
6142,62,8,123518.72,2,1,3,213,Regular Customers
6143,42,7,143543.23,3,1,4,314,Big Spenders
6144,56,17,253221.96,2,4,4,244,Big Spenders
6145,13,5,25644.739999999998,4,1,1,411,Regular Customers
6146,24,10,95561.08,3,2,2,322,Regular Customers
6147,62,8,118831.02,2,1,3,213,Regular Customers
6148,10,5,43707.62,4,1,1,411,Regular Customers
6149,152,9,84464.63,1,2,2,122,At Risk
6150,77,12,172306.45,2,3,4,234,Big Spenders
6151,107,12,126853.8,1,3,3,133,At Risk
6152,12,15,128328.31,4,4,3,443,Loyal Customers
6153,39,15,127402.38,3,4,3,343,Regular Customers
6154,12,11,142601.46,4,3,4,434,Loyal Customers
6155,71,4,75053.12,2,1,1,211,Regular Customers
6156,137,8,58102.81,1,1,1,111,At Risk
6157,191,8,131961.03,1,1,3,113,At Risk
6158,60,18,185277.2,2,4,4,244,Big Spenders
6159,245,4,54801.83,1,1,1,111,At Risk
6160,77,9,96719.66,2,2,2,222,Regular Customers
6161,20,19,233418.44,4,4,4,444,Champions
6162,6,17,200679.16999999998,4,4,4,444,Champions
6163,86,9,85293.08,2,2,2,222,Regular Customers
6164,60,18,202880.84,2,4,4,244,Big Spenders
6165,91,6,129055.64,2,1,3,213,Regular Customers
6166,52,9,103400.12,2,2,2,222,Regular Customers
6167,96,6,69208.78,2,1,1,211,Regular Customers
6168,28,12,131094.27,3,3,3,333,Regular Customers
6169,1,4,48458.89,4,1,1,411,Regular Customers
6170,150,10,129290.56,1,2,3,123,At Risk
6171,40,11,116326.91,3,3,3,333,Regular Customers
6172,44,11,90226.93000000001,3,3,2,332,Regular Customers
6173,59,10,87254.73,2,2,2,222,Regular Customers
6174,146,7,71147.92,1,1,1,111,At Risk
6175,152,9,75000.96,1,2,1,121,At Risk
6176,129,11,132688.96,1,3,3,133,At Risk
6177,2,14,143052.38,4,4,4,444,Champions
6178,20,17,218844.31,4,4,4,444,Champions
6179,70,9,93276.2,2,2,2,222,Regular Customers
6180,5,9,110364.55,4,2,3,423,Regular Customers
6181,19,5,51181.15,4,1,1,411,Regular Customers
6182,40,9,128806.74,3,2,3,323,Regular Customers
6183,18,11,80489.68,4,3,2,432,Loyal Customers
6184,10,17,221642.91,4,4,4,444,Champions
6185,128,8,77205.06,1,1,2,112,At Risk
6186,177,9,79840.97,1,2,2,122,At Risk
6187,10,10,158383.4,4,2,4,424,Big Spenders
6188,34,10,124603.41999999998,3,2,3,323,Regular Customers
6189,24,8,100384.4,3,1,2,312,Regular Customers
6190,268,4,16594.77,1,1,1,111,At Risk
6191,25,13,107285.09,3,4,3,343,Regular Customers
6192,45,12,146071.65,3,3,4,334,Big Spenders
6193,4,14,167559.89,4,4,4,444,Champions
6194,96,8,48382.33,2,1,1,211,Regular Customers
6195,131,6,21626.809999999998,1,1,1,111,At Risk
6196,90,9,124489.51000000001,2,2,3,223,Regular Customers
6197,25,5,45625.189999999995,3,1,1,311,Regular Customers
6198,7,6,74970.88,4,1,1,411,Regular Customers
6199,56,7,98447.06999999999,2,1,2,212,Regular Customers
6200,22,6,95820.32,3,1,2,312,Regular Customers
6201,19,8,147148.62,4,1,4,414,Big Spenders
6202,118,6,94483.67,1,1,2,112,At Risk
6203,50,9,91144.34,3,2,2,322,Regular Customers
6204,41,7,83385.2,3,1,2,312,Regular Customers
6205,239,6,49266.200000000004,1,1,1,111,At Risk
6206,65,15,209032.54,2,4,4,244,Big Spenders
6207,7,13,139662.66999999998,4,4,4,444,Champions
6208,11,9,54903.91,4,2,1,421,Regular Customers
6209,80,8,87519.62,2,1,2,212,Regular Customers
6210,117,7,64272.020000000004,1,1,1,111,At Risk
6211,182,12,118888.44,1,3,3,133,At Risk
6212,71,11,151791.46,2,3,4,234,Big Spenders
6213,36,10,133778.86000000002,3,2,3,323,Regular Customers
6214,123,9,78390.09,1,2,2,122,At Risk
6215,21,9,88947.85999999999,4,2,2,422,Regular Customers
6216,34,9,72397.51000000001,3,2,1,321,Regular Customers
6217,63,17,163150.99,2,4,4,244,Big Spenders
6218,4,9,116829.65999999999,4,2,3,423,Regular Customers
6219,90,14,172099.07,2,4,4,244,Big Spenders
6220,24,9,80840.48000000001,3,2,2,322,Regular Customers
6221,28,7,32729.55,3,1,1,311,Regular Customers
6222,31,14,152085.86000000002,3,4,4,344,Big Spenders
6223,89,13,83039.89,2,4,2,242,Regular Customers
6224,73,17,157154.44,2,4,4,244,Big Spenders
6225,11,10,143254.72999999998,4,2,4,424,Big Spenders
6226,149,6,36984.78,1,1,1,111,At Risk
6227,97,10,84097.9,2,2,2,222,Regular Customers
6228,42,14,197433.30000000002,3,4,4,344,Big Spenders
6229,110,9,128473.51,1,2,3,123,At Risk
6230,120,14,108482.6,1,4,3,143,At Risk
6231,205,10,59692.57,1,2,1,121,At Risk
6232,117,16,191338.3,1,4,4,144,Big Spenders
6233,52,8,100495.36,2,1,2,212,Regular Customers
6234,53,8,61408.84,2,1,1,211,Regular Customers
6235,46,15,151532.19,3,4,4,344,Big Spenders
6236,61,9,172113.23,2,2,4,224,Big Spenders
6237,14,9,109565.51999999999,4,2,3,423,Regular Customers
6238,11,5,55438.44,4,1,1,411,Regular Customers
6239,61,13,205281.24,2,4,4,244,Big Spenders
6240,55,12,170227.46,2,3,4,234,Big Spenders
6241,28,12,110803.19,3,3,3,333,Regular Customers
6242,17,5,26762.72,4,1,1,411,Regular Customers
6243,113,17,231209.97999999998,1,4,4,144,Big Spenders
6244,118,4,43119.380000000005,1,1,1,111,At Risk
6245,115,11,89043.31,1,3,2,132,At Risk
6246,27,8,92741.58,3,1,2,312,Regular Customers
6247,27,17,216622.2,3,4,4,344,Big Spenders
6248,130,9,168071.84,1,2,4,124,Big Spenders
6249,53,9,109507.41,2,2,3,223,Regular Customers
6250,21,11,82284.51,4,3,2,432,Loyal Customers
6251,40,11,137912.8,3,3,4,334,Big Spenders
6252,36,10,122361.36,3,2,3,323,Regular Customers
6253,29,12,56478.98,3,3,1,331,Regular Customers
6254,46,9,76353.18000000001,3,2,1,321,Regular Customers
6255,98,10,53677.44,2,2,1,221,Regular Customers
6256,59,9,128303.70999999999,2,2,3,223,Regular Customers
6257,120,8,113958.54000000001,1,1,3,113,At Risk
6258,60,15,137526.44,2,4,4,244,Big Spenders
6259,141,11,146171.22,1,3,4,134,Big Spenders
6260,176,6,90772.73,1,1,2,112,At Risk
6261,91,4,40095.03,2,1,1,211,Regular Customers
6262,29,11,106186.48000000001,3,3,3,333,Regular Customers
6263,101,6,23213.98,2,1,1,211,Regular Customers
6264,61,9,56229.14,2,2,1,221,Regular Customers
6265,76,9,120166.69,2,2,3,223,Regular Customers
6266,59,12,162392.71,2,3,4,234,Big Spenders
6267,113,8,61594.47,1,1,1,111,At Risk
6268,98,7,78048.63,2,1,2,212,Regular Customers
6269,3,9,104333.05,4,2,2,422,Regular Customers
6270,16,10,140189.85,4,2,4,424,Big Spenders
6271,40,10,109427.69,3,2,3,323,Regular Customers
6272,43,6,59450.08,3,1,1,311,Regular Customers
6273,37,9,133990.77,3,2,3,323,Regular Customers
6274,23,15,241060.55,3,4,4,344,Big Spenders
6275,7,7,72531.72,4,1,1,411,Regular Customers
6276,29,8,69098.91,3,1,1,311,Regular Customers
6277,48,12,126656.49,3,3,3,333,Regular Customers
6278,183,9,129458.95,1,2,3,123,At Risk
6279,101,12,132990.27,2,3,3,233,Regular Customers
6280,79,8,48144.81,2,1,1,211,Regular Customers
6281,69,9,85929.9,2,2,2,222,Regular Customers
6282,5,18,219301.32,4,4,4,444,Champions
6283,51,6,75053.15,3,1,1,311,Regular Customers
6284,10,6,25865.760000000002,4,1,1,411,Regular Customers
6285,119,4,43545.28,1,1,1,111,At Risk
6286,84,7,51439.47,2,1,1,211,Regular Customers
6287,141,12,133290.49,1,3,3,133,At Risk
6288,13,13,114316.49,4,4,3,443,Loyal Customers
6289,290,3,40105.770000000004,1,1,1,111,At Risk
6290,49,10,96774.83,3,2,2,322,Regular Customers
6291,15,19,165977.52,4,4,4,444,Champions
6292,141,10,148698.63,1,2,4,124,Big Spenders
6293,88,16,96057.23000000001,2,4,2,242,Regular Customers
6294,14,12,105957.56,4,3,3,433,Loyal Customers
6295,34,15,160759.58000000002,3,4,4,344,Big Spenders
6296,31,10,65370.259999999995,3,2,1,321,Regular Customers
6297,113,9,104437.85,1,2,3,123,At Risk
6298,157,12,98336.1,1,3,2,132,At Risk
6299,140,10,82512.86,1,2,2,122,At Risk
6300,32,10,121831.76000000001,3,2,3,323,Regular Customers
6301,37,8,167972.66,3,1,4,314,Big Spenders
6302,34,12,173265.09,3,3,4,334,Big Spenders
6303,190,5,92446.03,1,1,2,112,At Risk
6304,93,15,89299.51000000001,2,4,2,242,Regular Customers
6305,19,11,56570.4,4,3,1,431,Loyal Customers
6306,42,8,97122.08,3,1,2,312,Regular Customers
6307,87,12,74562.02,2,3,1,231,Regular Customers
6308,7,13,128269.63,4,4,3,443,Loyal Customers
6309,71,11,149617.76,2,3,4,234,Big Spenders
6310,69,9,63538.03,2,2,1,221,Regular Customers
6311,350,4,31418.35,1,1,1,111,At Risk
6312,239,4,23260.87,1,1,1,111,At Risk
6313,24,8,76401.74,3,1,1,311,Regular Customers
6314,31,10,119416.1,3,2,3,323,Regular Customers
6315,27,11,87721.45,3,3,2,332,Regular Customers
6316,16,9,99166.74,4,2,2,422,Regular Customers
6317,191,11,132339.07,1,3,3,133,At Risk
6318,180,10,162563.46,1,2,4,124,Big Spenders
6319,69,12,147197.6,2,3,4,234,Big Spenders
6320,8,10,120171.56,4,2,3,423,Regular Customers
6321,307,3,29080.36,1,1,1,111,At Risk
6322,3,18,206217.49,4,4,4,444,Champions
6323,62,8,78023.59,2,1,2,212,Regular Customers
6324,119,7,85816.21,1,1,2,112,At Risk
6325,110,7,87602.26,1,1,2,112,At Risk
6326,40,6,44888.090000000004,3,1,1,311,Regular Customers
6327,142,8,99157.13,1,1,2,112,At Risk
6328,8,13,118166.54,4,4,3,443,Loyal Customers
6329,26,12,143715.35,3,3,4,334,Big Spenders
6330,40,13,145066.57,3,4,4,344,Big Spenders
6331,8,15,128291.11,4,4,3,443,Loyal Customers
6332,134,6,59499.840000000004,1,1,1,111,At Risk
6333,306,7,101360.94,1,1,2,112,At Risk
6334,4,10,88854.76,4,2,2,422,Regular Customers
6335,74,8,103837.90000000001,2,1,2,212,Regular Customers
6336,94,18,196500.43,2,4,4,244,Big Spenders
6337,59,12,130513.43000000001,2,3,3,233,Regular Customers
6338,44,10,104742.88,3,2,3,323,Regular Customers
6339,98,7,100833.34,2,1,2,212,Regular Customers
6340,17,13,143109.17,4,4,4,444,Champions
6341,46,13,128299.11,3,4,3,343,Regular Customers
6342,28,7,46750.42,3,1,1,311,Regular Customers
6343,182,7,89253.37,1,1,2,112,At Risk
6344,73,9,65393.71,2,2,1,221,Regular Customers
6345,117,10,121097.75,1,2,3,123,At Risk
6346,52,18,217185.14,2,4,4,244,Big Spenders
6347,29,8,77443.35,3,1,2,312,Regular Customers
6348,62,8,97521.24,2,1,2,212,Regular Customers
6349,162,4,102605.44,1,1,2,112,At Risk
6350,136,15,186123.22,1,4,4,144,Big Spenders
6351,20,2,14587.98,4,1,1,411,Regular Customers
6352,12,8,107178.32,4,1,3,413,Regular Customers
6353,16,10,92437.03,4,2,2,422,Regular Customers
6354,4,6,49039.99,4,1,1,411,Regular Customers
6355,234,11,83069.59,1,3,2,132,At Risk
6356,159,11,64564.0,1,3,1,131,At Risk
6357,56,12,138586.3,2,3,4,234,Big Spenders
6358,91,6,44609.42,2,1,1,211,Regular Customers
6359,7,14,154313.83,4,4,4,444,Champions
6360,5,14,182674.16,4,4,4,444,Champions
6361,70,7,53571.37,2,1,1,211,Regular Customers
6362,30,12,74282.59,3,3,1,331,Regular Customers
6363,3,14,120933.82,4,4,3,443,Loyal Customers
6364,107,9,60139.43,1,2,1,121,At Risk
6365,121,7,58193.94,1,1,1,111,At Risk
6366,49,7,49512.880000000005,3,1,1,311,Regular Customers
6367,109,8,77589.89,1,1,2,112,At Risk
6368,93,10,109814.48000000001,2,2,3,223,Regular Customers
6369,11,6,31512.379999999997,4,1,1,411,Regular Customers
6370,18,8,53895.61,4,1,1,411,Regular Customers
6371,180,12,119258.59,1,3,3,133,At Risk
6372,121,10,132642.37,1,2,3,123,At Risk
6373,71,13,156006.83,2,4,4,244,Big Spenders
6374,15,11,186930.4,4,3,4,434,Loyal Customers
6375,91,14,208638.08,2,4,4,244,Big Spenders
6376,69,5,51929.58,2,1,1,211,Regular Customers
6377,8,10,123925.34000000001,4,2,3,423,Regular Customers
6378,41,9,87306.53,3,2,2,322,Regular Customers
6379,215,11,138735.47,1,3,4,134,Big Spenders
6380,17,17,162359.28,4,4,4,444,Champions
6381,34,9,124442.98,3,2,3,323,Regular Customers
6382,160,10,77247.5,1,2,2,122,At Risk
6383,25,13,115239.45000000001,3,4,3,343,Regular Customers
6384,45,8,106613.18,3,1,3,313,Regular Customers
6385,33,7,62511.41,3,1,1,311,Regular Customers
6386,51,5,30098.09,3,1,1,311,Regular Customers
6387,6,14,111601.23,4,4,3,443,Loyal Customers
6388,34,8,43084.81,3,1,1,311,Regular Customers
6389,10,8,74758.84,4,1,1,411,Regular Customers
6390,71,13,104491.5,2,4,3,243,Regular Customers
6391,31,12,130342.11,3,3,3,333,Regular Customers
6392,68,6,44240.46,2,1,1,211,Regular Customers
6393,94,12,138965.28,2,3,4,234,Big Spenders
6394,55,11,149000.41,2,3,4,234,Big Spenders
6395,80,8,116500.73,2,1,3,213,Regular Customers
6396,73,16,221349.24,2,4,4,244,Big Spenders
6397,6,19,209076.09,4,4,4,444,Champions
6398,76,7,18651.75,2,1,1,211,Regular Customers
6399,226,8,77126.64,1,1,2,112,At Risk
6400,229,4,48620.380000000005,1,1,1,111,At Risk
6401,403,6,85626.82999999999,1,1,2,112,At Risk
6402,2,13,111586.84999999999,4,4,3,443,Loyal Customers
6403,128,9,84973.86,1,2,2,122,At Risk
6404,7,4,28758.579999999998,4,1,1,411,Regular Customers
6405,27,12,135912.35,3,3,4,334,Big Spenders
6406,68,7,100775.48,2,1,2,212,Regular Customers
6407,22,8,96353.03,3,1,2,312,Regular Customers
6408,119,12,102149.9,1,3,2,132,At Risk
6409,9,3,8439.65,4,1,1,411,Regular Customers
6410,148,9,50474.51,1,2,1,121,At Risk
6411,56,8,133511.02000000002,2,1,3,213,Regular Customers
6412,19,5,25626.420000000002,4,1,1,411,Regular Customers
6413,50,6,37244.85,3,1,1,311,Regular Customers
6414,33,8,79565.19,3,1,2,312,Regular Customers
6415,81,9,44605.23,2,2,1,221,Regular Customers
6416,13,6,65708.51000000001,4,1,1,411,Regular Customers
6417,23,8,87882.23,3,1,2,312,Regular Customers
6418,6,8,110467.1,4,1,3,413,Regular Customers
6419,23,9,98049.28,3,2,2,322,Regular Customers
6420,102,10,110709.95,2,2,3,223,Regular Customers
6421,166,6,93307.55,1,1,2,112,At Risk
6422,78,10,80727.42,2,2,2,222,Regular Customers
6423,12,9,131051.54000000001,4,2,3,423,Regular Customers
6424,142,11,83871.42,1,3,2,132,At Risk
6425,15,14,166073.5,4,4,4,444,Champions
6426,88,9,99043.12999999999,2,2,2,222,Regular Customers
6427,62,8,39398.3,2,1,1,211,Regular Customers
6428,57,9,64838.880000000005,2,2,1,221,Regular Customers
6429,31,13,132065.56,3,4,3,343,Regular Customers
6430,30,5,65017.22,3,1,1,311,Regular Customers
6431,42,13,156596.48,3,4,4,344,Big Spenders
6432,73,10,150314.93,2,2,4,224,Big Spenders
6433,252,6,66780.53,1,1,1,111,At Risk
6434,111,8,93334.93,1,1,2,112,At Risk
6435,26,14,111424.9,3,4,3,343,Regular Customers
6436,17,9,137962.29,4,2,4,424,Big Spenders
6437,33,6,75274.54000000001,3,1,1,311,Regular Customers
6438,13,10,107529.18,4,2,3,423,Regular Customers
6439,38,11,144652.83,3,3,4,334,Big Spenders
6440,31,9,87922.03,3,2,2,322,Regular Customers
6441,71,6,85549.61,2,1,2,212,Regular Customers
6442,44,8,62907.100000000006,3,1,1,311,Regular Customers
6443,45,16,207519.59,3,4,4,344,Big Spenders
6444,61,10,59335.97,2,2,1,221,Regular Customers
6445,274,8,91777.87000000001,1,1,2,112,At Risk
6446,250,12,148156.36,1,3,4,134,Big Spenders
6447,171,5,78561.5,1,1,2,112,At Risk
6448,105,4,48843.729999999996,1,1,1,111,At Risk
6449,17,9,57444.8,4,2,1,421,Regular Customers
6450,42,11,132220.11,3,3,3,333,Regular Customers
6451,269,10,93050.02,1,2,2,122,At Risk
6452,6,15,173447.89,4,4,4,444,Champions
6453,6,9,134845.07,4,2,3,423,Regular Customers
6454,73,7,72863.9,2,1,1,211,Regular Customers
6455,32,7,75018.6,3,1,1,311,Regular Customers
6456,241,8,63814.78,1,1,1,111,At Risk
6457,18,13,163514.53,4,4,4,444,Champions
6458,38,10,104502.62,3,2,3,323,Regular Customers
6459,77,8,95022.02,2,1,2,212,Regular Customers
6460,19,4,56423.020000000004,4,1,1,411,Regular Customers
6461,8,7,118177.01999999999,4,1,3,413,Regular Customers
6462,81,11,119265.0,2,3,3,233,Regular Customers
6463,87,11,132558.97,2,3,3,233,Regular Customers
6464,16,9,133986.99,4,2,3,423,Regular Customers
6465,5,14,141680.82,4,4,4,444,Champions
6466,69,14,196522.09,2,4,4,244,Big Spenders
6467,142,8,76656.99,1,1,1,111,At Risk
6468,63,14,153327.87,2,4,4,244,Big Spenders
6469,72,8,82263.02,2,1,2,212,Regular Customers
6470,23,8,45364.64,3,1,1,311,Regular Customers
6471,134,12,90194.20999999999,1,3,2,132,At Risk
6472,91,14,86237.06,2,4,2,242,Regular Customers
6473,30,4,36865.77,3,1,1,311,Regular Customers
6474,10,10,90620.93000000001,4,2,2,422,Regular Customers
6475,144,9,96872.0,1,2,2,122,At Risk
6476,94,9,90567.11,2,2,2,222,Regular Customers
6477,56,7,110978.37,2,1,3,213,Regular Customers
6478,52,10,63878.350000000006,2,2,1,221,Regular Customers
6479,73,12,126651.87,2,3,3,233,Regular Customers
6480,219,5,37615.770000000004,1,1,1,111,At Risk
6481,2,15,146117.97,4,4,4,444,Champions
6482,298,5,73912.29,1,1,1,111,At Risk
6483,27,11,132963.42,3,3,3,333,Regular Customers
6484,171,10,109417.92,1,2,3,123,At Risk
6485,43,11,146280.39,3,3,4,334,Big Spenders
6486,291,5,54331.97,1,1,1,111,At Risk
6487,7,9,135353.82,4,2,3,423,Regular Customers
6488,1,15,168961.69,4,4,4,444,Champions
6489,28,16,244903.72,3,4,4,344,Big Spenders
6490,28,10,112917.42,3,2,3,323,Regular Customers
6491,268,7,68470.1,1,1,1,111,At Risk
6492,85,4,33691.600000000006,2,1,1,211,Regular Customers
6493,16,10,91241.18999999999,4,2,2,422,Regular Customers
6494,75,17,212561.9,2,4,4,244,Big Spenders
6495,23,7,58700.74,3,1,1,311,Regular Customers
6496,7,7,91269.23999999999,4,1,2,412,Regular Customers
6497,4,11,125350.03,4,3,3,433,Loyal Customers
6498,107,9,97923.47,1,2,2,122,At Risk
6499,7,11,114962.3,4,3,3,433,Loyal Customers
6500,89,8,85909.0,2,1,2,212,Regular Customers
6501,28,14,161887.96,3,4,4,344,Big Spenders
6502,149,14,172314.13,1,4,4,144,Big Spenders
6503,72,14,146932.53,2,4,4,244,Big Spenders
6504,68,6,64103.95,2,1,1,211,Regular Customers
6505,154,13,97679.7,1,4,2,142,At Risk
6506,110,8,102494.9,1,1,2,112,At Risk
6507,129,10,102054.8,1,2,2,122,At Risk
6508,45,11,130201.61,3,3,3,333,Regular Customers
6509,15,15,165350.01,4,4,4,444,Champions
6510,64,8,109034.28,2,1,3,213,Regular Customers
6511,119,11,171573.44,1,3,4,134,Big Spenders
6512,33,7,55537.07,3,1,1,311,Regular Customers
6513,44,14,190202.2,3,4,4,344,Big Spenders
6514,26,6,77013.23999999999,3,1,2,312,Regular Customers
6515,25,9,67266.20999999999,3,2,1,321,Regular Customers
6516,224,13,152690.27,1,4,4,144,Big Spenders
6517,40,10,58514.29,3,2,1,321,Regular Customers
6518,200,9,141841.96,1,2,4,124,Big Spenders
6519,40,12,100809.69,3,3,2,332,Regular Customers
6520,16,8,132875.8,4,1,3,413,Regular Customers
6521,13,6,40025.1,4,1,1,411,Regular Customers
6522,3,12,115099.61,4,3,3,433,Loyal Customers
6523,74,9,93009.54000000001,2,2,2,222,Regular Customers
6524,41,13,179465.71,3,4,4,344,Big Spenders
6525,6,11,115104.78,4,3,3,433,Loyal Customers
6526,8,12,98907.15,4,3,2,432,Loyal Customers
6527,2,11,123321.9,4,3,3,433,Loyal Customers
6528,57,5,51950.619999999995,2,1,1,211,Regular Customers
6529,4,13,178582.69,4,4,4,444,Champions
6530,1,13,193014.18,4,4,4,444,Champions
6531,83,5,55370.05,2,1,1,211,Regular Customers
6532,42,17,206363.02,3,4,4,344,Big Spenders
6533,19,8,28118.46,4,1,1,411,Regular Customers
6534,34,13,126361.06,3,4,3,343,Regular Customers
6535,196,9,79175.59,1,2,2,122,At Risk
6536,26,7,61120.86,3,1,1,311,Regular Customers
6537,55,11,135956.86,2,3,4,234,Big Spenders
6538,399,4,24300.66,1,1,1,111,At Risk
6539,137,7,70242.16,1,1,1,111,At Risk
6540,37,17,124145.14,3,4,3,343,Regular Customers
6541,73,7,64328.03,2,1,1,211,Regular Customers
6542,82,13,87890.8,2,4,2,242,Regular Customers
6543,132,14,125252.84,1,4,3,143,At Risk
6544,101,10,127037.48999999999,2,2,3,223,Regular Customers
6545,93,11,116281.73,2,3,3,233,Regular Customers
6546,31,11,83207.73,3,3,2,332,Regular Customers
6547,32,5,74756.35,3,1,1,311,Regular Customers
6548,3,12,117562.02,4,3,3,433,Loyal Customers
6549,30,11,73072.14,3,3,1,331,Regular Customers
6550,26,12,111366.3,3,3,3,333,Regular Customers
6551,15,6,52900.0,4,1,1,411,Regular Customers
6552,40,8,89235.53,3,1,2,312,Regular Customers
6553,69,9,72023.61,2,2,1,221,Regular Customers
6554,96,12,88482.94,2,3,2,232,Regular Customers
6555,331,9,87135.73000000001,1,2,2,122,At Risk
6556,50,8,118632.45,3,1,3,313,Regular Customers
6557,95,13,92136.14,2,4,2,242,Regular Customers
6558,12,11,111289.68,4,3,3,433,Loyal Customers
6559,95,8,73943.20999999999,2,1,1,211,Regular Customers
6560,40,8,101877.52,3,1,2,312,Regular Customers
6561,123,7,61745.91,1,1,1,111,At Risk
6562,14,14,142186.28,4,4,4,444,Champions
6563,15,10,123117.84,4,2,3,423,Regular Customers
6564,131,13,171069.78,1,4,4,144,Big Spenders
6565,16,5,25403.870000000003,4,1,1,411,Regular Customers
6566,64,6,55956.37,2,1,1,211,Regular Customers
6567,102,10,133588.57,2,2,3,223,Regular Customers
6568,134,14,151482.79,1,4,4,144,Big Spenders
6569,40,13,119377.63,3,4,3,343,Regular Customers
6570,31,6,70010.16,3,1,1,311,Regular Customers
6571,18,7,90616.19,4,1,2,412,Regular Customers
6572,61,14,207260.18,2,4,4,244,Big Spenders
6573,242,9,130383.58,1,2,3,123,At Risk
6574,193,5,93188.14,1,1,2,112,At Risk
6575,60,16,143652.97999999998,2,4,4,244,Big Spenders
6576,27,6,44023.369999999995,3,1,1,311,Regular Customers
6577,31,11,86168.85,3,3,2,332,Regular Customers
6578,38,9,76185.34,3,2,1,321,Regular Customers
6579,42,11,153972.39,3,3,4,334,Big Spenders
6580,64,10,113723.4,2,2,3,223,Regular Customers
6581,2,11,133887.5,4,3,3,433,Loyal Customers
6582,186,9,138575.71,1,2,4,124,Big Spenders
6583,34,12,116642.91,3,3,3,333,Regular Customers
6584,53,10,125618.95999999999,2,2,3,223,Regular Customers
6585,180,8,51670.05,1,1,1,111,At Risk
6586,170,4,17284.92,1,1,1,111,At Risk
6587,30,9,100086.92,3,2,2,322,Regular Customers
6588,106,8,98434.17,1,1,2,112,At Risk
6589,38,7,33502.61,3,1,1,311,Regular Customers
6590,10,14,158903.78,4,4,4,444,Champions
6591,229,9,100322.91,1,2,2,122,At Risk
6592,81,10,128064.56,2,2,3,223,Regular Customers
6593,36,6,72033.39,3,1,1,311,Regular Customers
6594,15,12,71694.74,4,3,1,431,Loyal Customers
6595,50,11,128696.70999999999,3,3,3,333,Regular Customers
6596,83,11,117370.12,2,3,3,233,Regular Customers
6597,34,14,155671.01,3,4,4,344,Big Spenders
6598,17,9,68779.92,4,2,1,421,Regular Customers
6599,36,10,99963.84,3,2,2,322,Regular Customers
6600,34,13,171680.16,3,4,4,344,Big Spenders
6601,63,9,87730.65,2,2,2,222,Regular Customers
6602,167,6,69147.17,1,1,1,111,At Risk
6603,69,10,71380.53,2,2,1,221,Regular Customers
6604,138,8,89485.59999999999,1,1,2,112,At Risk
6605,36,13,109032.54000000001,3,4,3,343,Regular Customers
6606,47,11,115111.95999999999,3,3,3,333,Regular Customers
6607,78,7,131404.5,2,1,3,213,Regular Customers
6608,26,12,142355.2,3,3,4,334,Big Spenders
6609,33,12,187232.39,3,3,4,334,Big Spenders
6610,39,8,84034.74,3,1,2,312,Regular Customers
6611,28,10,106771.71,3,2,3,323,Regular Customers
6612,256,10,86734.47,1,2,2,122,At Risk
6613,202,5,73579.73,1,1,1,111,At Risk
6614,199,11,109041.84,1,3,3,133,At Risk
6615,94,10,120313.89,2,2,3,223,Regular Customers
6616,80,6,48125.66,2,1,1,211,Regular Customers
6617,10,13,87606.28,4,4,2,442,Loyal Customers
6618,12,8,70521.65,4,1,1,411,Regular Customers
6619,78,8,68839.75,2,1,1,211,Regular Customers
6620,16,12,97322.93000000001,4,3,2,432,Loyal Customers
6621,159,12,121102.19,1,3,3,133,At Risk
6622,93,9,79681.77,2,2,2,222,Regular Customers
6623,53,16,208122.9,2,4,4,244,Big Spenders
6624,70,12,97240.88,2,3,2,232,Regular Customers
6625,48,12,109764.09000000001,3,3,3,333,Regular Customers
6626,110,11,137051.96,1,3,4,134,Big Spenders
6627,15,10,128213.39,4,2,3,423,Regular Customers
6628,7,10,87257.5,4,2,2,422,Regular Customers
6629,38,8,38179.25,3,1,1,311,Regular Customers
6630,7,15,156856.75,4,4,4,444,Champions
6631,2,5,37394.43,4,1,1,411,Regular Customers
6632,99,15,128617.22,2,4,3,243,Regular Customers
6633,30,8,103047.15000000001,3,1,2,312,Regular Customers
6634,102,4,55901.4,2,1,1,211,Regular Customers
6635,95,12,133409.22,2,3,3,233,Regular Customers
6636,102,7,75106.45000000001,2,1,1,211,Regular Customers
6637,8,12,135819.29,4,3,3,433,Loyal Customers
6638,62,7,136438.42,2,1,4,214,Big Spenders
6639,13,14,152345.39,4,4,4,444,Champions
6640,161,6,92170.16,1,1,2,112,At Risk
6641,66,15,167915.45,2,4,4,244,Big Spenders
6642,90,7,101074.05,2,1,2,212,Regular Customers
6643,28,8,80939.56,3,1,2,312,Regular Customers
6644,48,10,82491.48,3,2,2,322,Regular Customers
6645,9,15,152613.95,4,4,4,444,Champions
6646,120,9,78221.09,1,2,2,122,At Risk
6647,77,10,112716.1,2,2,3,223,Regular Customers
6648,19,7,46842.350000000006,4,1,1,411,Regular Customers
6649,26,10,74890.9,3,2,1,321,Regular Customers
6650,90,9,59064.979999999996,2,2,1,221,Regular Customers
6651,25,11,114679.38,3,3,3,333,Regular Customers
6652,11,18,183804.2,4,4,4,444,Champions
6653,46,8,76932.44,3,1,2,312,Regular Customers
6654,32,7,115860.15,3,1,3,313,Regular Customers
6655,46,14,160673.69,3,4,4,344,Big Spenders
6656,21,10,62940.53999999999,4,2,1,421,Regular Customers
6657,66,5,45972.56,2,1,1,211,Regular Customers
6658,32,14,124753.32,3,4,3,343,Regular Customers
6659,91,15,138962.21,2,4,4,244,Big Spenders
6660,32,12,86689.91,3,3,2,332,Regular Customers
6661,6,9,130210.69,4,2,3,423,Regular Customers
6662,4,7,100004.45999999999,4,1,2,412,Regular Customers
6663,46,15,207171.8,3,4,4,344,Big Spenders
6664,9,9,102926.11,4,2,2,422,Regular Customers
6665,26,10,102631.5,3,2,2,322,Regular Customers
6666,25,8,101980.95999999999,3,1,2,312,Regular Customers
6667,103,9,52234.59,1,2,1,121,At Risk
6668,99,9,149343.73,2,2,4,224,Big Spenders
6669,27,13,109068.87000000001,3,4,3,343,Regular Customers
6670,85,11,132080.95,2,3,3,233,Regular Customers
6671,37,11,92952.83,3,3,2,332,Regular Customers
6672,44,10,119007.34,3,2,3,323,Regular Customers
6673,365,10,148934.74,1,2,4,124,Big Spenders
6674,67,9,132084.72,2,2,3,223,Regular Customers
6675,21,12,102190.89,4,3,2,432,Loyal Customers
6676,79,11,107450.84,2,3,3,233,Regular Customers
6677,27,7,89366.01999999999,3,1,2,312,Regular Customers
6678,67,6,42855.32,2,1,1,211,Regular Customers
6679,75,13,162330.84,2,4,4,244,Big Spenders
6680,101,7,87395.22,2,1,2,212,Regular Customers
6681,23,20,204856.97,3,4,4,344,Big Spenders
6682,33,10,121105.72,3,2,3,323,Regular Customers
6683,43,12,106892.51000000001,3,3,3,333,Regular Customers
6684,86,7,85177.53,2,1,2,212,Regular Customers
6685,10,14,107349.55,4,4,3,443,Loyal Customers
6686,39,21,185766.39,3,4,4,344,Big Spenders
6687,41,12,163260.98,3,3,4,334,Big Spenders
6688,27,10,106035.65,3,2,3,323,Regular Customers
6689,34,12,129238.39,3,3,3,333,Regular Customers
6690,198,6,109255.29999999999,1,1,3,113,At Risk
6691,198,7,46303.79,1,1,1,111,At Risk
6692,86,12,82690.73,2,3,2,232,Regular Customers
6693,1,12,113310.54,4,3,3,433,Loyal Customers
6694,25,17,158111.66,3,4,4,344,Big Spenders
6695,90,8,120783.16,2,1,3,213,Regular Customers
6696,14,14,173864.76,4,4,4,444,Champions
6697,90,9,116123.87,2,2,3,223,Regular Customers
6698,35,14,71179.45999999999,3,4,1,341,Regular Customers
6699,123,8,93264.9,1,1,2,112,At Risk
6700,277,10,158451.93,1,2,4,124,Big Spenders
6701,16,12,128762.82,4,3,3,433,Loyal Customers
6702,78,9,123245.98,2,2,3,223,Regular Customers
6703,140,3,29345.989999999998,1,1,1,111,At Risk
6704,57,6,35078.85,2,1,1,211,Regular Customers
6705,116,9,114881.75,1,2,3,123,At Risk
6706,39,11,106974.36,3,3,3,333,Regular Customers
6707,14,9,81683.61,4,2,2,422,Regular Customers
6708,58,12,117546.11,2,3,3,233,Regular Customers
6709,14,10,98800.86,4,2,2,422,Regular Customers
6710,17,17,160061.95,4,4,4,444,Champions
6711,339,3,49010.33,1,1,1,111,At Risk
6712,94,8,107217.16,2,1,3,213,Regular Customers
6713,364,2,8521.130000000001,1,1,1,111,At Risk
6714,41,9,84212.37,3,2,2,322,Regular Customers
6715,11,14,179592.49,4,4,4,444,Champions
6716,87,7,55775.2,2,1,1,211,Regular Customers
6717,20,7,52913.35,4,1,1,411,Regular Customers
6718,81,5,26182.239999999998,2,1,1,211,Regular Customers
6719,49,13,128585.24,3,4,3,343,Regular Customers
6720,211,6,64488.15,1,1,1,111,At Risk
6721,107,10,78303.22,1,2,2,122,At Risk
6722,28,14,226420.28000000003,3,4,4,344,Big Spenders
6723,59,14,127238.88,2,4,3,243,Regular Customers
6724,17,9,117539.61,4,2,3,423,Regular Customers
6725,68,5,55992.15,2,1,1,211,Regular Customers
6726,73,9,74311.11,2,2,1,221,Regular Customers
6727,18,12,147247.93,4,3,4,434,Loyal Customers
6728,261,8,62463.35,1,1,1,111,At Risk
6729,19,9,120871.14,4,2,3,423,Regular Customers
6730,41,14,134202.76,3,4,3,343,Regular Customers
6731,274,9,82727.21,1,2,2,122,At Risk
6732,79,14,204349.08,2,4,4,244,Big Spenders
6733,5,12,215641.47,4,3,4,434,Loyal Customers
6734,26,10,55560.08,3,2,1,321,Regular Customers
6735,142,6,75721.06,1,1,1,111,At Risk
6736,14,15,143412.4,4,4,4,444,Champions
6737,51,11,115172.85,3,3,3,333,Regular Customers
6738,18,10,46164.55,4,2,1,421,Regular Customers
6739,187,12,197018.71,1,3,4,134,Big Spenders
6740,40,11,74166.18000000001,3,3,1,331,Regular Customers
6741,63,9,116903.32,2,2,3,223,Regular Customers
6742,26,4,52251.47,3,1,1,311,Regular Customers
6743,20,10,113497.81,4,2,3,423,Regular Customers
6744,85,8,88822.14,2,1,2,212,Regular Customers
6745,90,6,68162.17,2,1,1,211,Regular Customers
6746,213,9,145073.04,1,2,4,124,Big Spenders
6747,66,12,101482.70999999999,2,3,2,232,Regular Customers
6748,82,15,184309.59,2,4,4,244,Big Spenders
6749,112,10,142082.78,1,2,4,124,Big Spenders
6750,55,10,92404.27,2,2,2,222,Regular Customers
6751,147,10,121375.93,1,2,3,123,At Risk
6752,177,8,87247.66,1,1,2,112,At Risk
6753,146,8,105831.28,1,1,3,113,At Risk
6754,60,8,104320.82,2,1,2,212,Regular Customers
6755,12,12,96058.01999999999,4,3,2,432,Loyal Customers
6756,13,12,146807.38,4,3,4,434,Loyal Customers
6757,98,6,75736.77,2,1,1,211,Regular Customers
6758,30,11,136621.68,3,3,4,334,Big Spenders
6759,110,6,20993.2,1,1,1,111,At Risk
6760,93,8,38737.490000000005,2,1,1,211,Regular Customers
6761,185,7,105052.38,1,1,3,113,At Risk
6762,91,6,69715.02,2,1,1,211,Regular Customers
6763,41,12,119809.32,3,3,3,333,Regular Customers
6764,48,7,44615.63,3,1,1,311,Regular Customers
6765,260,14,192709.3,1,4,4,144,Big Spenders
6766,25,13,89116.06,3,4,2,342,Regular Customers
6767,65,11,147428.31,2,3,4,234,Big Spenders
6768,4,10,56677.64,4,2,1,421,Regular Customers
6769,107,5,54110.47,1,1,1,111,At Risk
6770,1,12,145947.41999999998,4,3,4,434,Loyal Customers
6771,16,16,177327.44,4,4,4,444,Champions
6772,27,15,170802.73,3,4,4,344,Big Spenders
6773,108,9,97969.02,1,2,2,122,At Risk
6774,89,12,100200.04,2,3,2,232,Regular Customers
6775,336,7,21895.87,1,1,1,111,At Risk
6776,90,9,75461.12,2,2,1,221,Regular Customers
6777,70,7,85673.14,2,1,2,212,Regular Customers
6778,153,15,174139.12,1,4,4,144,Big Spenders
6779,12,11,157546.41,4,3,4,434,Loyal Customers
6780,5,5,39693.38,4,1,1,411,Regular Customers
6781,13,17,178711.28,4,4,4,444,Champions
6782,52,9,120674.2,2,2,3,223,Regular Customers
6783,2,8,85602.81,4,1,2,412,Regular Customers
6784,5,10,79424.15,4,2,2,422,Regular Customers
6785,135,10,123959.11,1,2,3,123,At Risk
6786,77,10,109972.01,2,2,3,223,Regular Customers
6787,69,9,119062.65999999999,2,2,3,223,Regular Customers
6788,88,10,54668.75,2,2,1,221,Regular Customers
6789,22,13,160413.54,3,4,4,344,Big Spenders
6790,29,8,52191.83,3,1,1,311,Regular Customers
6791,55,9,79235.35,2,2,2,222,Regular Customers
6792,29,5,62784.63,3,1,1,311,Regular Customers
6793,6,13,126474.81,4,4,3,443,Loyal Customers
6794,91,10,121786.03,2,2,3,223,Regular Customers
6795,140,9,102285.63,1,2,2,122,At Risk
6796,31,9,73474.4,3,2,1,321,Regular Customers
6797,62,13,147736.66999999998,2,4,4,244,Big Spenders
6798,30,10,172609.56,3,2,4,324,Big Spenders
6799,19,16,91228.47,4,4,2,442,Loyal Customers
6800,101,10,140266.89,2,2,4,224,Big Spenders
6801,51,8,92204.31,3,1,2,312,Regular Customers
6802,1,11,152465.69,4,3,4,434,Loyal Customers
6803,17,17,161927.86,4,4,4,444,Champions
6804,107,9,101041.61,1,2,2,122,At Risk
6805,18,13,138221.11,4,4,4,444,Champions
6806,135,11,117605.17,1,3,3,133,At Risk
6807,25,9,81396.15,3,2,2,322,Regular Customers
6808,15,14,118888.17,4,4,3,443,Loyal Customers
6809,58,12,186521.25,2,3,4,234,Big Spenders
6810,7,10,140222.88,4,2,4,424,Big Spenders
6811,45,11,74479.51,3,3,1,331,Regular Customers
6812,57,14,137488.51,2,4,4,244,Big Spenders
6813,15,8,95435.02,4,1,2,412,Regular Customers
6814,265,6,104803.70999999999,1,1,3,113,At Risk
6815,50,3,15448.5,3,1,1,311,Regular Customers
6816,1,13,66650.41,4,4,1,441,Loyal Customers
6817,45,12,119139.33,3,3,3,333,Regular Customers
6818,207,7,56130.11,1,1,1,111,At Risk
6819,6,13,188766.58,4,4,4,444,Champions
6820,47,7,65942.56,3,1,1,311,Regular Customers
6821,80,6,73818.0,2,1,1,211,Regular Customers
6822,48,6,75849.54000000001,3,1,1,311,Regular Customers
6823,27,5,83764.29,3,1,2,312,Regular Customers
6824,59,14,151476.19,2,4,4,244,Big Spenders
6825,56,13,147126.68,2,4,4,244,Big Spenders
6826,49,11,117836.45,3,3,3,333,Regular Customers
6827,7,12,139968.85,4,3,4,434,Loyal Customers
6828,5,15,177337.48,4,4,4,444,Champions
6829,44,7,80901.98999999999,3,1,2,312,Regular Customers
6830,7,8,77424.98,4,1,2,412,Regular Customers
6831,85,12,103158.39,2,3,2,232,Regular Customers
6832,107,8,94353.38,1,1,2,112,At Risk
6833,21,14,173945.79,4,4,4,444,Champions
6834,32,6,33102.74,3,1,1,311,Regular Customers
6835,6,10,98625.47,4,2,2,422,Regular Customers
6836,150,10,69574.78,1,2,1,121,At Risk
6837,216,11,123476.49,1,3,3,133,At Risk
6838,4,11,100455.06999999999,4,3,2,432,Loyal Customers
6839,90,9,69334.97,2,2,1,221,Regular Customers
6840,1,9,48131.77,4,2,1,421,Regular Customers
6841,84,13,149509.86,2,4,4,244,Big Spenders
6842,147,12,67081.24,1,3,1,131,At Risk
6843,60,10,95143.79000000001,2,2,2,222,Regular Customers
6844,41,7,112501.72,3,1,3,313,Regular Customers
6845,95,9,104530.70999999999,2,2,3,223,Regular Customers
6846,37,7,53867.31,3,1,1,311,Regular Customers
6847,34,6,72380.83,3,1,1,311,Regular Customers
6848,148,7,64277.79,1,1,1,111,At Risk
6849,48,11,124874.17,3,3,3,333,Regular Customers
6850,8,11,161030.74,4,3,4,434,Loyal Customers
6851,13,15,176211.8,4,4,4,444,Champions
6852,18,5,19816.059999999998,4,1,1,411,Regular Customers
6853,149,14,217278.38,1,4,4,144,Big Spenders
6854,136,8,76991.56,1,1,2,112,At Risk
6855,74,10,137870.91999999998,2,2,4,224,Big Spenders
6856,21,12,124684.06,4,3,3,433,Loyal Customers
6857,25,10,75671.04000000001,3,2,1,321,Regular Customers
6858,202,7,29495.87,1,1,1,111,At Risk
6859,31,8,86678.07,3,1,2,312,Regular Customers
6860,45,12,141422.58,3,3,4,334,Big Spenders
6861,118,9,84670.98999999999,1,2,2,122,At Risk
6862,212,9,85621.34,1,2,2,122,At Risk
6863,161,7,49987.62,1,1,1,111,At Risk
6864,64,13,124317.7,2,4,3,243,Regular Customers
6865,38,12,163839.74,3,3,4,334,Big Spenders
6866,10,11,129493.55,4,3,3,433,Loyal Customers
6867,62,8,44768.04,2,1,1,211,Regular Customers
6868,140,10,114796.24,1,2,3,123,At Risk
6869,91,10,93494.96,2,2,2,222,Regular Customers
6870,7,16,147580.35,4,4,4,444,Champions
6871,107,14,177360.44,1,4,4,144,Big Spenders
6872,11,11,162994.15,4,3,4,434,Loyal Customers
6873,9,14,130550.13,4,4,3,443,Loyal Customers
6874,23,12,92322.73000000001,3,3,2,332,Regular Customers
6875,119,8,81033.89,1,1,2,112,At Risk
6876,23,9,95336.02,3,2,2,322,Regular Customers
6877,6,15,135299.92,4,4,3,443,Loyal Customers
6878,18,13,107230.07,4,4,3,443,Loyal Customers
6879,84,11,124426.27,2,3,3,233,Regular Customers
6880,149,13,127559.76,1,4,3,143,At Risk
6881,15,10,168796.82,4,2,4,424,Big Spenders
6882,339,5,23659.36,1,1,1,111,At Risk
6883,3,12,158320.7,4,3,4,434,Loyal Customers
6884,167,5,63559.06,1,1,1,111,At Risk
6885,152,7,64596.15,1,1,1,111,At Risk
6886,249,9,110666.05,1,2,3,123,At Risk
6887,129,6,41196.880000000005,1,1,1,111,At Risk
6888,6,6,69518.17,4,1,1,411,Regular Customers
6889,59,17,155480.15,2,4,4,244,Big Spenders
6890,54,8,86986.86,2,1,2,212,Regular Customers
6891,5,8,61285.520000000004,4,1,1,411,Regular Customers
6892,92,12,90820.35,2,3,2,232,Regular Customers
6893,50,9,161070.7,3,2,4,324,Big Spenders
6894,35,10,93807.07,3,2,2,322,Regular Customers
6895,295,6,95910.55,1,1,2,112,At Risk
6896,47,6,53386.46,3,1,1,311,Regular Customers
6897,35,10,173590.62,3,2,4,324,Big Spenders
6898,17,13,77119.5,4,4,2,442,Loyal Customers
6899,114,9,116824.14,1,2,3,123,At Risk
6900,100,3,62175.97,2,1,1,211,Regular Customers
6901,9,9,147944.69,4,2,4,424,Big Spenders
6902,34,9,122927.68000000001,3,2,3,323,Regular Customers
6903,13,8,86064.34,4,1,2,412,Regular Customers
6904,24,12,104781.74,3,3,3,333,Regular Customers
6905,107,7,78336.29000000001,1,1,2,112,At Risk
6906,73,5,26673.670000000002,2,1,1,211,Regular Customers
6907,9,9,142537.03,4,2,4,424,Big Spenders
6908,90,8,99383.76000000001,2,1,2,212,Regular Customers
6909,32,7,34916.0,3,1,1,311,Regular Customers
6910,40,12,139013.83,3,3,4,334,Big Spenders
6911,242,12,131209.9,1,3,3,133,At Risk
6912,44,10,97396.08,3,2,2,322,Regular Customers
6913,5,7,74145.44,4,1,1,411,Regular Customers
6914,52,16,197532.05,2,4,4,244,Big Spenders
6915,15,13,139349.22,4,4,4,444,Champions
6916,22,6,46509.11,3,1,1,311,Regular Customers
6917,46,13,171473.77,3,4,4,344,Big Spenders
6918,45,5,67663.04000000001,3,1,1,311,Regular Customers
6919,84,6,57092.69,2,1,1,211,Regular Customers
6920,66,7,62616.2,2,1,1,211,Regular Customers
6921,32,17,241633.7,3,4,4,344,Big Spenders
6922,105,14,114698.41,1,4,3,143,At Risk
6923,197,5,83136.54999999999,1,1,2,112,At Risk
6924,104,10,101949.07,1,2,2,122,At Risk
6925,24,9,101264.42,3,2,2,322,Regular Customers
6926,134,9,155050.65,1,2,4,124,Big Spenders
6927,47,10,129496.6,3,2,3,323,Regular Customers
6928,40,14,216611.77000000002,3,4,4,344,Big Spenders
6929,75,11,90861.24,2,3,2,232,Regular Customers
6930,101,7,99891.65,2,1,2,212,Regular Customers
6931,66,7,53079.75,2,1,1,211,Regular Customers
6932,23,10,70174.66,3,2,1,321,Regular Customers
6933,126,11,128428.15,1,3,3,133,At Risk
6934,47,6,58385.11,3,1,1,311,Regular Customers
6935,69,12,95321.97,2,3,2,232,Regular Customers
6936,117,12,150450.54,1,3,4,134,Big Spenders
6937,76,6,98292.55,2,1,2,212,Regular Customers
6938,66,8,86500.97,2,1,2,212,Regular Customers
6939,152,6,35384.47,1,1,1,111,At Risk
6940,2,9,110031.03,4,2,3,423,Regular Customers
6941,32,17,240427.69999999998,3,4,4,344,Big Spenders
6942,131,4,26255.399999999998,1,1,1,111,At Risk
6943,206,4,58331.41,1,1,1,111,At Risk
6944,104,9,106796.6,1,2,3,123,At Risk
6945,204,8,116364.22,1,1,3,113,At Risk
6946,1,11,136428.88999999998,4,3,4,434,Loyal Customers
6947,68,11,102533.42,2,3,2,232,Regular Customers
6948,3,9,82366.89,4,2,2,422,Regular Customers
6949,38,13,147421.78,3,4,4,344,Big Spenders
6950,64,11,114242.95,2,3,3,233,Regular Customers
6951,299,9,107316.74,1,2,3,123,At Risk
6952,42,14,180954.43,3,4,4,344,Big Spenders
6953,142,9,102514.56,1,2,2,122,At Risk
6954,58,18,225782.75,2,4,4,244,Big Spenders
6955,11,11,124179.97,4,3,3,433,Loyal Customers
6956,60,13,99089.16,2,4,2,242,Regular Customers
6957,150,8,77313.02,1,1,2,112,At Risk
6958,4,13,135111.78,4,4,3,443,Loyal Customers
6959,38,11,134005.63,3,3,3,333,Regular Customers
6960,122,7,66583.93,1,1,1,111,At Risk
6961,14,13,87022.48,4,4,2,442,Loyal Customers
6962,9,11,96492.57,4,3,2,432,Loyal Customers
6963,331,11,170198.7,1,3,4,134,Big Spenders
6964,5,10,129273.13,4,2,3,423,Regular Customers
6965,160,7,104692.17,1,1,3,113,At Risk
6966,11,10,57494.0,4,2,1,421,Regular Customers
6967,170,6,45820.310000000005,1,1,1,111,At Risk
6968,4,13,120040.22,4,4,3,443,Loyal Customers
6969,71,11,132582.44,2,3,3,233,Regular Customers
6970,92,10,73666.7,2,2,1,221,Regular Customers
6971,133,17,109673.38,1,4,3,143,At Risk
6972,188,9,128704.19,1,2,3,123,At Risk
6973,30,7,24275.21,3,1,1,311,Regular Customers
6974,16,13,174313.0,4,4,4,444,Champions
6975,16,18,235841.35,4,4,4,444,Champions
6976,33,9,133150.28,3,2,3,323,Regular Customers
6977,175,8,101123.28,1,1,2,112,At Risk
6978,24,12,135897.63,3,3,4,334,Big Spenders
6979,94,15,199876.54,2,4,4,244,Big Spenders
6980,63,5,32189.31,2,1,1,211,Regular Customers
6981,35,4,70239.53,3,1,1,311,Regular Customers
6982,68,4,67059.04000000001,2,1,1,211,Regular Customers
6983,1,9,73966.37,4,2,1,421,Regular Customers
6984,24,13,187039.74,3,4,4,344,Big Spenders
6985,36,10,101034.1,3,2,2,322,Regular Customers
6986,40,11,107925.19,3,3,3,333,Regular Customers
6987,37,17,136350.17,3,4,4,344,Big Spenders
6988,11,20,219842.63,4,4,4,444,Champions
6989,47,8,61923.649999999994,3,1,1,311,Regular Customers
6990,51,5,54417.33,3,1,1,311,Regular Customers
6991,47,5,103448.26,3,1,2,312,Regular Customers
6992,26,12,166019.32,3,3,4,334,Big Spenders
6993,22,7,60490.02,3,1,1,311,Regular Customers
6994,193,7,82419.74,1,1,2,112,At Risk
6995,72,12,143882.77000000002,2,3,4,234,Big Spenders
6996,77,12,108492.16,2,3,3,233,Regular Customers
6997,183,4,51274.12,1,1,1,111,At Risk
6998,3,12,108549.35,4,3,3,433,Loyal Customers
6999,62,8,98798.4,2,1,2,212,Regular Customers
7000,21,7,52609.47,4,1,1,411,Regular Customers
7001,84,6,52528.34,2,1,1,211,Regular Customers
7002,208,8,118145.8,1,1,3,113,At Risk
7003,21,10,84458.68,4,2,2,422,Regular Customers
7004,11,12,139291.58,4,3,4,434,Loyal Customers
7005,106,10,130823.77,1,2,3,123,At Risk
7006,22,9,97509.0,3,2,2,322,Regular Customers
7007,135,9,89642.45,1,2,2,122,At Risk
7008,12,12,111892.34,4,3,3,433,Loyal Customers
7009,68,7,63015.69,2,1,1,211,Regular Customers
7010,31,12,145586.75,3,3,4,334,Big Spenders
7011,98,15,197671.85,2,4,4,244,Big Spenders
7012,22,7,68820.86,3,1,1,311,Regular Customers
7013,55,6,97462.65999999999,2,1,2,212,Regular Customers
7014,199,11,132487.93,1,3,3,133,At Risk
7015,194,3,22560.22,1,1,1,111,At Risk
7016,4,12,113132.04000000001,4,3,3,433,Loyal Customers
7017,164,8,60039.25,1,1,1,111,At Risk
7018,18,7,62412.52,4,1,1,411,Regular Customers
7019,95,13,132072.08,2,4,3,243,Regular Customers
7020,218,6,42984.32,1,1,1,111,At Risk
7021,78,10,74109.26000000001,2,2,1,221,Regular Customers
7022,16,10,71262.36,4,2,1,421,Regular Customers
7023,90,10,131488.16,2,2,3,223,Regular Customers
7024,36,11,120550.77,3,3,3,333,Regular Customers
7025,19,10,133527.63,4,2,3,423,Regular Customers
7026,27,12,112316.84,3,3,3,333,Regular Customers
7027,12,6,39821.29,4,1,1,411,Regular Customers
7028,55,5,54671.2,2,1,1,211,Regular Customers
7029,99,11,141497.68,2,3,4,234,Big Spenders
7030,73,12,110127.77,2,3,3,233,Regular Customers
7031,8,8,61961.54,4,1,1,411,Regular Customers
7032,34,15,188980.15,3,4,4,344,Big Spenders
7033,6,12,120899.83,4,3,3,433,Loyal Customers
7034,93,11,93655.26,2,3,2,232,Regular Customers
7035,38,12,108429.92,3,3,3,333,Regular Customers
7036,92,8,94690.31,2,1,2,212,Regular Customers
7037,195,9,86166.58,1,2,2,122,At Risk
7038,1,10,152439.22999999998,4,2,4,424,Big Spenders
7039,22,10,87535.29000000001,3,2,2,322,Regular Customers
7040,40,12,67298.12,3,3,1,331,Regular Customers
7041,77,6,42699.85,2,1,1,211,Regular Customers
7042,9,6,31048.199999999997,4,1,1,411,Regular Customers
7043,37,11,102373.65000000001,3,3,2,332,Regular Customers
7044,5,11,125966.56,4,3,3,433,Loyal Customers
7045,82,10,66034.45,2,2,1,221,Regular Customers
7046,65,11,82206.45,2,3,2,232,Regular Customers
7047,65,13,137914.82,2,4,4,244,Big Spenders
7048,10,13,130670.95,4,4,3,443,Loyal Customers
7049,100,11,63454.45,2,3,1,231,Regular Customers
7050,7,10,111398.47,4,2,3,423,Regular Customers
7051,88,11,126002.22,2,3,3,233,Regular Customers
7052,73,7,36005.19,2,1,1,211,Regular Customers
7053,87,13,154174.1,2,4,4,244,Big Spenders
7054,41,10,42259.11,3,2,1,321,Regular Customers
7055,201,7,100346.42,1,1,2,112,At Risk
7056,237,7,95994.72,1,1,2,112,At Risk
7057,297,4,51233.7,1,1,1,111,At Risk
7058,100,15,133617.71,2,4,3,243,Regular Customers
7059,12,12,183343.56,4,3,4,434,Loyal Customers
7060,25,9,64588.11,3,2,1,321,Regular Customers
7061,46,14,142688.55,3,4,4,344,Big Spenders
7062,4,9,83162.08,4,2,2,422,Regular Customers
7063,73,9,74060.47,2,2,1,221,Regular Customers
7064,77,14,155340.15,2,4,4,244,Big Spenders
7065,60,10,162916.86,2,2,4,224,Big Spenders
7066,32,6,63829.4,3,1,1,311,Regular Customers
7067,383,8,92169.44,1,1,2,112,At Risk
7068,21,18,220789.08,4,4,4,444,Champions
7069,12,13,135515.0,4,4,3,443,Loyal Customers
7070,52,12,90088.51,2,3,2,232,Regular Customers
7071,8,7,63004.36,4,1,1,411,Regular Customers
7072,26,6,68048.51,3,1,1,311,Regular Customers
7073,24,10,127017.09,3,2,3,323,Regular Customers
7074,27,10,67164.67,3,2,1,321,Regular Customers
7075,41,14,153081.12,3,4,4,344,Big Spenders
7076,39,16,165330.88,3,4,4,344,Big Spenders
7077,126,8,123794.93,1,1,3,113,At Risk
7078,40,9,132004.79,3,2,3,323,Regular Customers
7079,71,9,67510.94,2,2,1,221,Regular Customers
7080,43,13,140734.74,3,4,4,344,Big Spenders
7081,98,11,91632.13,2,3,2,232,Regular Customers
7082,111,9,61840.36,1,2,1,121,At Risk
7083,9,15,143999.14,4,4,4,444,Champions
7084,11,8,106133.9,4,1,3,413,Regular Customers
7085,75,8,94830.61,2,1,2,212,Regular Customers
7086,139,10,103357.29000000001,1,2,2,122,At Risk
7087,82,15,175325.87,2,4,4,244,Big Spenders
7088,157,12,82072.38,1,3,2,132,At Risk
7089,28,7,108153.88,3,1,3,313,Regular Customers
7090,76,20,260562.28,2,4,4,244,Big Spenders
7091,55,14,121582.19,2,4,3,243,Regular Customers
7092,48,6,61669.76,3,1,1,311,Regular Customers
7093,136,17,246389.76,1,4,4,144,Big Spenders
7094,17,8,102020.15000000001,4,1,2,412,Regular Customers
7095,6,6,60095.71,4,1,1,411,Regular Customers
7096,26,13,144801.18,3,4,4,344,Big Spenders
7097,51,10,84144.7,3,2,2,322,Regular Customers
7098,132,8,82066.77,1,1,2,112,At Risk
7099,22,9,135032.81,3,2,3,323,Regular Customers
7100,7,11,120394.31,4,3,3,433,Loyal Customers
7101,78,9,82384.92,2,2,2,222,Regular Customers
7102,127,10,126865.77,1,2,3,123,At Risk
7103,16,12,188025.1,4,3,4,434,Loyal Customers
7104,12,6,105088.56,4,1,3,413,Regular Customers
7105,73,9,62367.08,2,2,1,221,Regular Customers
7106,1,11,110881.85,4,3,3,433,Loyal Customers
7107,100,6,43508.79,2,1,1,211,Regular Customers
7108,97,7,77091.35,2,1,2,212,Regular Customers
7109,84,12,102401.85,2,3,2,232,Regular Customers
7110,4,10,136939.38,4,2,4,424,Big Spenders
7111,3,9,143500.72,4,2,4,424,Big Spenders
7112,3,19,245010.94,4,4,4,444,Champions
7113,3,12,83591.26,4,3,2,432,Loyal Customers
7114,8,13,191447.34,4,4,4,444,Champions
7115,86,17,228301.46,2,4,4,244,Big Spenders
7116,30,9,72453.86,3,2,1,321,Regular Customers
7117,9,13,109294.62,4,4,3,443,Loyal Customers
7118,216,9,86348.47,1,2,2,122,At Risk
7119,80,10,73763.76,2,2,1,221,Regular Customers
7120,132,7,58021.649999999994,1,1,1,111,At Risk
7121,63,15,109252.22,2,4,3,243,Regular Customers
7122,47,8,79510.47,3,1,2,312,Regular Customers
7123,17,14,220261.74,4,4,4,444,Champions
7124,2,7,56693.94,4,1,1,411,Regular Customers
7125,13,13,156718.96,4,4,4,444,Champions
7126,350,7,81893.70999999999,1,1,2,112,At Risk
7127,86,12,124179.06999999999,2,3,3,233,Regular Customers
7128,4,12,126448.12999999999,4,3,3,433,Loyal Customers
7129,3,12,105351.72,4,3,3,433,Loyal Customers
7130,160,10,151247.1,1,2,4,124,Big Spenders
7131,116,11,116507.79,1,3,3,133,At Risk
7132,17,8,117471.64,4,1,3,413,Regular Customers
7133,24,9,80733.69,3,2,2,322,Regular Customers
7134,3,11,97089.76,4,3,2,432,Loyal Customers
7135,364,5,39951.43,1,1,1,111,At Risk
7136,44,7,61731.79,3,1,1,311,Regular Customers
7137,4,7,53030.469999999994,4,1,1,411,Regular Customers
7138,19,5,39222.03,4,1,1,411,Regular Customers
7139,20,5,34850.69,4,1,1,411,Regular Customers
7140,146,6,62850.51,1,1,1,111,At Risk
7141,17,16,158380.1,4,4,4,444,Champions
7142,111,6,82949.81999999999,1,1,2,112,At Risk
7143,90,10,104120.0,2,2,2,222,Regular Customers
7144,84,5,26117.6,2,1,1,211,Regular Customers
7145,66,11,136681.66999999998,2,3,4,234,Big Spenders
7146,49,14,114120.35,3,4,3,343,Regular Customers
7147,7,16,195498.07,4,4,4,444,Champions
7148,63,13,89995.06,2,4,2,242,Regular Customers
7149,15,12,92501.82,4,3,2,432,Loyal Customers
7150,18,14,206377.19,4,4,4,444,Champions
7151,126,4,41659.270000000004,1,1,1,111,At Risk
7152,16,18,156687.19,4,4,4,444,Champions
7153,279,7,67298.45,1,1,1,111,At Risk
7154,6,7,84504.5,4,1,2,412,Regular Customers
7155,14,12,197429.15,4,3,4,434,Loyal Customers
7156,145,11,46676.020000000004,1,3,1,131,At Risk
7157,49,8,113077.68,3,1,3,313,Regular Customers
7158,15,14,151512.91,4,4,4,444,Champions
7159,104,16,206992.53,1,4,4,144,Big Spenders
7160,131,12,149295.54,1,3,4,134,Big Spenders
7161,34,13,153428.77,3,4,4,344,Big Spenders
7162,88,8,140955.65,2,1,4,214,Big Spenders
7163,68,9,98688.72,2,2,2,222,Regular Customers
7164,15,12,142812.98,4,3,4,434,Loyal Customers
7165,3,12,139847.41,4,3,4,434,Loyal Customers
7166,118,10,78778.35,1,2,2,122,At Risk
7167,6,10,109159.55,4,2,3,423,Regular Customers
7168,40,12,115279.74,3,3,3,333,Regular Customers
7169,228,5,84168.16,1,1,2,112,At Risk
7170,1,12,91824.39,4,3,2,432,Loyal Customers
7171,9,19,149539.53,4,4,4,444,Champions
7172,81,12,139202.78,2,3,4,234,Big Spenders
7173,7,10,134680.24000000002,4,2,3,423,Regular Customers
7174,152,15,136680.96,1,4,4,144,Big Spenders
7175,122,8,59148.05,1,1,1,111,At Risk
7176,102,10,124437.5,2,2,3,223,Regular Customers
7177,125,9,86610.71,1,2,2,122,At Risk
7178,33,11,180065.39,3,3,4,334,Big Spenders
7179,16,8,87890.95,4,1,2,412,Regular Customers
7180,48,9,115937.11,3,2,3,323,Regular Customers
7181,136,12,146713.36,1,3,4,134,Big Spenders
7182,11,12,155148.44,4,3,4,434,Loyal Customers
7183,28,11,102336.96,3,3,2,332,Regular Customers
7184,17,13,113911.4,4,4,3,443,Loyal Customers
7185,1,10,85549.91,4,2,2,422,Regular Customers
7186,101,9,79353.1,2,2,2,222,Regular Customers
7187,29,12,165426.43,3,3,4,334,Big Spenders
7188,154,10,79905.78,1,2,2,122,At Risk
7189,95,4,19463.55,2,1,1,211,Regular Customers
7190,232,11,99056.91,1,3,2,132,At Risk
7191,7,12,125781.65,4,3,3,433,Loyal Customers
7192,30,11,85048.03,3,3,2,332,Regular Customers
7193,13,17,149100.94,4,4,4,444,Champions
7194,5,15,138156.46,4,4,4,444,Champions
7195,165,7,83154.01999999999,1,1,2,112,At Risk
7196,56,9,58052.97,2,2,1,221,Regular Customers
7197,10,12,104721.64,4,3,3,433,Loyal Customers
7198,108,10,123159.20999999999,1,2,3,123,At Risk
7199,135,16,235829.06,1,4,4,144,Big Spenders
7200,74,7,75173.05,2,1,1,211,Regular Customers
7201,10,12,152933.46,4,3,4,434,Loyal Customers
7202,44,10,81062.23,3,2,2,322,Regular Customers
7203,4,17,172362.1,4,4,4,444,Champions
7204,16,8,64236.829999999994,4,1,1,411,Regular Customers
7205,81,5,43877.94,2,1,1,211,Regular Customers
7206,4,9,97657.02,4,2,2,422,Regular Customers
7207,28,10,69322.63,3,2,1,321,Regular Customers
7208,40,10,92321.64,3,2,2,322,Regular Customers
7209,28,11,174445.42,3,3,4,334,Big Spenders
7210,27,12,87882.23,3,3,2,332,Regular Customers
7211,72,16,159644.46,2,4,4,244,Big Spenders
7212,40,8,82537.79000000001,3,1,2,312,Regular Customers
7213,50,8,86151.02,3,1,2,312,Regular Customers
7214,38,14,199059.3,3,4,4,344,Big Spenders
7215,110,13,124617.16,1,4,3,143,At Risk
7216,38,9,82785.34,3,2,2,322,Regular Customers
7217,28,8,90423.14,3,1,2,312,Regular Customers
7218,77,7,88511.89,2,1,2,212,Regular Customers
7219,25,12,122997.26,3,3,3,333,Regular Customers
7220,6,13,128780.29000000001,4,4,3,443,Loyal Customers
7221,87,6,18018.829999999998,2,1,1,211,Regular Customers
7222,106,13,139599.6,1,4,4,144,Big Spenders
7223,76,13,101937.05,2,4,2,242,Regular Customers
7224,90,9,131295.68,2,2,3,223,Regular Customers
7225,154,11,91498.04999999999,1,3,2,132,At Risk
7226,34,11,70691.72,3,3,1,331,Regular Customers
7227,46,6,104088.03,3,1,2,312,Regular Customers
7228,94,7,54715.090000000004,2,1,1,211,Regular Customers
7229,3,10,140975.96,4,2,4,424,Big Spenders
7230,39,12,107634.18,3,3,3,333,Regular Customers
7231,410,8,74337.06,1,1,1,111,At Risk
7232,76,7,40985.53,2,1,1,211,Regular Customers
7233,37,7,71267.33,3,1,1,311,Regular Customers
7234,45,10,104574.62,3,2,3,323,Regular Customers
7235,47,6,79468.81,3,1,2,312,Regular Customers
7236,3,14,166739.74,4,4,4,444,Champions
7237,79,10,100646.55,2,2,2,222,Regular Customers
7238,1,10,99102.25,4,2,2,422,Regular Customers
7239,35,10,89404.09,3,2,2,322,Regular Customers
7240,121,7,46358.270000000004,1,1,1,111,At Risk
7241,37,18,255948.16,3,4,4,344,Big Spenders
7242,23,7,55095.71,3,1,1,311,Regular Customers
7243,61,9,92038.41,2,2,2,222,Regular Customers
7244,40,9,86358.05,3,2,2,322,Regular Customers
7245,90,13,98932.97,2,4,2,242,Regular Customers
7246,147,8,105394.4,1,1,3,113,At Risk
7247,66,12,143003.22999999998,2,3,4,234,Big Spenders
7248,47,12,92812.25,3,3,2,332,Regular Customers
7249,14,13,138898.49,4,4,4,444,Champions
7250,26,9,94773.95999999999,3,2,2,322,Regular Customers
7251,51,14,119076.02,3,4,3,343,Regular Customers
7252,175,4,34923.600000000006,1,1,1,111,At Risk
7253,139,8,82944.51999999999,1,1,2,112,At Risk
7254,9,10,107771.89,4,2,3,423,Regular Customers
7255,55,12,113003.43,2,3,3,233,Regular Customers
7256,65,8,130676.72,2,1,3,213,Regular Customers
7257,166,5,34853.35,1,1,1,111,At Risk
7258,59,9,80598.45,2,2,2,222,Regular Customers
7259,16,17,159358.44,4,4,4,444,Champions
7260,163,11,125529.83,1,3,3,133,At Risk
7261,44,11,118173.51,3,3,3,333,Regular Customers
7262,7,7,84224.47,4,1,2,412,Regular Customers
7263,60,9,107879.22,2,2,3,223,Regular Customers
7264,17,11,130118.68,4,3,3,433,Loyal Customers
7265,9,12,119101.01,4,3,3,433,Loyal Customers
7266,19,11,73173.26000000001,4,3,1,431,Loyal Customers
7267,29,5,80064.26,3,1,2,312,Regular Customers
7268,28,10,76630.76999999999,3,2,1,321,Regular Customers
7269,1,16,143194.71,4,4,4,444,Champions
7270,38,13,114805.57,3,4,3,343,Regular Customers
7271,25,14,87335.07,3,4,2,342,Regular Customers
7272,10,11,103879.4,4,3,2,432,Loyal Customers
7273,36,10,100161.76,3,2,2,322,Regular Customers
7274,3,12,144833.77,4,3,4,434,Loyal Customers
7275,77,8,129764.88,2,1,3,213,Regular Customers
7276,29,8,70717.32,3,1,1,311,Regular Customers
7277,142,7,73615.45,1,1,1,111,At Risk
7278,9,9,105067.62,4,2,3,423,Regular Customers
7279,30,13,116220.42,3,4,3,343,Regular Customers
7280,212,5,48334.67,1,1,1,111,At Risk
7281,7,4,42131.92,4,1,1,411,Regular Customers
7282,4,11,108843.51,4,3,3,433,Loyal Customers
7283,22,12,107264.05,3,3,3,333,Regular Customers
7284,99,13,193265.26,2,4,4,244,Big Spenders
7285,7,6,36625.31,4,1,1,411,Regular Customers
7286,34,12,132847.99,3,3,3,333,Regular Customers
7287,519,4,50548.719999999994,1,1,1,111,At Risk
7288,62,14,134251.67,2,4,3,243,Regular Customers
7289,5,9,170561.81,4,2,4,424,Big Spenders
7290,24,16,185794.65,3,4,4,344,Big Spenders
7291,137,9,74794.62,1,2,1,121,At Risk
7292,32,11,169811.62,3,3,4,334,Big Spenders
7293,58,6,56443.200000000004,2,1,1,211,Regular Customers
7294,112,7,62662.33,1,1,1,111,At Risk
7295,112,4,39964.299999999996,1,1,1,111,At Risk
7296,225,8,99710.24,1,1,2,112,At Risk
7297,354,2,13780.06,1,1,1,111,At Risk
7298,106,9,68916.31,1,2,1,121,At Risk
7299,22,6,17972.86,3,1,1,311,Regular Customers
7300,16,13,208797.83,4,4,4,444,Champions
7301,25,10,110583.83,3,2,3,323,Regular Customers
7302,176,8,77421.16,1,1,2,112,At Risk
7303,28,9,78342.99,3,2,2,322,Regular Customers
7304,13,11,123874.58,4,3,3,433,Loyal Customers
7305,172,5,81562.0,1,1,2,112,At Risk
7306,27,15,114340.24,3,4,3,343,Regular Customers
7307,76,8,82538.06,2,1,2,212,Regular Customers
7308,91,4,11660.32,2,1,1,211,Regular Customers
7309,22,13,155424.13,3,4,4,344,Big Spenders
7310,57,12,169215.23,2,3,4,234,Big Spenders
7311,149,6,50783.21,1,1,1,111,At Risk
7312,31,8,78214.42,3,1,2,312,Regular Customers
7313,91,8,96762.63,2,1,2,212,Regular Customers
7314,103,16,174117.26,1,4,4,144,Big Spenders
7315,16,10,84031.66,4,2,2,422,Regular Customers
7316,51,13,124681.12999999999,3,4,3,343,Regular Customers
7317,7,12,131275.65,4,3,3,433,Loyal Customers
7318,241,10,89884.7,1,2,2,122,At Risk
7319,78,5,23965.18,2,1,1,211,Regular Customers
7320,137,7,38953.659999999996,1,1,1,111,At Risk
7321,14,8,103117.85,4,1,2,412,Regular Customers
7322,40,10,142473.63,3,2,4,324,Big Spenders
7323,43,9,124201.56,3,2,3,323,Regular Customers
7324,80,10,162471.54,2,2,4,224,Big Spenders
7325,106,9,91803.01,1,2,2,122,At Risk
7326,195,8,95126.28,1,1,2,112,At Risk
7327,76,7,99031.21999999999,2,1,2,212,Regular Customers
7328,19,17,138264.66,4,4,4,444,Champions
7329,34,8,71069.44,3,1,1,311,Regular Customers
7330,8,12,88182.11,4,3,2,432,Loyal Customers
7331,37,15,140381.11,3,4,4,344,Big Spenders
7332,2,6,109292.87,4,1,3,413,Regular Customers
7333,42,6,78281.70999999999,3,1,2,312,Regular Customers
7334,195,10,160650.16,1,2,4,124,Big Spenders
7335,4,10,101174.15999999999,4,2,2,422,Regular Customers
7336,64,12,107012.2,2,3,3,233,Regular Customers
7337,206,8,83511.06999999999,1,1,2,112,At Risk
7338,5,16,128414.52,4,4,3,443,Loyal Customers
7339,26,11,113996.59,3,3,3,333,Regular Customers
7340,134,5,48905.41,1,1,1,111,At Risk
7341,61,17,178957.63,2,4,4,244,Big Spenders
7342,59,6,59828.67,2,1,1,211,Regular Customers
7343,120,7,56604.54,1,1,1,111,At Risk
7344,9,14,155690.74,4,4,4,444,Champions
7345,2,8,76510.22,4,1,1,411,Regular Customers
7346,78,9,118687.39,2,2,3,223,Regular Customers
7347,73,10,109093.35,2,2,3,223,Regular Customers
7348,167,11,129833.61,1,3,3,133,At Risk
7349,77,11,96073.03,2,3,2,232,Regular Customers
7350,133,10,159355.57,1,2,4,124,Big Spenders
7351,225,6,43836.65,1,1,1,111,At Risk
7352,9,10,114750.26,4,2,3,423,Regular Customers
7353,9,9,95020.95,4,2,2,422,Regular Customers
7354,26,15,187979.16999999998,3,4,4,344,Big Spenders
7355,19,9,73117.86,4,2,1,421,Regular Customers
7356,119,11,104462.98,1,3,3,133,At Risk
7357,102,3,44789.55,2,1,1,211,Regular Customers
7358,64,17,199705.11,2,4,4,244,Big Spenders
7359,102,12,156679.24,2,3,4,234,Big Spenders
7360,5,8,95938.71,4,1,2,412,Regular Customers
7361,25,13,80638.56999999999,3,4,2,342,Regular Customers
7362,23,9,76926.76,3,2,2,322,Regular Customers
7363,66,10,117641.01999999999,2,2,3,223,Regular Customers
7364,21,8,98704.61,4,1,2,412,Regular Customers
7365,197,6,67349.01999999999,1,1,1,111,At Risk
7366,16,8,49679.53999999999,4,1,1,411,Regular Customers
7367,240,10,137238.09,1,2,4,124,Big Spenders
7368,92,8,126263.89,2,1,3,213,Regular Customers
7369,4,9,104420.78,4,2,3,423,Regular Customers
7370,89,5,41796.29,2,1,1,211,Regular Customers
7371,18,11,111540.34,4,3,3,433,Loyal Customers
7372,104,17,144507.97,1,4,4,144,Big Spenders
7373,89,13,93788.29,2,4,2,242,Regular Customers
7374,394,9,60874.67,1,2,1,121,At Risk
7375,42,10,100781.73,3,2,2,322,Regular Customers
7376,58,8,83521.3,2,1,2,212,Regular Customers
7377,43,12,131850.73,3,3,3,333,Regular Customers
7378,114,9,87371.1,1,2,2,122,At Risk
7379,22,8,113963.45999999999,3,1,3,313,Regular Customers
7380,35,10,88643.2,3,2,2,322,Regular Customers
7381,57,13,200397.28,2,4,4,244,Big Spenders
7382,34,9,136246.52,3,2,4,324,Big Spenders
7383,29,8,98429.01000000001,3,1,2,312,Regular Customers
7384,4,6,53717.08,4,1,1,411,Regular Customers
7385,50,4,64473.75,3,1,1,311,Regular Customers
7386,1,16,177346.74,4,4,4,444,Champions
7387,71,9,106436.94,2,2,3,223,Regular Customers
7388,148,9,129746.95,1,2,3,123,At Risk
7389,257,11,155439.0,1,3,4,134,Big Spenders
7390,60,12,104229.79,2,3,2,232,Regular Customers
7391,147,6,62248.96,1,1,1,111,At Risk
7392,350,3,49444.14,1,1,1,111,At Risk
7393,62,12,113888.26,2,3,3,233,Regular Customers
7394,18,10,90801.12,4,2,2,422,Regular Customers
7395,2,12,119677.01,4,3,3,433,Loyal Customers
7396,112,11,103349.79,1,3,2,132,At Risk
7397,47,16,211259.13,3,4,4,344,Big Spenders
7398,162,11,113149.84,1,3,3,133,At Risk
7399,34,14,140889.15,3,4,4,344,Big Spenders
7400,84,11,101199.81999999999,2,3,2,232,Regular Customers
7401,17,13,102761.13,4,4,2,442,Loyal Customers
7402,63,10,148760.3,2,2,4,224,Big Spenders
7403,96,10,114220.29,2,2,3,223,Regular Customers
7404,188,9,81869.06,1,2,2,122,At Risk
7405,62,10,114673.90000000001,2,2,3,223,Regular Customers
7406,34,8,98666.42,3,1,2,312,Regular Customers
7407,6,13,117134.78,4,4,3,443,Loyal Customers
7408,9,7,76109.15000000001,4,1,1,411,Regular Customers
7409,20,12,114134.02,4,3,3,433,Loyal Customers
7410,27,13,92958.58,3,4,2,342,Regular Customers
7411,31,12,112418.9,3,3,3,333,Regular Customers
7412,38,11,103647.05,3,3,2,332,Regular Customers
7413,6,8,63735.77,4,1,1,411,Regular Customers
7414,77,13,145730.58000000002,2,4,4,244,Big Spenders
7415,213,8,115225.83,1,1,3,113,At Risk
7416,114,8,74657.83,1,1,1,111,At Risk
7417,50,10,139137.79,3,2,4,324,Big Spenders
7418,2,8,117499.45,4,1,3,413,Regular Customers
7419,65,15,128927.2,2,4,3,243,Regular Customers
7420,61,9,90949.62,2,2,2,222,Regular Customers
7421,27,11,53505.01,3,3,1,331,Regular Customers
7422,86,10,111160.24,2,2,3,223,Regular Customers
7423,25,14,128580.26,3,4,3,343,Regular Customers
7424,11,10,102417.09,4,2,2,422,Regular Customers
7425,39,11,129264.96,3,3,3,333,Regular Customers
7426,256,6,62116.850000000006,1,1,1,111,At Risk
7427,25,9,140202.8,3,2,4,324,Big Spenders
7428,4,6,70347.24,4,1,1,411,Regular Customers
7429,99,9,88415.31,2,2,2,222,Regular Customers
7430,99,13,169827.02,2,4,4,244,Big Spenders
7431,49,14,100556.41,3,4,2,342,Regular Customers
7432,21,8,69696.42,4,1,1,411,Regular Customers
7433,10,16,149894.97,4,4,4,444,Champions
7434,4,7,77405.46,4,1,2,412,Regular Customers
7435,32,9,106074.53,3,2,3,323,Regular Customers
7436,31,10,106429.68,3,2,3,323,Regular Customers
7437,15,9,74970.11,4,2,1,421,Regular Customers
7438,104,15,112384.88,1,4,3,143,At Risk
7439,59,10,46815.229999999996,2,2,1,221,Regular Customers
7440,18,15,167739.93,4,4,4,444,Champions
7441,23,9,109134.6,3,2,3,323,Regular Customers
7442,26,5,65690.39,3,1,1,311,Regular Customers
7443,9,12,144271.02,4,3,4,434,Loyal Customers
7444,25,15,243012.6,3,4,4,344,Big Spenders
7445,37,5,30107.940000000002,3,1,1,311,Regular Customers
7446,2,7,71702.67,4,1,1,411,Regular Customers
7447,108,4,65543.31999999999,1,1,1,111,At Risk
7448,76,8,123375.66,2,1,3,213,Regular Customers
7449,101,8,104776.43,2,1,3,213,Regular Customers
7450,168,7,84946.06,1,1,2,112,At Risk
7451,4,8,137805.55,4,1,4,414,Big Spenders
7452,3,7,64123.34,4,1,1,411,Regular Customers
7453,1,15,154253.29,4,4,4,444,Champions
7454,59,13,191570.88,2,4,4,244,Big Spenders
7455,13,10,172646.99,4,2,4,424,Big Spenders
7456,96,16,145575.45,2,4,4,244,Big Spenders
7457,24,12,155450.58,3,3,4,334,Big Spenders
7458,98,8,91960.02,2,1,2,212,Regular Customers
7459,28,8,87603.49,3,1,2,312,Regular Customers
7460,108,9,109435.61,1,2,3,123,At Risk
7461,18,5,37236.06,4,1,1,411,Regular Customers
7462,178,11,138638.27,1,3,4,134,Big Spenders
7463,69,10,108186.57,2,2,3,223,Regular Customers
7464,19,12,133260.05000000002,4,3,3,433,Loyal Customers
7465,58,5,37751.600000000006,2,1,1,211,Regular Customers
7466,87,11,149522.12,2,3,4,234,Big Spenders
7467,27,12,59970.84,3,3,1,331,Regular Customers
7468,62,5,42819.43,2,1,1,211,Regular Customers
7469,72,12,106236.9,2,3,3,233,Regular Customers
7470,17,8,109706.6,4,1,3,413,Regular Customers
7471,75,11,79224.34,2,3,2,232,Regular Customers
7472,173,8,88164.49,1,1,2,112,At Risk
7473,10,9,106988.25,4,2,3,423,Regular Customers
7474,26,7,89180.77,3,1,2,312,Regular Customers
7475,70,11,117350.97,2,3,3,233,Regular Customers
7476,107,9,59452.39,1,2,1,121,At Risk
7477,36,8,128831.97,3,1,3,313,Regular Customers
7478,208,7,72327.49,1,1,1,111,At Risk
7479,8,10,136927.2,4,2,4,424,Big Spenders
7480,17,12,126463.37000000001,4,3,3,433,Loyal Customers
7481,10,11,94252.96,4,3,2,432,Loyal Customers
7482,56,10,140107.9,2,2,4,224,Big Spenders
7483,101,9,85071.56999999999,2,2,2,222,Regular Customers
7484,50,17,147451.2,3,4,4,344,Big Spenders
7485,2,12,142581.16,4,3,4,434,Loyal Customers
7486,25,14,125521.6,3,4,3,343,Regular Customers
7487,53,13,150802.32,2,4,4,244,Big Spenders
7488,13,7,77545.59,4,1,2,412,Regular Customers
7489,165,11,105183.23,1,3,3,133,At Risk
7490,101,6,52859.22,2,1,1,211,Regular Customers
7491,23,8,67462.15,3,1,1,311,Regular Customers
7492,68,12,128654.54999999999,2,3,3,233,Regular Customers
7493,199,5,42356.44,1,1,1,111,At Risk
7494,1,15,140836.4,4,4,4,444,Champions
7495,48,11,120210.95999999999,3,3,3,333,Regular Customers
7496,19,8,81454.63,4,1,2,412,Regular Customers
7497,70,6,41066.26,2,1,1,211,Regular Customers
7498,20,9,98751.33,4,2,2,422,Regular Customers
7499,120,11,134325.97,1,3,3,133,At Risk
7500,61,14,177110.97,2,4,4,244,Big Spenders
7501,16,13,104398.02,4,4,2,442,Loyal Customers
7502,84,11,76817.01000000001,2,3,1,231,Regular Customers
7503,140,8,128177.48999999999,1,1,3,113,At Risk
7504,29,9,91817.14,3,2,2,322,Regular Customers
7505,92,12,131799.21,2,3,3,233,Regular Customers
7506,15,13,121459.93,4,4,3,443,Loyal Customers
7507,41,13,103914.3,3,4,2,342,Regular Customers
7508,12,13,139720.95,4,4,4,444,Champions
7509,105,10,98491.44,1,2,2,122,At Risk
7510,19,14,203376.58,4,4,4,444,Champions
7511,19,18,138866.52,4,4,4,444,Champions
7512,29,10,134234.72,3,2,3,323,Regular Customers
7513,100,8,90830.7,2,1,2,212,Regular Customers
7514,308,8,97283.97,1,1,2,112,At Risk
7515,186,3,31451.66,1,1,1,111,At Risk
7516,5,15,124647.19,4,4,3,443,Loyal Customers
7517,172,11,119574.0,1,3,3,133,At Risk
7518,26,8,117394.64,3,1,3,313,Regular Customers
7519,153,8,82151.0,1,1,2,112,At Risk
7520,86,10,103846.62,2,2,2,222,Regular Customers
7521,154,8,63149.270000000004,1,1,1,111,At Risk
7522,432,5,47441.29,1,1,1,111,At Risk
7523,14,9,82743.08,4,2,2,422,Regular Customers
7524,19,8,87731.59999999999,4,1,2,412,Regular Customers
7525,154,10,146447.75,1,2,4,124,Big Spenders
7526,219,5,45689.18,1,1,1,111,At Risk
7527,168,11,164935.34,1,3,4,134,Big Spenders
7528,57,10,86685.73,2,2,2,222,Regular Customers
7529,3,8,61868.1,4,1,1,411,Regular Customers
7530,11,6,36348.62,4,1,1,411,Regular Customers
7531,189,8,74013.98,1,1,1,111,At Risk
7532,26,12,122256.53,3,3,3,333,Regular Customers
7533,61,11,54730.369999999995,2,3,1,231,Regular Customers
7534,186,7,99230.44,1,1,2,112,At Risk
7535,4,12,151819.65,4,3,4,434,Loyal Customers
7536,15,12,113645.55,4,3,3,433,Loyal Customers
7537,86,15,188532.73,2,4,4,244,Big Spenders
7538,154,10,76382.08,1,2,1,121,At Risk
7539,18,5,36710.92,4,1,1,411,Regular Customers
7540,196,12,101175.92,1,3,2,132,At Risk
7541,105,14,187328.42,1,4,4,144,Big Spenders
7542,94,18,218628.64,2,4,4,244,Big Spenders
7543,116,10,134777.74,1,2,3,123,At Risk
7544,42,12,143231.65,3,3,4,334,Big Spenders
7545,68,8,67689.61,2,1,1,211,Regular Customers
7546,23,8,23687.49,3,1,1,311,Regular Customers
7547,14,7,60764.98,4,1,1,411,Regular Customers
7548,78,8,88514.6,2,1,2,212,Regular Customers
7549,93,7,120769.54000000001,2,1,3,213,Regular Customers
7550,109,8,84441.11,1,1,2,112,At Risk
7551,233,7,86383.55,1,1,2,112,At Risk
7552,105,10,157071.32,1,2,4,124,Big Spenders
7553,24,16,146931.52,3,4,4,344,Big Spenders
7554,111,13,125699.37999999999,1,4,3,143,At Risk
7555,28,10,152825.6,3,2,4,324,Big Spenders
7556,36,7,60399.48,3,1,1,311,Regular Customers
7557,106,9,89832.12000000001,1,2,2,122,At Risk
7558,58,9,59438.37,2,2,1,221,Regular Customers
7559,256,7,52842.979999999996,1,1,1,111,At Risk
7560,48,6,27356.46,3,1,1,311,Regular Customers
7561,112,8,60344.2,1,1,1,111,At Risk
7562,54,11,105151.89,2,3,3,233,Regular Customers
7563,79,9,89770.96,2,2,2,222,Regular Customers
7564,64,7,117420.95999999999,2,1,3,213,Regular Customers
7565,4,5,23697.600000000002,4,1,1,411,Regular Customers
7566,50,11,56445.21,3,3,1,331,Regular Customers
7567,131,8,122098.72,1,1,3,113,At Risk
7568,43,11,110590.82,3,3,3,333,Regular Customers
7569,78,8,49019.18,2,1,1,211,Regular Customers
7570,21,12,100287.29000000001,4,3,2,432,Loyal Customers
7571,17,9,90728.27,4,2,2,422,Regular Customers
7572,25,16,170104.56,3,4,4,344,Big Spenders
7573,36,9,130064.15,3,2,3,323,Regular Customers
7574,20,11,130552.71,4,3,3,433,Loyal Customers
7575,41,9,67583.74,3,2,1,321,Regular Customers
7576,89,10,97305.32,2,2,2,222,Regular Customers
7577,59,9,109384.97,2,2,3,223,Regular Customers
7578,41,7,67551.55,3,1,1,311,Regular Customers
7579,18,14,143820.23,4,4,4,444,Champions
7580,75,6,51987.28,2,1,1,211,Regular Customers
7581,22,11,165208.15,3,3,4,334,Big Spenders
7582,11,7,87488.77,4,1,2,412,Regular Customers
7583,5,5,38342.2,4,1,1,411,Regular Customers
7584,21,11,81439.64,4,3,2,432,Loyal Customers
7585,1,17,205090.9,4,4,4,444,Champions
7586,46,10,116622.35,3,2,3,323,Regular Customers
7587,130,12,132879.15,1,3,3,133,At Risk
7588,94,7,65922.53,2,1,1,211,Regular Customers
7589,36,10,119223.62,3,2,3,323,Regular Customers
7590,108,11,105556.55,1,3,3,133,At Risk
7591,62,8,90757.76000000001,2,1,2,212,Regular Customers
7592,212,6,61091.19,1,1,1,111,At Risk
7593,63,5,44295.1,2,1,1,211,Regular Customers
7594,49,12,172794.28,3,3,4,334,Big Spenders
7595,162,8,46393.67,1,1,1,111,At Risk
7596,36,11,175036.06,3,3,4,334,Big Spenders
7597,69,8,71922.66,2,1,1,211,Regular Customers
7598,191,15,140939.71,1,4,4,144,Big Spenders
7599,350,3,13619.28,1,1,1,111,At Risk
7600,31,8,60904.36,3,1,1,311,Regular Customers
7601,47,9,73364.64,3,2,1,321,Regular Customers
7602,19,10,96192.39,4,2,2,422,Regular Customers
7603,41,8,97243.04000000001,3,1,2,312,Regular Customers
7604,310,8,68031.48,1,1,1,111,At Risk
7605,245,7,122624.85999999999,1,1,3,113,At Risk
7606,16,9,106316.29,4,2,3,423,Regular Customers
7607,80,11,104521.83,2,3,3,233,Regular Customers
7608,104,5,61393.53999999999,1,1,1,111,At Risk
7609,9,9,80269.47,4,2,2,422,Regular Customers
7610,128,10,102188.8,1,2,2,122,At Risk
7611,60,5,34863.9,2,1,1,211,Regular Customers
7612,41,11,146704.58,3,3,4,334,Big Spenders
7613,286,6,71340.58,1,1,1,111,At Risk
7614,30,17,103540.12,3,4,2,342,Regular Customers
7615,101,10,54123.26,2,2,1,221,Regular Customers
7616,75,11,81754.5,2,3,2,232,Regular Customers
7617,190,9,54888.1,1,2,1,121,At Risk
7618,44,11,186821.66999999998,3,3,4,334,Big Spenders
7619,67,5,55434.770000000004,2,1,1,211,Regular Customers
7620,1,9,89061.78,4,2,2,422,Regular Customers
7621,111,9,48908.8,1,2,1,121,At Risk
7622,164,7,83580.05,1,1,2,112,At Risk
7623,11,5,28561.47,4,1,1,411,Regular Customers
7624,279,10,104186.23,1,2,2,122,At Risk
7625,66,15,157137.94,2,4,4,244,Big Spenders
7626,17,10,126837.70000000001,4,2,3,423,Regular Customers
7627,217,4,95031.73999999999,1,1,2,112,At Risk
7628,19,6,61023.94,4,1,1,411,Regular Customers
7629,21,21,247431.35,4,4,4,444,Champions
7630,28,12,117936.67,3,3,3,333,Regular Customers
7631,31,12,99643.56,3,3,2,332,Regular Customers
7632,38,10,159355.9,3,2,4,324,Big Spenders
7633,29,8,114224.84,3,1,3,313,Regular Customers
7634,287,4,66578.94,1,1,1,111,At Risk
7635,210,8,61680.96,1,1,1,111,At Risk
7636,56,16,148399.53,2,4,4,244,Big Spenders
7637,31,4,66155.54000000001,3,1,1,311,Regular Customers
7638,45,9,124361.39,3,2,3,323,Regular Customers
7639,98,5,54045.05,2,1,1,211,Regular Customers
7640,2,6,88666.45,4,1,2,412,Regular Customers
7641,102,10,127590.69,2,2,3,223,Regular Customers
7642,3,11,134868.06,4,3,3,433,Loyal Customers
7643,363,3,42888.04,1,1,1,111,At Risk
7644,16,12,125999.55,4,3,3,433,Loyal Customers
7645,6,12,139170.16,4,3,4,434,Loyal Customers
7646,162,12,140758.61,1,3,4,134,Big Spenders
7647,76,8,82578.37,2,1,2,212,Regular Customers
7648,62,9,86812.56,2,2,2,222,Regular Customers
7649,45,10,128542.33,3,2,3,323,Regular Customers
7650,197,4,38715.03,1,1,1,111,At Risk
7651,83,14,179723.12,2,4,4,244,Big Spenders
7652,51,10,176346.55,3,2,4,324,Big Spenders
7653,32,9,76161.61,3,2,1,321,Regular Customers
7654,8,9,99367.62,4,2,2,422,Regular Customers
7655,24,16,192539.75,3,4,4,344,Big Spenders
7656,114,8,90003.07,1,1,2,112,At Risk
7657,44,9,80105.56999999999,3,2,2,322,Regular Customers
7658,75,11,85765.54000000001,2,3,2,232,Regular Customers
7659,109,15,171148.64,1,4,4,144,Big Spenders
7660,51,5,44447.7,3,1,1,311,Regular Customers
7661,82,9,75846.94,2,2,1,221,Regular Customers
7662,26,11,202888.24,3,3,4,334,Big Spenders
7663,4,14,203367.89,4,4,4,444,Champions
7664,39,8,95394.01,3,1,2,312,Regular Customers
7665,1,12,144454.83,4,3,4,434,Loyal Customers
7666,21,13,193534.82,4,4,4,444,Champions
7667,50,14,187369.86,3,4,4,344,Big Spenders
7668,177,11,112684.48000000001,1,3,3,133,At Risk
7669,100,12,79796.4,2,3,2,232,Regular Customers
7670,83,10,101249.59,2,2,2,222,Regular Customers
7671,38,13,186169.05000000002,3,4,4,344,Big Spenders
7672,2,11,132649.54,4,3,3,433,Loyal Customers
7673,86,13,144077.8,2,4,4,244,Big Spenders
7674,229,5,38276.37,1,1,1,111,At Risk
7675,11,11,132000.33000000002,4,3,3,433,Loyal Customers
7676,337,6,25445.32,1,1,1,111,At Risk
7677,84,14,152615.66,2,4,4,244,Big Spenders
7678,87,9,59496.28,2,2,1,221,Regular Customers
7679,98,9,78874.38,2,2,2,222,Regular Customers
7680,36,10,96071.22,3,2,2,322,Regular Customers
7681,58,11,147476.68,2,3,4,234,Big Spenders
7682,30,9,155663.55,3,2,4,324,Big Spenders
7683,25,10,99108.98999999999,3,2,2,322,Regular Customers
7684,48,5,49198.22,3,1,1,311,Regular Customers
7685,2,12,113260.53,4,3,3,433,Loyal Customers
7686,14,9,105460.19,4,2,3,423,Regular Customers
7687,15,7,107423.46,4,1,3,413,Regular Customers
7688,178,7,78657.97,1,1,2,112,At Risk
7689,179,7,63151.68000000001,1,1,1,111,At Risk
7690,80,8,78568.61,2,1,2,212,Regular Customers
7691,14,10,96165.97,4,2,2,422,Regular Customers
7692,91,13,126364.47,2,4,3,243,Regular Customers
7693,125,6,64961.240000000005,1,1,1,111,At Risk
7694,75,7,62745.369999999995,2,1,1,211,Regular Customers
7695,5,14,103109.92,4,4,2,442,Loyal Customers
7696,2,11,93252.34,4,3,2,432,Loyal Customers
7697,146,8,70415.89,1,1,1,111,At Risk
7698,55,8,92075.02,2,1,2,212,Regular Customers
7699,4,12,133674.27,4,3,3,433,Loyal Customers
7700,8,14,120378.15000000001,4,4,3,443,Loyal Customers
7701,35,12,106064.04000000001,3,3,3,333,Regular Customers
7702,131,8,60960.67,1,1,1,111,At Risk
7703,23,11,65353.22,3,3,1,331,Regular Customers
7704,35,8,113162.29000000001,3,1,3,313,Regular Customers
7705,119,9,126264.76000000001,1,2,3,123,At Risk
7706,3,9,76589.81,4,2,1,421,Regular Customers
7707,213,9,91463.38,1,2,2,122,At Risk
7708,72,9,79437.79000000001,2,2,2,222,Regular Customers
7709,39,11,102090.85,3,3,2,332,Regular Customers
7710,305,4,33931.68,1,1,1,111,At Risk
7711,54,6,38176.62,2,1,1,211,Regular Customers
7712,104,6,76423.89,1,1,1,111,At Risk
7713,2,13,171514.74,4,4,4,444,Champions
7714,39,8,70996.61,3,1,1,311,Regular Customers
7715,189,11,138488.06,1,3,4,134,Big Spenders
7716,22,6,69978.32,3,1,1,311,Regular Customers
7717,40,8,86647.17,3,1,2,312,Regular Customers
7718,102,13,139968.97999999998,2,4,4,244,Big Spenders
7719,9,8,90166.31999999999,4,1,2,412,Regular Customers
7720,27,13,183038.61000000002,3,4,4,344,Big Spenders
7721,3,11,101765.87,4,3,2,432,Loyal Customers
7722,33,12,133467.81,3,3,3,333,Regular Customers
7723,126,13,94249.65,1,4,2,142,At Risk
7724,105,9,75929.28,1,2,1,121,At Risk
7725,92,11,148394.6,2,3,4,234,Big Spenders
7726,45,10,121781.56,3,2,3,323,Regular Customers
7727,185,12,88472.38,1,3,2,132,At Risk
7728,1,9,79508.86,4,2,2,422,Regular Customers
7729,43,15,150652.61000000002,3,4,4,344,Big Spenders
7730,10,18,143880.99,4,4,4,444,Champions
7731,4,11,144795.79,4,3,4,434,Loyal Customers
7732,100,12,121930.66,2,3,3,233,Regular Customers
7733,21,10,97545.55,4,2,2,422,Regular Customers
7734,65,12,126566.78,2,3,3,233,Regular Customers
7735,104,7,69366.92,1,1,1,111,At Risk
7736,77,10,121636.19,2,2,3,223,Regular Customers
7737,190,10,144819.87,1,2,4,124,Big Spenders
7738,40,10,140372.72,3,2,4,324,Big Spenders
7739,95,11,153675.11,2,3,4,234,Big Spenders
7740,10,16,125144.76,4,4,3,443,Loyal Customers
7741,8,12,142484.49,4,3,4,434,Loyal Customers
7742,11,9,100655.52,4,2,2,422,Regular Customers
7743,29,8,91529.51000000001,3,1,2,312,Regular Customers
7744,82,13,179484.38,2,4,4,244,Big Spenders
7745,453,8,57462.79,1,1,1,111,At Risk
7746,5,10,101893.18,4,2,2,422,Regular Customers
7747,22,7,38771.49,3,1,1,311,Regular Customers
7748,16,15,249400.0,4,4,4,444,Champions
7749,7,8,80947.03,4,1,2,412,Regular Customers
7750,18,8,111036.67,4,1,3,413,Regular Customers
7751,41,14,187897.52,3,4,4,344,Big Spenders
7752,35,12,168582.9,3,3,4,334,Big Spenders
7753,152,11,162224.66,1,3,4,134,Big Spenders
7754,35,11,170214.25,3,3,4,334,Big Spenders
7755,76,12,116044.39,2,3,3,233,Regular Customers
7756,40,15,185980.73,3,4,4,344,Big Spenders
7757,43,15,134310.76,3,4,3,343,Regular Customers
7758,30,11,109880.37,3,3,3,333,Regular Customers
7759,92,9,110355.07,2,2,3,223,Regular Customers
7760,23,11,93502.26,3,3,2,332,Regular Customers
7761,85,9,94503.61,2,2,2,222,Regular Customers
7762,22,9,130328.16,3,2,3,323,Regular Customers
7763,59,11,160365.63,2,3,4,234,Big Spenders
7764,5,12,122044.36,4,3,3,433,Loyal Customers
7765,11,11,160313.61000000002,4,3,4,434,Loyal Customers
7766,6,9,130319.79000000001,4,2,3,423,Regular Customers
7767,115,6,79510.24,1,1,2,112,At Risk
7768,57,10,94379.12,2,2,2,222,Regular Customers
7769,7,10,133830.97,4,2,3,423,Regular Customers
7770,26,9,143376.37,3,2,4,324,Big Spenders
7771,107,8,63911.829999999994,1,1,1,111,At Risk
7772,81,10,88801.56,2,2,2,222,Regular Customers
7773,129,11,112694.76000000001,1,3,3,133,At Risk
7774,104,9,148740.68,1,2,4,124,Big Spenders
7775,126,5,24925.31,1,1,1,111,At Risk
7776,48,7,52692.57,3,1,1,311,Regular Customers
7777,64,6,52199.14,2,1,1,211,Regular Customers
7778,149,9,70611.4,1,2,1,121,At Risk
7779,337,9,131482.68,1,2,3,123,At Risk
7780,83,14,103983.19,2,4,2,242,Regular Customers
7781,7,13,127118.53,4,4,3,443,Loyal Customers
7782,48,7,86222.15,3,1,2,312,Regular Customers
7783,176,7,65289.03,1,1,1,111,At Risk
7784,276,4,13116.85,1,1,1,111,At Risk
7785,167,9,95321.76,1,2,2,122,At Risk
7786,11,11,97713.22,4,3,2,432,Loyal Customers
7787,4,6,79568.44,4,1,2,412,Regular Customers
7788,23,11,126103.56,3,3,3,333,Regular Customers
7789,38,9,112031.21,3,2,3,323,Regular Customers
7790,40,9,76155.26,3,2,1,321,Regular Customers
7791,50,11,160780.8,3,3,4,334,Big Spenders
7792,49,12,72126.29,3,3,1,331,Regular Customers
7793,31,10,163819.49,3,2,4,324,Big Spenders
7794,62,6,47335.72,2,1,1,211,Regular Customers
7795,55,13,146203.12,2,4,4,244,Big Spenders
7796,18,11,135508.74,4,3,3,433,Loyal Customers
7797,62,8,53580.3,2,1,1,211,Regular Customers
7798,15,11,138920.11000000002,4,3,4,434,Loyal Customers
7799,17,7,53964.93,4,1,1,411,Regular Customers
7800,25,13,130257.7,3,4,3,343,Regular Customers
7801,11,10,111929.0,4,2,3,423,Regular Customers
7802,85,6,45079.95,2,1,1,211,Regular Customers
7803,115,10,127382.8,1,2,3,123,At Risk
7804,76,12,132521.08,2,3,3,233,Regular Customers
7805,91,6,78911.21,2,1,2,212,Regular Customers
7806,188,9,82819.95,1,2,2,122,At Risk
7807,96,6,85500.5,2,1,2,212,Regular Customers
7808,7,3,56038.590000000004,4,1,1,411,Regular Customers
7809,1,15,153502.22,4,4,4,444,Champions
7810,240,10,136541.97,1,2,4,124,Big Spenders
7811,18,10,91751.75,4,2,2,422,Regular Customers
7812,94,7,92386.43,2,1,2,212,Regular Customers
7813,52,7,42310.35,2,1,1,211,Regular Customers
7814,104,10,86328.5,1,2,2,122,At Risk
7815,76,9,122743.96,2,2,3,223,Regular Customers
7816,21,4,22824.39,4,1,1,411,Regular Customers
7817,41,7,52300.45,3,1,1,311,Regular Customers
7818,99,13,121993.04999999999,2,4,3,243,Regular Customers
7819,25,12,163998.32,3,3,4,334,Big Spenders
7820,522,5,67254.17,1,1,1,111,At Risk
7821,8,12,148472.31,4,3,4,434,Loyal Customers
7822,161,11,141369.86000000002,1,3,4,134,Big Spenders
7823,36,15,179934.14,3,4,4,344,Big Spenders
7824,49,9,122846.37,3,2,3,323,Regular Customers
7825,4,11,197911.52000000002,4,3,4,434,Loyal Customers
7826,35,8,72263.01,3,1,1,311,Regular Customers
7827,5,11,117489.09,4,3,3,433,Loyal Customers
7828,24,6,38789.45,3,1,1,311,Regular Customers
7829,98,6,63326.93,2,1,1,211,Regular Customers
7830,91,13,118309.38,2,4,3,243,Regular Customers
7831,17,8,117826.11,4,1,3,413,Regular Customers
7832,33,9,143801.66999999998,3,2,4,324,Big Spenders
7833,90,13,148296.35,2,4,4,244,Big Spenders
7834,86,15,173197.18,2,4,4,244,Big Spenders
7835,123,13,209135.42,1,4,4,144,Big Spenders
7836,63,10,97366.91,2,2,2,222,Regular Customers
7837,226,5,54593.23,1,1,1,111,At Risk
7838,52,9,91268.72,2,2,2,222,Regular Customers
7839,23,10,167431.97,3,2,4,324,Big Spenders
7840,62,13,173814.4,2,4,4,244,Big Spenders
7841,62,14,132195.24,2,4,3,243,Regular Customers
7842,79,10,51947.47,2,2,1,221,Regular Customers
7843,128,8,78473.18000000001,1,1,2,112,At Risk
7844,63,7,109582.47,2,1,3,213,Regular Customers
7845,36,7,84750.62,3,1,2,312,Regular Customers
7846,65,13,121122.37,2,4,3,243,Regular Customers
7847,12,9,116738.43,4,2,3,423,Regular Customers
7848,46,13,114626.73,3,4,3,343,Regular Customers
7849,89,9,69395.72,2,2,1,221,Regular Customers
7850,29,8,88831.55,3,1,2,312,Regular Customers
7851,62,6,61213.74,2,1,1,211,Regular Customers
7852,49,9,100735.58,3,2,2,322,Regular Customers
7853,41,14,194764.26,3,4,4,344,Big Spenders
7854,171,11,107123.58,1,3,3,133,At Risk
7855,15,5,101363.48999999999,4,1,2,412,Regular Customers
7856,21,8,100630.04,4,1,2,412,Regular Customers
7857,13,13,127146.73000000001,4,4,3,443,Loyal Customers
7858,130,8,80527.36,1,1,2,112,At Risk
7859,72,13,137764.57,2,4,4,244,Big Spenders
7860,57,12,151733.78,2,3,4,234,Big Spenders
7861,162,8,86717.01,1,1,2,112,At Risk
7862,50,11,118990.49,3,3,3,333,Regular Customers
7863,49,6,40758.07,3,1,1,311,Regular Customers
7864,185,7,52134.03,1,1,1,111,At Risk
7865,27,6,62539.03,3,1,1,311,Regular Customers
7866,86,9,88086.37000000001,2,2,2,222,Regular Customers
7867,119,8,72029.49,1,1,1,111,At Risk
7868,30,11,133551.94,3,3,3,333,Regular Customers
7869,27,12,142477.37,3,3,4,334,Big Spenders
7870,114,9,106215.67,1,2,3,123,At Risk
7871,30,7,67233.77,3,1,1,311,Regular Customers
7872,43,18,248019.45,3,4,4,344,Big Spenders
7873,42,11,130381.94,3,3,3,333,Regular Customers
7874,262,7,81859.87,1,1,2,112,At Risk
7875,22,16,215970.41999999998,3,4,4,344,Big Spenders
7876,94,6,54579.8,2,1,1,211,Regular Customers
7877,46,10,124877.45999999999,3,2,3,323,Regular Customers
7878,32,13,179702.09,3,4,4,344,Big Spenders
7879,1,13,176703.38999999998,4,4,4,444,Champions
7880,39,7,68985.55,3,1,1,311,Regular Customers
7881,97,15,170232.07,2,4,4,244,Big Spenders
7882,33,13,122233.23000000001,3,4,3,343,Regular Customers
7883,78,10,96828.5,2,2,2,222,Regular Customers
7884,88,13,105095.29000000001,2,4,3,243,Regular Customers
7885,9,6,71884.59,4,1,1,411,Regular Customers
7886,5,16,128839.42,4,4,3,443,Loyal Customers
7887,191,5,48384.68,1,1,1,111,At Risk
7888,9,18,155620.75,4,4,4,444,Champions
7889,60,8,77052.55,2,1,2,212,Regular Customers
7890,224,9,91623.44,1,2,2,122,At Risk
7891,1,12,109039.63,4,3,3,433,Loyal Customers
7892,43,5,46043.6,3,1,1,311,Regular Customers
7893,108,11,159210.7,1,3,4,134,Big Spenders
7894,103,6,54668.380000000005,1,1,1,111,At Risk
7895,58,9,117137.87,2,2,3,223,Regular Customers
7896,29,7,65601.95,3,1,1,311,Regular Customers
7897,455,3,21187.6,1,1,1,111,At Risk
7898,37,10,113674.96,3,2,3,323,Regular Customers
7899,27,11,140763.97,3,3,4,334,Big Spenders
7900,60,7,77404.44,2,1,2,212,Regular Customers
7901,28,5,80077.14,3,1,2,312,Regular Customers
7902,69,8,124183.99,2,1,3,213,Regular Customers
7903,41,5,44499.99,3,1,1,311,Regular Customers
7904,1,10,73142.85,4,2,1,421,Regular Customers
7905,49,11,149185.59,3,3,4,334,Big Spenders
7906,197,13,105405.61,1,4,3,143,At Risk
7907,41,9,65468.700000000004,3,2,1,321,Regular Customers
7908,7,19,253169.07,4,4,4,444,Champions
7909,212,10,88868.13,1,2,2,122,At Risk
7910,87,9,58177.67,2,2,1,221,Regular Customers
7911,4,12,118894.81,4,3,3,433,Loyal Customers
7912,24,8,125178.61,3,1,3,313,Regular Customers
7913,95,9,76174.07,2,2,1,221,Regular Customers
7914,24,9,70672.86,3,2,1,321,Regular Customers
7915,3,8,96889.83,4,1,2,412,Regular Customers
7916,27,7,52804.02,3,1,1,311,Regular Customers
7917,124,8,51534.72,1,1,1,111,At Risk
7918,102,8,78339.67,2,1,2,212,Regular Customers
7919,14,10,151738.83,4,2,4,424,Big Spenders
7920,102,10,93954.81999999999,2,2,2,222,Regular Customers
7921,43,9,80753.42,3,2,2,322,Regular Customers
7922,91,8,91177.69,2,1,2,212,Regular Customers
7923,158,7,75428.44,1,1,1,111,At Risk
7924,16,11,130494.03,4,3,3,433,Loyal Customers
7925,14,14,128864.29,4,4,3,443,Loyal Customers
7926,109,12,118497.71,1,3,3,133,At Risk
7927,86,12,125023.79,2,3,3,233,Regular Customers
7928,8,7,80152.14,4,1,2,412,Regular Customers
7929,37,13,107358.37,3,4,3,343,Regular Customers
7930,57,11,116572.88,2,3,3,233,Regular Customers
7931,268,12,103826.44,1,3,2,132,At Risk
7932,61,7,74876.17,2,1,1,211,Regular Customers
7933,15,8,88158.57,4,1,2,412,Regular Customers
7934,71,10,127246.75,2,2,3,223,Regular Customers
7935,69,8,91115.73,2,1,2,212,Regular Customers
7936,17,10,62552.36,4,2,1,421,Regular Customers
7937,87,13,234848.58,2,4,4,244,Big Spenders
7938,27,13,117070.0,3,4,3,343,Regular Customers
7939,117,10,128696.57,1,2,3,123,At Risk
7940,87,10,103380.98999999999,2,2,2,222,Regular Customers
7941,20,8,99501.41,4,1,2,412,Regular Customers
7942,32,10,169178.25,3,2,4,324,Big Spenders
7943,36,5,32159.97,3,1,1,311,Regular Customers
7944,20,10,128175.09,4,2,3,423,Regular Customers
7945,66,11,147233.64,2,3,4,234,Big Spenders
7946,104,9,96339.53,1,2,2,122,At Risk
7947,42,15,208865.64,3,4,4,344,Big Spenders
7948,26,5,34443.03,3,1,1,311,Regular Customers
7949,15,9,92631.77,4,2,2,422,Regular Customers
7950,48,13,123819.65,3,4,3,343,Regular Customers
7951,14,17,152205.32,4,4,4,444,Champions
7952,167,9,86480.8,1,2,2,122,At Risk
7953,8,11,119162.42,4,3,3,433,Loyal Customers
7954,12,11,131157.05000000002,4,3,3,433,Loyal Customers
7955,157,11,133331.69,1,3,3,133,At Risk
7956,38,7,53849.59,3,1,1,311,Regular Customers
7957,129,8,68265.14,1,1,1,111,At Risk
7958,115,10,123209.92000000001,1,2,3,123,At Risk
7959,25,9,137995.23,3,2,4,324,Big Spenders
7960,69,12,99318.01000000001,2,3,2,232,Regular Customers
7961,25,10,66057.0,3,2,1,321,Regular Customers
7962,321,6,94384.97,1,1,2,112,At Risk
7963,6,15,176960.7,4,4,4,444,Champions
7964,200,6,82302.85,1,1,2,112,At Risk
7965,51,13,147842.85,3,4,4,344,Big Spenders
7966,146,7,86706.36,1,1,2,112,At Risk
7967,33,14,172374.44,3,4,4,344,Big Spenders
7968,1,14,174994.21,4,4,4,444,Champions
7969,150,11,126664.81999999999,1,3,3,133,At Risk
7970,47,5,36139.880000000005,3,1,1,311,Regular Customers
7971,72,15,166716.37,2,4,4,244,Big Spenders
7972,38,8,65207.590000000004,3,1,1,311,Regular Customers
7973,48,8,86087.15,3,1,2,312,Regular Customers
7974,104,3,34728.72,1,1,1,111,At Risk
7975,17,10,114343.76000000001,4,2,3,423,Regular Customers
7976,15,12,72529.36,4,3,1,431,Loyal Customers
7977,87,16,188183.28,2,4,4,244,Big Spenders
7978,124,8,110880.93000000001,1,1,3,113,At Risk
7979,20,9,95322.63,4,2,2,422,Regular Customers
7980,34,9,116363.18000000001,3,2,3,323,Regular Customers
7981,61,12,100662.73,2,3,2,232,Regular Customers
7982,30,18,145290.1,3,4,4,344,Big Spenders
7983,387,8,111090.17,1,1,3,113,At Risk
7984,300,6,56913.18,1,1,1,111,At Risk
7985,93,15,187001.25,2,4,4,244,Big Spenders
7986,88,5,34961.2,2,1,1,211,Regular Customers
7987,140,8,91884.39,1,1,2,112,At Risk
7988,104,7,81812.83,1,1,2,112,At Risk
7989,42,12,97172.75,3,3,2,332,Regular Customers
7990,41,9,73221.22,3,2,1,321,Regular Customers
7991,53,10,136103.25,2,2,4,224,Big Spenders
7992,57,6,99290.68000000001,2,1,2,212,Regular Customers
7993,2,13,180937.72999999998,4,4,4,444,Champions
7994,217,8,79159.11,1,1,2,112,At Risk
7995,43,16,208070.18,3,4,4,344,Big Spenders
7996,7,15,197606.53,4,4,4,444,Champions
7997,59,7,76544.33,2,1,1,211,Regular Customers
7998,167,9,84268.20999999999,1,2,2,122,At Risk
7999,81,9,84933.23999999999,2,2,2,222,Regular Customers
8000,85,7,49951.55,2,1,1,211,Regular Customers
8001,21,12,105190.72,4,3,3,433,Loyal Customers
8002,81,7,83848.28,2,1,2,212,Regular Customers
8003,14,10,96058.56,4,2,2,422,Regular Customers
8004,6,11,99492.47,4,3,2,432,Loyal Customers
8005,48,18,209466.4,3,4,4,344,Big Spenders
8006,77,8,69054.37,2,1,1,211,Regular Customers
8007,228,7,32529.67,1,1,1,111,At Risk
8008,19,9,117700.12,4,2,3,423,Regular Customers
8009,5,9,125125.96,4,2,3,423,Regular Customers
8010,43,9,79196.19,3,2,2,322,Regular Customers
8011,193,5,22924.48,1,1,1,111,At Risk
8012,30,13,81652.38,3,4,2,342,Regular Customers
8013,36,12,123079.68000000001,3,3,3,333,Regular Customers
8014,81,5,47370.02,2,1,1,211,Regular Customers
8015,91,7,57954.92,2,1,1,211,Regular Customers
8016,1,11,144503.94,4,3,4,434,Loyal Customers
8017,343,5,57142.22,1,1,1,111,At Risk
8018,410,7,68521.37,1,1,1,111,At Risk
8019,13,9,90664.24,4,2,2,422,Regular Customers
8020,72,12,178346.78,2,3,4,234,Big Spenders
8021,50,6,20729.28,3,1,1,311,Regular Customers
8022,78,14,102792.3,2,4,2,242,Regular Customers
8023,20,13,123407.04000000001,4,4,3,443,Loyal Customers
8024,136,9,80776.98,1,2,2,122,At Risk
8025,112,8,70705.04,1,1,1,111,At Risk
8026,47,6,43501.130000000005,3,1,1,311,Regular Customers
8027,251,5,63453.85,1,1,1,111,At Risk
8028,282,7,78867.70999999999,1,1,2,112,At Risk
8029,68,13,116333.70999999999,2,4,3,243,Regular Customers
8030,12,8,80389.05,4,1,2,412,Regular Customers
8031,213,11,105169.88,1,3,3,133,At Risk
8032,83,9,155930.7,2,2,4,224,Big Spenders
8033,36,12,128473.03,3,3,3,333,Regular Customers
8034,67,10,121736.72,2,2,3,223,Regular Customers
8035,206,10,84498.79,1,2,2,122,At Risk
8036,93,10,121115.14,2,2,3,223,Regular Customers
8037,98,12,140726.1,2,3,4,234,Big Spenders
8038,14,10,60734.5,4,2,1,421,Regular Customers
8039,210,14,108626.37,1,4,3,143,At Risk
8040,129,9,97525.22,1,2,2,122,At Risk
8041,56,9,105333.89,2,2,3,223,Regular Customers
8042,126,12,80533.25,1,3,2,132,At Risk
8043,16,8,77971.64,4,1,2,412,Regular Customers
8044,11,7,96739.58,4,1,2,412,Regular Customers
8045,54,6,81439.81,2,1,2,212,Regular Customers
8046,9,11,159369.88,4,3,4,434,Loyal Customers
8047,87,6,50622.86,2,1,1,211,Regular Customers
8048,90,9,89968.69,2,2,2,222,Regular Customers
8049,33,8,112870.69,3,1,3,313,Regular Customers
8050,115,13,142031.03,1,4,4,144,Big Spenders
8051,4,11,134321.7,4,3,3,433,Loyal Customers
8052,37,9,52934.37,3,2,1,321,Regular Customers
8053,104,8,100694.22,1,1,2,112,At Risk
8054,25,11,89863.37,3,3,2,332,Regular Customers
8055,130,8,117407.55,1,1,3,113,At Risk
8056,147,9,115904.0,1,2,3,123,At Risk
8057,19,14,152278.38999999998,4,4,4,444,Champions
8058,39,10,91026.09,3,2,2,322,Regular Customers
8059,47,7,111798.68,3,1,3,313,Regular Customers
8060,117,8,114688.97,1,1,3,113,At Risk
8061,203,9,59678.58,1,2,1,121,At Risk
8062,11,11,87702.08,4,3,2,432,Loyal Customers
8063,226,7,46746.88,1,1,1,111,At Risk
8064,92,11,115897.22,2,3,3,233,Regular Customers
8065,141,9,91025.59,1,2,2,122,At Risk
8066,42,13,120251.62,3,4,3,343,Regular Customers
8067,48,7,95480.15,3,1,2,312,Regular Customers
8068,39,10,149635.53,3,2,4,324,Big Spenders
8069,84,12,130867.17,2,3,3,233,Regular Customers
8070,113,11,114519.26,1,3,3,133,At Risk
8071,16,12,156264.59,4,3,4,434,Loyal Customers
8072,38,4,13064.94,3,1,1,311,Regular Customers
8073,173,12,137872.11,1,3,4,134,Big Spenders
8074,79,10,109027.94,2,2,3,223,Regular Customers
8075,64,11,141103.32,2,3,4,234,Big Spenders
8076,47,9,129818.68000000001,3,2,3,323,Regular Customers
8077,26,13,121890.08,3,4,3,343,Regular Customers
8078,57,16,233040.98,2,4,4,244,Big Spenders
8079,286,9,64015.82,1,2,1,121,At Risk
8080,58,12,161391.22,2,3,4,234,Big Spenders
8081,18,12,134517.97,4,3,3,433,Loyal Customers
8082,58,11,141967.52,2,3,4,234,Big Spenders
8083,10,8,82427.27,4,1,2,412,Regular Customers
8084,14,11,108703.68,4,3,3,433,Loyal Customers
8085,83,13,190743.48,2,4,4,244,Big Spenders
8086,58,11,142099.0,2,3,4,234,Big Spenders
8087,29,10,107333.56999999999,3,2,3,323,Regular Customers
8088,11,15,126042.23,4,4,3,443,Loyal Customers
8089,24,11,150874.58000000002,3,3,4,334,Big Spenders
8090,89,9,69920.7,2,2,1,221,Regular Customers
8091,48,14,156064.05,3,4,4,344,Big Spenders
8092,66,13,178647.76,2,4,4,244,Big Spenders
8093,22,9,119840.31,3,2,3,323,Regular Customers
8094,149,7,75054.06,1,1,1,111,At Risk
8095,17,10,87674.41,4,2,2,422,Regular Customers
8096,21,9,52372.99,4,2,1,421,Regular Customers
8097,124,13,187490.38,1,4,4,144,Big Spenders
8098,25,12,150562.88,3,3,4,334,Big Spenders
8099,5,13,181291.04,4,4,4,444,Champions
8100,8,13,151366.24,4,4,4,444,Champions
8101,71,7,59618.92,2,1,1,211,Regular Customers
8102,10,9,91271.29000000001,4,2,2,422,Regular Customers
8103,3,10,107281.72,4,2,3,423,Regular Customers
8104,16,9,70894.17,4,2,1,421,Regular Customers
8105,97,9,81990.73999999999,2,2,2,222,Regular Customers
8106,15,6,82653.57,4,1,2,412,Regular Customers
8107,68,9,58866.99,2,2,1,221,Regular Customers
8108,60,9,85489.53,2,2,2,222,Regular Customers
8109,19,12,133563.75,4,3,3,433,Loyal Customers
8110,78,11,75909.09,2,3,1,231,Regular Customers
8111,21,10,78450.82,4,2,2,422,Regular Customers
8112,62,8,104132.61,2,1,2,212,Regular Customers
8113,22,13,98240.51000000001,3,4,2,342,Regular Customers
8114,115,4,41363.299999999996,1,1,1,111,At Risk
8115,5,14,141078.22,4,4,4,444,Champions
8116,15,12,136416.83000000002,4,3,4,434,Loyal Customers
8117,39,8,71303.47,3,1,1,311,Regular Customers
8118,33,19,180762.61000000002,3,4,4,344,Big Spenders
8119,100,10,124264.85,2,2,3,223,Regular Customers
8120,13,13,100363.47,4,4,2,442,Loyal Customers
8121,21,10,151172.64,4,2,4,424,Big Spenders
8122,108,8,104220.68,1,1,2,112,At Risk
8123,29,12,95752.17,3,3,2,332,Regular Customers
8124,30,5,39742.46,3,1,1,311,Regular Customers
8125,44,11,89163.17,3,3,2,332,Regular Customers
8126,67,13,156949.06,2,4,4,244,Big Spenders
8127,15,11,144931.87,4,3,4,434,Loyal Customers
8128,59,13,75797.59999999999,2,4,1,241,Regular Customers
8129,106,5,61028.44,1,1,1,111,At Risk
8130,14,10,125378.93,4,2,3,423,Regular Customers
8131,26,11,89489.58,3,3,2,332,Regular Customers
8132,38,12,167395.69,3,3,4,334,Big Spenders
8133,65,14,196321.65,2,4,4,244,Big Spenders
8134,41,11,112490.91,3,3,3,333,Regular Customers
8135,329,7,60736.31,1,1,1,111,At Risk
8136,123,5,64869.73,1,1,1,111,At Risk
8137,65,14,148881.17,2,4,4,244,Big Spenders
8138,326,10,98020.69,1,2,2,122,At Risk
8139,36,7,89867.82,3,1,2,312,Regular Customers
8140,84,10,94148.11,2,2,2,222,Regular Customers
8141,117,7,53562.560000000005,1,1,1,111,At Risk
8142,6,6,74803.98,4,1,1,411,Regular Customers
8143,36,12,184504.48,3,3,4,334,Big Spenders
8144,38,11,97151.93,3,3,2,332,Regular Customers
8145,12,11,161375.69,4,3,4,434,Loyal Customers
8146,87,7,65535.520000000004,2,1,1,211,Regular Customers
8147,104,11,104832.28,1,3,3,133,At Risk
8148,98,5,44914.84,2,1,1,211,Regular Customers
8149,2,7,100797.01000000001,4,1,2,412,Regular Customers
8150,205,12,147083.41999999998,1,3,4,134,Big Spenders
8151,19,6,53377.04,4,1,1,411,Regular Customers
8152,56,14,152501.25,2,4,4,244,Big Spenders
8153,27,9,100458.14,3,2,2,322,Regular Customers
8154,110,10,101712.5,1,2,2,122,At Risk
8155,94,9,72255.72,2,2,1,221,Regular Customers
8156,53,9,104899.59,2,2,3,223,Regular Customers
8157,86,7,99652.1,2,1,2,212,Regular Customers
8158,68,13,132951.08000000002,2,4,3,243,Regular Customers
8159,88,8,95375.93,2,1,2,212,Regular Customers
8160,1,13,182140.08,4,4,4,444,Champions
8161,98,11,60542.11,2,3,1,231,Regular Customers
8162,90,13,134218.57,2,4,3,243,Regular Customers
8163,92,18,193363.1,2,4,4,244,Big Spenders
8164,2,8,111913.88,4,1,3,413,Regular Customers
8165,14,9,82632.79,4,2,2,422,Regular Customers
8166,16,12,116336.49,4,3,3,433,Loyal Customers
8167,86,7,73784.79000000001,2,1,1,211,Regular Customers
8168,153,8,102624.08,1,1,2,112,At Risk
8169,66,12,125495.11,2,3,3,233,Regular Customers
8170,70,6,54512.75,2,1,1,211,Regular Customers
8171,17,9,70636.87,4,2,1,421,Regular Customers
8172,68,13,163855.21,2,4,4,244,Big Spenders
8173,47,12,166601.74,3,3,4,334,Big Spenders
8174,25,7,59937.68,3,1,1,311,Regular Customers
8175,2,14,182050.46,4,4,4,444,Champions
8176,139,7,108302.68,1,1,3,113,At Risk
8177,27,14,152902.76,3,4,4,344,Big Spenders
8178,4,10,140956.91,4,2,4,424,Big Spenders
8179,4,10,99453.03,4,2,2,422,Regular Customers
8180,1,11,100024.66,4,3,2,432,Loyal Customers
8181,158,10,158171.56,1,2,4,124,Big Spenders
8182,85,13,172811.58000000002,2,4,4,244,Big Spenders
8183,73,10,99388.33,2,2,2,222,Regular Customers
8184,96,9,36075.08,2,2,1,221,Regular Customers
8185,9,15,203160.93,4,4,4,444,Champions
8186,48,16,143871.95,3,4,4,344,Big Spenders
8187,136,7,61961.3,1,1,1,111,At Risk
8188,7,13,179438.55,4,4,4,444,Champions
8189,111,12,120089.90999999999,1,3,3,133,At Risk
8190,68,11,92511.56999999999,2,3,2,232,Regular Customers
8191,36,9,97831.2,3,2,2,322,Regular Customers
8192,23,15,90464.93,3,4,2,342,Regular Customers
8193,16,10,103742.8,4,2,2,422,Regular Customers
8194,69,8,87984.8,2,1,2,212,Regular Customers
8195,14,7,34950.29,4,1,1,411,Regular Customers
8196,69,11,118362.95000000001,2,3,3,233,Regular Customers
8197,2,15,168489.53,4,4,4,444,Champions
8198,4,13,201259.74,4,4,4,444,Champions
8199,125,10,85675.0,1,2,2,122,At Risk
8200,7,9,110429.57,4,2,3,423,Regular Customers
8201,4,17,138316.04,4,4,4,444,Champions
8202,93,11,108741.0,2,3,3,233,Regular Customers
8203,85,10,80355.01,2,2,2,222,Regular Customers
8204,77,8,60070.25,2,1,1,211,Regular Customers
8205,35,6,61929.020000000004,3,1,1,311,Regular Customers
8206,83,15,188581.33000000002,2,4,4,244,Big Spenders
8207,28,12,120553.76,3,3,3,333,Regular Customers
8208,2,9,66133.42,4,2,1,421,Regular Customers
8209,19,14,247112.6,4,4,4,444,Champions
8210,147,5,41917.39,1,1,1,111,At Risk
8211,27,10,101279.53,3,2,2,322,Regular Customers
8212,77,13,160033.6,2,4,4,244,Big Spenders
8213,121,12,123224.1,1,3,3,133,At Risk
8214,87,15,132567.07,2,4,3,243,Regular Customers
8215,49,8,64474.49,3,1,1,311,Regular Customers
8216,14,5,42438.770000000004,4,1,1,411,Regular Customers
8217,29,8,126881.57,3,1,3,313,Regular Customers
8218,28,9,89930.53,3,2,2,322,Regular Customers
8219,21,9,113961.02,4,2,3,423,Regular Customers
8220,191,13,164331.56,1,4,4,144,Big Spenders
8221,26,11,86100.41,3,3,2,332,Regular Customers
8222,197,9,151944.83,1,2,4,124,Big Spenders
8223,1,14,234918.59,4,4,4,444,Champions
8224,137,7,31763.29,1,1,1,111,At Risk
8225,41,10,184761.05000000002,3,2,4,324,Big Spenders
8226,1,12,135215.06,4,3,3,433,Loyal Customers
8227,15,16,112053.41,4,4,3,443,Loyal Customers
8228,58,9,83565.72,2,2,2,222,Regular Customers
8229,141,15,152107.03,1,4,4,144,Big Spenders
8230,14,11,141184.25,4,3,4,434,Loyal Customers
8231,64,15,175873.05,2,4,4,244,Big Spenders
8232,22,7,115071.75,3,1,3,313,Regular Customers
8233,35,6,107399.34,3,1,3,313,Regular Customers
8234,10,9,97751.56,4,2,2,422,Regular Customers
8235,18,2,22786.61,4,1,1,411,Regular Customers
8236,149,5,73415.57999999999,1,1,1,111,At Risk
8237,22,3,60113.83,3,1,1,311,Regular Customers
8238,3,13,112173.23,4,4,3,443,Loyal Customers
8239,334,8,121685.72,1,1,3,113,At Risk
8240,27,13,114299.79,3,4,3,343,Regular Customers
8241,77,9,166376.05,2,2,4,224,Big Spenders
8242,198,5,44527.72,1,1,1,111,At Risk
8243,21,9,101733.81999999999,4,2,2,422,Regular Customers
8244,58,13,182979.43,2,4,4,244,Big Spenders
8245,15,5,111103.88,4,1,3,413,Regular Customers
8246,164,12,94641.39,1,3,2,132,At Risk
8247,48,19,209334.72,3,4,4,344,Big Spenders
8248,54,8,72859.46,2,1,1,211,Regular Customers
8249,128,10,127581.18,1,2,3,123,At Risk
8250,62,10,96517.70999999999,2,2,2,222,Regular Customers
8251,53,17,148226.72,2,4,4,244,Big Spenders
8252,82,8,71937.01,2,1,1,211,Regular Customers
8253,103,7,130970.95,1,1,3,113,At Risk
8254,23,11,95992.02,3,3,2,332,Regular Customers
8255,61,14,136948.87,2,4,4,244,Big Spenders
8256,26,11,93100.37,3,3,2,332,Regular Customers
8257,23,6,59209.24,3,1,1,311,Regular Customers
8258,13,7,103100.62,4,1,2,412,Regular Customers
8259,324,6,73819.9,1,1,1,111,At Risk
8260,195,6,75903.27,1,1,1,111,At Risk
8261,79,16,164327.41,2,4,4,244,Big Spenders
8262,14,9,95902.20999999999,4,2,2,422,Regular Customers
8263,25,10,73312.18,3,2,1,321,Regular Customers
8264,66,13,134833.36,2,4,3,243,Regular Customers
8265,70,17,176154.13,2,4,4,244,Big Spenders
8266,173,7,48226.96,1,1,1,111,At Risk
8267,8,13,129124.50000000001,4,4,3,443,Loyal Customers
8268,21,14,152537.35,4,4,4,444,Champions
8269,90,7,78871.69,2,1,2,212,Regular Customers
8270,39,10,93683.21,3,2,2,322,Regular Customers
8271,37,8,89121.55,3,1,2,312,Regular Customers
8272,50,7,68002.95999999999,3,1,1,311,Regular Customers
8273,17,11,130268.66,4,3,3,433,Loyal Customers
8274,89,11,117089.73,2,3,3,233,Regular Customers
8275,6,15,146854.23,4,4,4,444,Champions
8276,7,12,106290.09,4,3,3,433,Loyal Customers
8277,80,8,101329.93,2,1,2,212,Regular Customers
8278,81,10,129069.94,2,2,3,223,Regular Customers
8279,53,8,71698.66,2,1,1,211,Regular Customers
8280,19,15,155978.72,4,4,4,444,Champions
8281,63,6,46196.76,2,1,1,211,Regular Customers
8282,61,6,67216.11,2,1,1,211,Regular Customers
8283,208,12,122602.02,1,3,3,133,At Risk
8284,113,10,105566.85,1,2,3,123,At Risk
8285,298,8,52450.72,1,1,1,111,At Risk
8286,30,10,65536.54,3,2,1,321,Regular Customers
8287,67,12,117671.33,2,3,3,233,Regular Customers
8288,47,13,197617.57,3,4,4,344,Big Spenders
8289,116,7,80080.3,1,1,2,112,At Risk
8290,313,8,97184.33,1,1,2,112,At Risk
8291,134,9,52527.82,1,2,1,121,At Risk
8292,46,9,119759.94,3,2,3,323,Regular Customers
8293,192,9,87416.83,1,2,2,122,At Risk
8294,128,11,152387.0,1,3,4,134,Big Spenders
8295,72,8,57358.56,2,1,1,211,Regular Customers
8296,253,8,99964.73,1,1,2,112,At Risk
8297,281,3,57301.26,1,1,1,111,At Risk
8298,110,11,115784.1,1,3,3,133,At Risk
8299,22,7,95517.84,3,1,2,312,Regular Customers
8300,90,7,77475.88,2,1,2,212,Regular Customers
8301,198,10,178321.48,1,2,4,124,Big Spenders
8302,133,8,118014.42,1,1,3,113,At Risk
8303,57,11,139723.82,2,3,4,234,Big Spenders
8304,7,13,108287.20999999999,4,4,3,443,Loyal Customers
8305,43,13,107496.04000000001,3,4,3,343,Regular Customers
8306,6,8,59284.130000000005,4,1,1,411,Regular Customers
8307,86,9,99622.86,2,2,2,222,Regular Customers
8308,48,14,194187.92,3,4,4,344,Big Spenders
8309,150,15,138172.04,1,4,4,144,Big Spenders
8310,81,11,146854.25,2,3,4,234,Big Spenders
8311,40,12,79677.09,3,3,2,332,Regular Customers
8312,46,12,139316.95,3,3,4,334,Big Spenders
8313,71,7,89117.19,2,1,2,212,Regular Customers
8314,9,13,183968.65,4,4,4,444,Champions
8315,200,4,41943.42,1,1,1,111,At Risk
8316,157,8,79241.24,1,1,2,112,At Risk
8317,72,10,79699.79000000001,2,2,2,222,Regular Customers
8318,151,12,184879.45,1,3,4,134,Big Spenders
8319,70,8,62368.64,2,1,1,211,Regular Customers
8320,12,8,46283.79,4,1,1,411,Regular Customers
8321,7,12,96158.29999999999,4,3,2,432,Loyal Customers
8322,155,10,122789.37,1,2,3,123,At Risk
8323,45,7,55491.82,3,1,1,311,Regular Customers
8324,169,8,102210.0,1,1,2,112,At Risk
8325,3,15,124791.62,4,4,3,443,Loyal Customers
8326,173,10,136273.54,1,2,4,124,Big Spenders
8327,232,5,55472.18,1,1,1,111,At Risk
8328,96,12,126599.79000000001,2,3,3,233,Regular Customers
8329,82,13,116256.46,2,4,3,243,Regular Customers
8330,10,1,1956.47,4,1,1,411,Regular Customers
8331,154,13,191272.24,1,4,4,144,Big Spenders
8332,141,8,89698.72,1,1,2,112,At Risk
8333,90,6,21876.45,2,1,1,211,Regular Customers
8334,102,10,79922.81,2,2,2,222,Regular Customers
8335,56,12,107765.37,2,3,3,233,Regular Customers
8336,209,13,171955.98,1,4,4,144,Big Spenders
8337,145,8,91215.92,1,1,2,112,At Risk
8338,53,16,178821.38,2,4,4,244,Big Spenders
8339,97,13,129419.92,2,4,3,243,Regular Customers
8340,16,5,34469.88,4,1,1,411,Regular Customers
8341,63,9,97962.25,2,2,2,222,Regular Customers
8342,75,12,138714.46,2,3,4,234,Big Spenders
8343,10,13,179012.61,4,4,4,444,Champions
8344,28,7,99537.78,3,1,2,312,Regular Customers
8345,75,5,62068.590000000004,2,1,1,211,Regular Customers
8346,174,5,71446.54,1,1,1,111,At Risk
8347,99,8,63618.02,2,1,1,211,Regular Customers
8348,177,11,109224.56999999999,1,3,3,133,At Risk
8349,57,12,102762.79,2,3,2,232,Regular Customers
8350,27,11,166282.77,3,3,4,334,Big Spenders
8351,107,13,136468.15,1,4,4,144,Big Spenders
8352,54,13,173854.65,2,4,4,244,Big Spenders
8353,15,14,160693.77,4,4,4,444,Champions
8354,82,13,140633.32,2,4,4,244,Big Spenders
8355,15,20,276619.95,4,4,4,444,Champions
8356,69,9,125094.48,2,2,3,223,Regular Customers
8357,43,9,99274.04000000001,3,2,2,322,Regular Customers
8358,2,14,105362.48999999999,4,4,3,443,Loyal Customers
8359,113,11,134035.5,1,3,3,133,At Risk
8360,51,14,142699.31,3,4,4,344,Big Spenders
8361,51,10,88677.33,3,2,2,322,Regular Customers
8362,150,8,102726.62,1,1,2,112,At Risk
8363,39,5,51029.59,3,1,1,311,Regular Customers
8364,269,11,149313.81,1,3,4,134,Big Spenders
8365,26,11,106375.85,3,3,3,333,Regular Customers
8366,42,15,147845.8,3,4,4,344,Big Spenders
8367,13,10,116072.73999999999,4,2,3,423,Regular Customers
8368,125,10,93779.16,1,2,2,122,At Risk
8369,13,8,47627.45,4,1,1,411,Regular Customers
8370,12,8,93413.67,4,1,2,412,Regular Customers
8371,110,6,71124.33,1,1,1,111,At Risk
8372,83,8,65682.6,2,1,1,211,Regular Customers
8373,39,11,177191.8,3,3,4,334,Big Spenders
8374,83,10,113500.25,2,2,3,223,Regular Customers
8375,50,8,75649.57,3,1,1,311,Regular Customers
8376,39,18,276282.9,3,4,4,344,Big Spenders
8377,3,14,136167.77000000002,4,4,4,444,Champions
8378,46,14,147441.88999999998,3,4,4,344,Big Spenders
8379,26,9,112645.88,3,2,3,323,Regular Customers
8380,41,9,133014.75,3,2,3,323,Regular Customers
8381,97,11,113828.26999999999,2,3,3,233,Regular Customers
8382,197,8,79865.76,1,1,2,112,At Risk
8383,23,13,148887.76,3,4,4,344,Big Spenders
8384,443,3,52355.49,1,1,1,111,At Risk
8385,10,8,84663.06,4,1,2,412,Regular Customers
8386,2,10,76662.42,4,2,1,421,Regular Customers
8387,18,17,232603.62,4,4,4,444,Champions
8388,21,7,77655.8,4,1,2,412,Regular Customers
8389,210,7,48327.16,1,1,1,111,At Risk
8390,30,7,102079.87,3,1,2,312,Regular Customers
8391,2,14,145699.49,4,4,4,444,Champions
8392,4,9,61294.42,4,2,1,421,Regular Customers
8393,45,14,152336.17,3,4,4,344,Big Spenders
8394,207,10,86931.51,1,2,2,122,At Risk
8395,113,12,129360.75,1,3,3,133,At Risk
8396,43,10,118336.18,3,2,3,323,Regular Customers
8397,131,15,105166.87,1,4,3,143,At Risk
8398,91,9,116433.68,2,2,3,223,Regular Customers
8399,56,5,59301.76,2,1,1,211,Regular Customers
8400,36,11,125263.02,3,3,3,333,Regular Customers
8401,41,13,140656.78,3,4,4,344,Big Spenders
8402,25,13,108640.96,3,4,3,343,Regular Customers
8403,41,10,137593.54,3,2,4,324,Big Spenders
8404,41,9,107928.99,3,2,3,323,Regular Customers
8405,19,14,164935.61,4,4,4,444,Champions
8406,1,11,188351.99,4,3,4,434,Loyal Customers
8407,18,10,82137.17,4,2,2,422,Regular Customers
8408,152,7,64652.59,1,1,1,111,At Risk
8409,28,15,173844.75,3,4,4,344,Big Spenders
8410,18,11,105859.15,4,3,3,433,Loyal Customers
8411,42,11,144729.91999999998,3,3,4,334,Big Spenders
8412,9,8,72486.37,4,1,1,411,Regular Customers
8413,191,8,107164.09999999999,1,1,3,113,At Risk
8414,30,8,97428.53,3,1,2,312,Regular Customers
8415,144,7,62089.509999999995,1,1,1,111,At Risk
8416,88,11,130333.26999999999,2,3,3,233,Regular Customers
8417,53,10,96852.02,2,2,2,222,Regular Customers
8418,14,12,104167.25,4,3,2,432,Loyal Customers
8419,12,15,136750.19,4,4,4,444,Champions
8420,63,9,96813.17,2,2,2,222,Regular Customers
8421,76,8,67049.62,2,1,1,211,Regular Customers
8422,53,7,64432.02,2,1,1,211,Regular Customers
8423,52,14,173172.13,2,4,4,244,Big Spenders
8424,94,15,154166.38999999998,2,4,4,244,Big Spenders
8425,32,13,80360.1,3,4,2,342,Regular Customers
8426,201,9,70955.01000000001,1,2,1,121,At Risk
8427,88,9,113265.63,2,2,3,223,Regular Customers
8428,52,9,55466.64,2,2,1,221,Regular Customers
8429,104,7,63124.11,1,1,1,111,At Risk
8430,161,5,47039.15,1,1,1,111,At Risk
8431,111,4,49336.920000000006,1,1,1,111,At Risk
8432,45,15,226984.47,3,4,4,344,Big Spenders
8433,20,9,113955.86,4,2,3,423,Regular Customers
8434,19,7,73702.93,4,1,1,411,Regular Customers
8435,89,6,67210.6,2,1,1,211,Regular Customers
8436,48,11,141015.39,3,3,4,334,Big Spenders
8437,10,8,83977.94,4,1,2,412,Regular Customers
8438,53,9,71040.56,2,2,1,221,Regular Customers
8439,15,11,126701.58,4,3,3,433,Loyal Customers
8440,41,16,174095.28,3,4,4,344,Big Spenders
8441,22,14,119195.51999999999,3,4,3,343,Regular Customers
8442,45,13,109798.2,3,4,3,343,Regular Customers
8443,12,14,131835.87,4,4,3,443,Loyal Customers
8444,122,9,92807.43,1,2,2,122,At Risk
8445,101,15,154591.45,2,4,4,244,Big Spenders
8446,156,10,84754.97,1,2,2,122,At Risk
8447,41,12,110516.06,3,3,3,333,Regular Customers
8448,10,12,189516.58000000002,4,3,4,434,Loyal Customers
8449,38,5,30286.59,3,1,1,311,Regular Customers
8450,168,7,76512.31999999999,1,1,1,111,At Risk
8451,186,9,74140.15,1,2,1,121,At Risk
8452,31,11,94454.06,3,3,2,332,Regular Customers
8453,7,14,163212.34,4,4,4,444,Champions
8454,72,13,127039.76,2,4,3,243,Regular Customers
8455,27,8,71518.22,3,1,1,311,Regular Customers
8456,38,10,156102.87,3,2,4,324,Big Spenders
8457,36,8,79951.16,3,1,2,312,Regular Customers
8458,103,8,102986.44,1,1,2,112,At Risk
8459,228,9,81337.03,1,2,2,122,At Risk
8460,168,10,113220.20999999999,1,2,3,123,At Risk
8461,87,7,88985.19,2,1,2,212,Regular Customers
8462,156,9,118336.84,1,2,3,123,At Risk
8463,106,9,79684.32,1,2,2,122,At Risk
8464,162,8,76282.39,1,1,1,111,At Risk
8465,37,10,103190.15,3,2,2,322,Regular Customers
8466,50,14,195426.8,3,4,4,344,Big Spenders
8467,7,8,114846.56999999999,4,1,3,413,Regular Customers
8468,10,15,135025.88,4,4,3,443,Loyal Customers
8469,30,12,113709.14,3,3,3,333,Regular Customers
8470,75,12,210908.54,2,3,4,234,Big Spenders
8471,10,11,120718.76,4,3,3,433,Loyal Customers
8472,10,11,188257.15,4,3,4,434,Loyal Customers
8473,196,6,58923.94,1,1,1,111,At Risk
8474,110,6,63077.049999999996,1,1,1,111,At Risk
8475,51,9,75452.28,3,2,1,321,Regular Customers
8476,43,8,121070.93000000001,3,1,3,313,Regular Customers
8477,17,11,134286.11,4,3,3,433,Loyal Customers
8478,48,12,98783.49,3,3,2,332,Regular Customers
8479,125,15,181266.57,1,4,4,144,Big Spenders
8480,71,8,53361.37,2,1,1,211,Regular Customers
8481,9,12,133906.85,4,3,3,433,Loyal Customers
8482,110,16,215692.04,1,4,4,144,Big Spenders
8483,23,13,97342.5,3,4,2,342,Regular Customers
8484,100,6,78786.66,2,1,2,212,Regular Customers
8485,16,6,103565.97,4,1,2,412,Regular Customers
8486,37,10,135564.66999999998,3,2,3,323,Regular Customers
8487,66,10,97337.88,2,2,2,222,Regular Customers
8488,36,12,186833.97,3,3,4,334,Big Spenders
8489,319,3,42475.05,1,1,1,111,At Risk
8490,239,11,83815.81999999999,1,3,2,132,At Risk
8491,9,13,120692.33,4,4,3,443,Loyal Customers
8492,12,9,121644.1,4,2,3,423,Regular Customers
8493,40,17,169766.01,3,4,4,344,Big Spenders
8494,10,8,109927.03,4,1,3,413,Regular Customers
8495,56,12,160548.38,2,3,4,234,Big Spenders
8496,63,6,79995.84,2,1,2,212,Regular Customers
8497,24,17,175466.79,3,4,4,344,Big Spenders
8498,31,7,51287.94,3,1,1,311,Regular Customers
8499,148,10,70932.06,1,2,1,121,At Risk
8500,101,12,95107.21,2,3,2,232,Regular Customers
8501,259,5,38501.159999999996,1,1,1,111,At Risk
8502,52,14,126748.56,2,4,3,243,Regular Customers
8503,145,8,116447.22,1,1,3,113,At Risk
8504,80,7,114984.43000000001,2,1,3,213,Regular Customers
8505,166,12,87681.33,1,3,2,132,At Risk
8506,11,18,223759.51,4,4,4,444,Champions
8507,20,3,59867.33,4,1,1,411,Regular Customers
8508,49,14,247552.83000000002,3,4,4,344,Big Spenders
8509,3,13,123881.12,4,4,3,443,Loyal Customers
8510,116,19,205666.59,1,4,4,144,Big Spenders
8511,118,13,152474.77,1,4,4,144,Big Spenders
8512,11,12,83285.85,4,3,2,432,Loyal Customers
8513,1,9,89335.76999999999,4,2,2,422,Regular Customers
8514,453,5,40828.130000000005,1,1,1,111,At Risk
8515,18,11,117000.47,4,3,3,433,Loyal Customers
8516,257,5,94379.85999999999,1,1,2,112,At Risk
8517,84,12,129150.26,2,3,3,233,Regular Customers
8518,36,7,104631.01999999999,3,1,3,313,Regular Customers
8519,48,10,79421.28,3,2,2,322,Regular Customers
8520,319,7,45018.19,1,1,1,111,At Risk
8521,85,6,84811.99,2,1,2,212,Regular Customers
8522,8,13,172819.68,4,4,4,444,Champions
8523,25,10,95975.44,3,2,2,322,Regular Customers
8524,76,10,80816.1,2,2,2,222,Regular Customers
8525,135,10,80556.82,1,2,2,122,At Risk
8526,37,8,100313.62,3,1,2,312,Regular Customers
8527,20,10,156444.94,4,2,4,424,Big Spenders
8528,43,10,93492.1,3,2,2,322,Regular Customers
8529,16,8,99568.64,4,1,2,412,Regular Customers
8530,59,15,164916.65,2,4,4,244,Big Spenders
8531,158,7,63365.65,1,1,1,111,At Risk
8532,121,14,87835.73,1,4,2,142,At Risk
8533,74,15,141420.14,2,4,4,244,Big Spenders
8534,54,14,119264.78,2,4,3,243,Regular Customers
8535,11,13,128232.43,4,4,3,443,Loyal Customers
8536,120,7,123452.68,1,1,3,113,At Risk
8537,46,12,118682.24,3,3,3,333,Regular Customers
8538,1,12,215546.5,4,3,4,434,Loyal Customers
8539,15,13,174153.82,4,4,4,444,Champions
8540,246,9,87536.94,1,2,2,122,At Risk
8541,55,10,87832.20999999999,2,2,2,222,Regular Customers
8542,52,9,99942.51000000001,2,2,2,222,Regular Customers
8543,316,10,60545.29,1,2,1,121,At Risk
8544,45,7,54212.84,3,1,1,311,Regular Customers
8545,55,13,190635.6,2,4,4,244,Big Spenders
8546,58,5,45662.46,2,1,1,211,Regular Customers
8547,71,11,118377.47,2,3,3,233,Regular Customers
8548,27,14,124507.52,3,4,3,343,Regular Customers
8549,97,12,106480.0,2,3,3,233,Regular Customers
8550,7,12,121739.02,4,3,3,433,Loyal Customers
8551,39,6,65689.23,3,1,1,311,Regular Customers
8552,9,17,151293.49,4,4,4,444,Champions
8553,83,12,196981.13,2,3,4,234,Big Spenders
8554,122,7,82426.12,1,1,2,112,At Risk
8555,22,8,132353.88,3,1,3,313,Regular Customers
8556,21,18,191931.6,4,4,4,444,Champions
8557,39,11,102561.39,3,3,2,332,Regular Customers
8558,19,5,36900.92,4,1,1,411,Regular Customers
8559,51,4,91070.5,3,1,2,312,Regular Customers
8560,77,9,140068.14,2,2,4,224,Big Spenders
8561,51,14,172195.93,3,4,4,344,Big Spenders
8562,87,6,39185.450000000004,2,1,1,211,Regular Customers
8563,6,15,162081.44999999998,4,4,4,444,Champions
8564,145,5,36504.97,1,1,1,111,At Risk
8565,27,8,75174.81,3,1,1,311,Regular Customers
8566,68,9,95425.38,2,2,2,222,Regular Customers
8567,19,9,152289.84,4,2,4,424,Big Spenders
8568,37,6,76356.72,3,1,1,311,Regular Customers
8569,4,7,83469.86,4,1,2,412,Regular Customers
8570,63,13,165058.07,2,4,4,244,Big Spenders
8571,96,7,59405.61,2,1,1,211,Regular Customers
8572,77,10,159649.06,2,2,4,224,Big Spenders
8573,16,12,145398.43,4,3,4,434,Loyal Customers
8574,288,7,56404.19,1,1,1,111,At Risk
8575,59,7,48420.3,2,1,1,211,Regular Customers
8576,136,3,29255.34,1,1,1,111,At Risk
8577,7,5,46654.33,4,1,1,411,Regular Customers
8578,5,11,133634.3,4,3,3,433,Loyal Customers
8579,49,11,135887.2,3,3,4,334,Big Spenders
8580,177,7,48624.659999999996,1,1,1,111,At Risk
8581,121,6,71622.79999999999,1,1,1,111,At Risk
8582,63,12,134472.86,2,3,3,233,Regular Customers
8583,46,14,172312.16,3,4,4,344,Big Spenders
8584,12,10,115933.77,4,2,3,423,Regular Customers
8585,139,10,95127.97,1,2,2,122,At Risk
8586,2,16,202214.45,4,4,4,444,Champions
8587,53,10,117959.22,2,2,3,223,Regular Customers
8588,20,11,124428.78,4,3,3,433,Loyal Customers
8589,160,3,9029.75,1,1,1,111,At Risk
8590,123,12,154561.62,1,3,4,134,Big Spenders
8591,118,10,131862.96,1,2,3,123,At Risk
8592,33,12,89825.86,3,3,2,332,Regular Customers
8593,90,8,72505.97,2,1,1,211,Regular Customers
8594,200,10,150703.61,1,2,4,124,Big Spenders
8595,78,7,105719.43,2,1,3,213,Regular Customers
8596,121,5,79294.8,1,1,2,112,At Risk
8597,26,7,64935.03,3,1,1,311,Regular Customers
8598,9,12,120616.2,4,3,3,433,Loyal Customers
8599,112,7,111610.12,1,1,3,113,At Risk
8600,52,7,56360.43,2,1,1,211,Regular Customers
8601,8,8,77842.24,4,1,2,412,Regular Customers
8602,86,6,39130.600000000006,2,1,1,211,Regular Customers
8603,120,9,105771.05,1,2,3,123,At Risk
8604,5,10,110257.08,4,2,3,423,Regular Customers
8605,150,12,184611.65,1,3,4,134,Big Spenders
8606,151,13,112796.32,1,4,3,143,At Risk
8607,50,13,143208.13,3,4,4,344,Big Spenders
8608,84,6,79870.31,2,1,2,212,Regular Customers
8609,7,10,98236.3,4,2,2,422,Regular Customers
8610,122,8,65812.33,1,1,1,111,At Risk
8611,37,12,129135.45,3,3,3,333,Regular Customers
8612,82,15,212448.47,2,4,4,244,Big Spenders
8613,53,13,153370.83,2,4,4,244,Big Spenders
8614,48,13,156607.2,3,4,4,344,Big Spenders
8615,283,10,72399.24,1,2,1,121,At Risk
8616,11,9,75284.28,4,2,1,421,Regular Customers
8617,37,10,134335.8,3,2,3,323,Regular Customers
8618,15,12,171191.81,4,3,4,434,Loyal Customers
8619,112,11,106267.95,1,3,3,133,At Risk
8620,6,12,210446.54,4,3,4,434,Loyal Customers
8621,42,9,73932.86,3,2,1,321,Regular Customers
8622,96,10,80846.36,2,2,2,222,Regular Customers
8623,85,12,136988.01,2,3,4,234,Big Spenders
8624,37,18,205401.93,3,4,4,344,Big Spenders
8625,78,14,186530.76,2,4,4,244,Big Spenders
8626,59,12,123837.28,2,3,3,233,Regular Customers
8627,40,7,80168.54,3,1,2,312,Regular Customers
8628,143,14,121436.17,1,4,3,143,At Risk
8629,81,9,95881.37000000001,2,2,2,222,Regular Customers
8630,8,10,121664.61,4,2,3,423,Regular Customers
8631,11,7,34198.65,4,1,1,411,Regular Customers
8632,41,17,208953.06,3,4,4,344,Big Spenders
8633,13,6,54691.41,4,1,1,411,Regular Customers
8634,141,6,60017.4,1,1,1,111,At Risk
8635,14,6,63767.56,4,1,1,411,Regular Customers
8636,38,10,127690.77,3,2,3,323,Regular Customers
8637,35,7,54715.49,3,1,1,311,Regular Customers
8638,12,11,153608.03,4,3,4,434,Loyal Customers
8639,31,8,70436.13,3,1,1,311,Regular Customers
8640,108,8,99501.28,1,1,2,112,At Risk
8641,8,11,92915.40000000001,4,3,2,432,Loyal Customers
8642,17,4,42201.189999999995,4,1,1,411,Regular Customers
8643,121,6,84281.07,1,1,2,112,At Risk
8644,122,11,111542.92,1,3,3,133,At Risk
8645,12,11,182491.31,4,3,4,434,Loyal Customers
8646,2,15,173588.26,4,4,4,444,Champions
8647,8,7,30854.69,4,1,1,411,Regular Customers
8648,22,10,113727.14,3,2,3,323,Regular Customers
8649,18,13,143811.87,4,4,4,444,Champions
8650,9,12,126180.24,4,3,3,433,Loyal Customers
8651,49,7,74708.72,3,1,1,311,Regular Customers
8652,82,11,81571.95,2,3,2,232,Regular Customers
8653,58,14,194633.8,2,4,4,244,Big Spenders
8654,25,11,141001.69,3,3,4,334,Big Spenders
8655,108,6,77382.48,1,1,2,112,At Risk
8656,51,12,166392.48,3,3,4,334,Big Spenders
8657,30,10,57216.26,3,2,1,321,Regular Customers
8658,77,10,52464.37,2,2,1,221,Regular Customers
8659,55,11,110978.8,2,3,3,233,Regular Customers
8660,90,8,37812.93,2,1,1,211,Regular Customers
8661,14,15,112187.64,4,4,3,443,Loyal Customers
8662,145,9,78673.02,1,2,2,122,At Risk
8663,94,10,127981.92,2,2,3,223,Regular Customers
8664,21,13,208082.77,4,4,4,444,Champions
8665,9,8,71038.2,4,1,1,411,Regular Customers
8666,153,16,155944.91,1,4,4,144,Big Spenders
8667,159,8,146673.87,1,1,4,114,Big Spenders
8668,20,8,90640.04999999999,4,1,2,412,Regular Customers
8669,4,10,94482.53,4,2,2,422,Regular Customers
8670,120,10,125247.71,1,2,3,123,At Risk
8671,92,19,211476.07,2,4,4,244,Big Spenders
8672,45,14,131202.27,3,4,3,343,Regular Customers
8673,44,14,125861.26999999999,3,4,3,343,Regular Customers
8674,74,17,165569.0,2,4,4,244,Big Spenders
8675,5,8,73753.81,4,1,1,411,Regular Customers
8676,64,10,135518.66999999998,2,2,3,223,Regular Customers
8677,36,8,68233.76,3,1,1,311,Regular Customers
8678,105,12,97790.76,1,3,2,132,At Risk
8679,21,13,104630.31,4,4,3,443,Loyal Customers
8680,46,6,61970.0,3,1,1,311,Regular Customers
8681,43,9,76936.14,3,2,2,322,Regular Customers
8682,4,12,92050.47,4,3,2,432,Loyal Customers
8683,24,10,146004.97,3,2,4,324,Big Spenders
8684,38,5,70341.76,3,1,1,311,Regular Customers
8685,93,8,117908.94,2,1,3,213,Regular Customers
8686,108,7,61031.11,1,1,1,111,At Risk
8687,55,14,189992.63,2,4,4,244,Big Spenders
8688,79,11,190306.39,2,3,4,234,Big Spenders
8689,45,6,67099.84999999999,3,1,1,311,Regular Customers
8690,64,9,99154.52,2,2,2,222,Regular Customers
8691,27,9,83658.45,3,2,2,322,Regular Customers
8692,17,9,100788.06,4,2,2,422,Regular Customers
8693,13,10,148290.37,4,2,4,424,Big Spenders
8694,6,11,110557.11,4,3,3,433,Loyal Customers
8695,22,12,89402.47,3,3,2,332,Regular Customers
8696,5,9,70775.03,4,2,1,421,Regular Customers
8697,7,12,123140.61,4,3,3,433,Loyal Customers
8698,19,11,85582.09,4,3,2,432,Loyal Customers
8699,47,7,105430.28,3,1,3,313,Regular Customers
8700,98,7,54954.25,2,1,1,211,Regular Customers
8701,50,7,69069.27,3,1,1,311,Regular Customers
8702,89,12,182202.21,2,3,4,234,Big Spenders
8703,109,12,124149.13,1,3,3,133,At Risk
8704,123,7,78967.78,1,1,2,112,At Risk
8705,10,13,152565.63,4,4,4,444,Champions
8706,22,7,84399.66,3,1,2,312,Regular Customers
8707,178,10,104506.59,1,2,3,123,At Risk
8708,228,12,148945.47999999998,1,3,4,134,Big Spenders
8709,81,8,66250.47,2,1,1,211,Regular Customers
8710,15,12,138386.9,4,3,4,434,Loyal Customers
8711,20,6,111336.34,4,1,3,413,Regular Customers
8712,61,7,36047.479999999996,2,1,1,211,Regular Customers
8713,195,11,87623.65,1,3,2,132,At Risk
8714,19,8,69251.58,4,1,1,411,Regular Customers
8715,2,17,260120.76,4,4,4,444,Champions
8716,19,10,105782.73,4,2,3,423,Regular Customers
8717,153,5,58152.64,1,1,1,111,At Risk
8718,65,12,130368.57,2,3,3,233,Regular Customers
8719,113,9,77827.54,1,2,2,122,At Risk
8720,68,8,79054.39,2,1,2,212,Regular Customers
8721,113,10,107297.66,1,2,3,123,At Risk
8722,68,7,105043.56999999999,2,1,3,213,Regular Customers
8723,406,5,48516.96000000001,1,1,1,111,At Risk
8724,24,11,116061.09999999999,3,3,3,333,Regular Customers
8725,158,7,83595.18,1,1,2,112,At Risk
8726,90,7,68209.56,2,1,1,211,Regular Customers
8727,16,12,166024.06,4,3,4,434,Loyal Customers
8728,113,7,80101.28,1,1,2,112,At Risk
8729,60,11,143496.47,2,3,4,234,Big Spenders
8730,66,5,45216.24,2,1,1,211,Regular Customers
8731,71,8,53595.08,2,1,1,211,Regular Customers
8732,25,10,123989.57,3,2,3,323,Regular Customers
8733,3,10,125068.88,4,2,3,423,Regular Customers
8734,127,9,109740.25,1,2,3,123,At Risk
8735,31,13,102722.5,3,4,2,342,Regular Customers
8736,4,9,144750.31,4,2,4,424,Big Spenders
8737,7,13,187666.13,4,4,4,444,Champions
8738,205,7,43095.78,1,1,1,111,At Risk
8739,121,10,124332.99,1,2,3,123,At Risk
8740,32,15,147830.97,3,4,4,344,Big Spenders
8741,70,8,91330.94,2,1,2,212,Regular Customers
8742,2,6,57562.97,4,1,1,411,Regular Customers
8743,251,10,139481.66,1,2,4,124,Big Spenders
8744,128,9,89255.86,1,2,2,122,At Risk
8745,25,17,181724.91,3,4,4,344,Big Spenders
8746,38,11,129342.86,3,3,3,333,Regular Customers
8747,26,11,90230.06,3,3,2,332,Regular Customers
8748,88,6,67948.66,2,1,1,211,Regular Customers
8749,37,17,162409.47,3,4,4,344,Big Spenders
8750,36,15,189245.3,3,4,4,344,Big Spenders
8751,106,9,89724.52,1,2,2,122,At Risk
8752,40,13,114994.01,3,4,3,343,Regular Customers
8753,226,10,94527.68000000001,1,2,2,122,At Risk
8754,80,11,101772.05,2,3,2,232,Regular Customers
8755,45,14,112347.66,3,4,3,343,Regular Customers
8756,78,16,138252.95,2,4,4,244,Big Spenders
8757,173,6,61699.31,1,1,1,111,At Risk
8758,108,7,25398.23,1,1,1,111,At Risk
8759,96,14,162991.88,2,4,4,244,Big Spenders
8760,3,11,137775.76,4,3,4,434,Loyal Customers
8761,133,9,92731.32999999999,1,2,2,122,At Risk
8762,101,7,48801.66,2,1,1,211,Regular Customers
8763,29,8,60109.87,3,1,1,311,Regular Customers
8764,71,10,77733.61,2,2,2,222,Regular Customers
8765,26,7,39062.07,3,1,1,311,Regular Customers
8766,113,6,51945.76,1,1,1,111,At Risk
8767,14,9,79044.37,4,2,2,422,Regular Customers
8768,203,9,91139.01000000001,1,2,2,122,At Risk
8769,11,13,196170.74,4,4,4,444,Champions
8770,250,10,111143.14,1,2,3,123,At Risk
8771,46,10,136402.83000000002,3,2,4,324,Big Spenders
8772,63,10,125438.59999999999,2,2,3,223,Regular Customers
8773,26,13,157529.44,3,4,4,344,Big Spenders
8774,142,9,96415.87,1,2,2,122,At Risk
8775,56,4,64260.90000000001,2,1,1,211,Regular Customers
8776,314,6,48294.200000000004,1,1,1,111,At Risk
8777,14,10,207267.58,4,2,4,424,Big Spenders
8778,59,11,142634.77,2,3,4,234,Big Spenders
8779,35,8,120470.85999999999,3,1,3,313,Regular Customers
8780,62,8,123481.03,2,1,3,213,Regular Customers
8781,33,8,55159.810000000005,3,1,1,311,Regular Customers
8782,3,11,82099.03,4,3,2,432,Loyal Customers
8783,7,10,138791.95,4,2,4,424,Big Spenders
8784,110,9,117905.93,1,2,3,123,At Risk
8785,92,13,133241.65,2,4,3,243,Regular Customers
8786,130,6,41726.97,1,1,1,111,At Risk
8787,115,11,122966.53,1,3,3,133,At Risk
8788,238,9,97656.26999999999,1,2,2,122,At Risk
8789,71,14,145992.57,2,4,4,244,Big Spenders
8790,90,4,84576.97,2,1,2,212,Regular Customers
8791,21,15,139076.19,4,4,4,444,Champions
8792,63,5,34206.82,2,1,1,211,Regular Customers
8793,40,8,87414.52,3,1,2,312,Regular Customers
8794,7,13,152804.84,4,4,4,444,Champions
8795,145,3,44883.42,1,1,1,111,At Risk
8796,38,10,86504.09,3,2,2,322,Regular Customers
8797,38,7,79588.4,3,1,2,312,Regular Customers
8798,38,9,49420.92,3,2,1,321,Regular Customers
8799,6,11,59018.35,4,3,1,431,Loyal Customers
8800,108,18,210107.61,1,4,4,144,Big Spenders
8801,130,11,125202.13,1,3,3,133,At Risk
8802,144,10,75017.04000000001,1,2,1,121,At Risk
8803,45,13,175855.67,3,4,4,344,Big Spenders
8804,261,6,45797.65,1,1,1,111,At Risk
8805,145,13,180835.9,1,4,4,144,Big Spenders
8806,3,6,48795.21000000001,4,1,1,411,Regular Customers
8807,89,7,98070.34,2,1,2,212,Regular Customers
8808,38,14,119383.95,3,4,3,343,Regular Customers
8809,78,11,125443.01999999999,2,3,3,233,Regular Customers
8810,1,9,49243.91,4,2,1,421,Regular Customers
8811,100,10,82522.87,2,2,2,222,Regular Customers
8812,71,11,104499.86,2,3,3,233,Regular Customers
8813,150,8,107943.0,1,1,3,113,At Risk
8814,4,11,144739.07,4,3,4,434,Loyal Customers
8815,20,15,137763.88,4,4,4,444,Champions
8816,14,14,147383.94,4,4,4,444,Champions
8817,359,2,9361.22,1,1,1,111,At Risk
8818,70,12,84194.38,2,3,2,232,Regular Customers
8819,61,12,159196.55,2,3,4,234,Big Spenders
8820,27,11,105824.47,3,3,3,333,Regular Customers
8821,5,12,80976.19,4,3,2,432,Loyal Customers
8822,61,14,190091.13,2,4,4,244,Big Spenders
8823,355,11,96294.02,1,3,2,132,At Risk
8824,65,7,83823.15000000001,2,1,2,212,Regular Customers
8825,29,20,163871.78,3,4,4,344,Big Spenders
8826,189,8,83300.61,1,1,2,112,At Risk
8827,104,15,120256.34,1,4,3,143,At Risk
8828,24,14,176412.38999999998,3,4,4,344,Big Spenders
8829,1,15,191130.82,4,4,4,444,Champions
8830,17,15,179488.69,4,4,4,444,Champions
8831,190,9,99820.94,1,2,2,122,At Risk
8832,24,11,160887.71,3,3,4,334,Big Spenders
8833,14,11,90326.06,4,3,2,432,Loyal Customers
8834,60,11,94459.52,2,3,2,232,Regular Customers
8835,116,9,87126.5,1,2,2,122,At Risk
8836,12,11,99937.34,4,3,2,432,Loyal Customers
8837,57,7,59375.030000000006,2,1,1,211,Regular Customers
8838,14,12,130516.27,4,3,3,433,Loyal Customers
8839,19,17,177798.49,4,4,4,444,Champions
8840,8,11,120684.78,4,3,3,433,Loyal Customers
8841,203,5,63122.94,1,1,1,111,At Risk
8842,220,10,85049.43,1,2,2,122,At Risk
8843,30,9,132211.59,3,2,3,323,Regular Customers
8844,140,19,165731.91,1,4,4,144,Big Spenders
8845,67,15,217570.05,2,4,4,244,Big Spenders
8846,65,12,129086.73,2,3,3,233,Regular Customers
8847,69,7,77311.0,2,1,2,212,Regular Customers
8848,59,14,139656.86,2,4,4,244,Big Spenders
8849,2,12,164090.12,4,3,4,434,Loyal Customers
8850,195,7,62966.020000000004,1,1,1,111,At Risk
8851,46,11,112796.84,3,3,3,333,Regular Customers
8852,180,13,141660.94,1,4,4,144,Big Spenders
8853,25,16,212166.61000000002,3,4,4,344,Big Spenders
8854,213,12,72834.20999999999,1,3,1,131,At Risk
8855,22,8,110376.98,3,1,3,313,Regular Customers
8856,59,12,122591.65000000001,2,3,3,233,Regular Customers
8857,106,4,43146.19,1,1,1,111,At Risk
8858,70,10,92284.17,2,2,2,222,Regular Customers
8859,141,7,91974.61,1,1,2,112,At Risk
8860,9,10,112584.84,4,2,3,423,Regular Customers
8861,195,13,162717.61,1,4,4,144,Big Spenders
8862,26,10,106724.51,3,2,3,323,Regular Customers
8863,165,3,14919.100000000002,1,1,1,111,At Risk
8864,70,11,140054.88,2,3,4,234,Big Spenders
8865,54,8,136328.68,2,1,4,214,Big Spenders
8866,27,10,120314.12,3,2,3,323,Regular Customers
8867,55,10,97066.33,2,2,2,222,Regular Customers
8868,5,12,151057.18,4,3,4,434,Loyal Customers
8869,10,12,146818.26,4,3,4,434,Loyal Customers
8870,8,14,100790.63,4,4,2,442,Loyal Customers
8871,6,16,166525.17,4,4,4,444,Champions
8872,235,8,77064.65,1,1,2,112,At Risk
8873,73,6,59525.77,2,1,1,211,Regular Customers
8874,71,8,97553.73,2,1,2,212,Regular Customers
8875,274,9,99544.29,1,2,2,122,At Risk
8876,19,9,119927.61,4,2,3,423,Regular Customers
8877,5,9,61290.520000000004,4,2,1,421,Regular Customers
8878,137,9,87633.1,1,2,2,122,At Risk
8879,62,7,73303.87999999999,2,1,1,211,Regular Customers
8880,46,9,101071.94,3,2,2,322,Regular Customers
8881,93,12,117605.98,2,3,3,233,Regular Customers
8882,11,8,83416.06,4,1,2,412,Regular Customers
8883,83,12,95406.03,2,3,2,232,Regular Customers
8884,134,8,31278.199999999997,1,1,1,111,At Risk
8885,4,15,202064.17,4,4,4,444,Champions
8886,152,8,91847.62,1,1,2,112,At Risk
8887,47,11,86881.01,3,3,2,332,Regular Customers
8888,114,9,75736.47,1,2,1,121,At Risk
8889,6,6,46893.88,4,1,1,411,Regular Customers
8890,83,8,76005.55,2,1,1,211,Regular Customers
8891,272,7,101165.26,1,1,2,112,At Risk
8892,15,8,76339.43,4,1,1,411,Regular Customers
8893,189,16,149020.81,1,4,4,144,Big Spenders
8894,38,11,163065.4,3,3,4,334,Big Spenders
8895,16,11,131387.26,4,3,3,433,Loyal Customers
8896,99,12,102243.31,2,3,2,232,Regular Customers
8897,63,13,158949.05,2,4,4,244,Big Spenders
8898,330,8,76197.21,1,1,1,111,At Risk
8899,68,8,94693.1,2,1,2,212,Regular Customers
8900,100,10,131902.57,2,2,3,223,Regular Customers
8901,208,6,31465.92,1,1,1,111,At Risk
8902,224,10,150790.62,1,2,4,124,Big Spenders
8903,119,6,57279.25,1,1,1,111,At Risk
8904,157,10,104301.9,1,2,2,122,At Risk
8905,32,9,95054.73000000001,3,2,2,322,Regular Customers
8906,60,11,112734.11,2,3,3,233,Regular Customers
8907,163,7,39250.740000000005,1,1,1,111,At Risk
8908,227,7,104044.56,1,1,2,112,At Risk
8909,75,9,91073.42,2,2,2,222,Regular Customers
8910,90,9,92250.09999999999,2,2,2,222,Regular Customers
8911,96,7,60191.85,2,1,1,211,Regular Customers
8912,14,7,83210.08,4,1,2,412,Regular Customers
8913,20,14,164345.75,4,4,4,444,Champions
8914,51,21,188101.97,3,4,4,344,Big Spenders
8915,89,7,87499.62000000001,2,1,2,212,Regular Customers
8916,16,14,124766.38,4,4,3,443,Loyal Customers
8917,49,11,100693.39,3,3,2,332,Regular Customers
8918,89,5,32628.53,2,1,1,211,Regular Customers
8919,28,9,97176.87,3,2,2,322,Regular Customers
8920,31,10,175252.34,3,2,4,324,Big Spenders
8921,14,15,142697.19999999998,4,4,4,444,Champions
8922,3,13,137582.84,4,4,4,444,Champions
8923,15,8,77318.08,4,1,2,412,Regular Customers
8924,120,11,135176.17,1,3,3,133,At Risk
8925,150,5,80372.70999999999,1,1,2,112,At Risk
8926,26,12,145932.09,3,3,4,334,Big Spenders
8927,11,10,119247.09,4,2,3,423,Regular Customers
8928,14,7,74254.45,4,1,1,411,Regular Customers
8929,19,13,121043.62,4,4,3,443,Loyal Customers
8930,92,7,116296.33,2,1,3,213,Regular Customers
8931,99,5,54807.5,2,1,1,211,Regular Customers
8932,9,8,85735.26,4,1,2,412,Regular Customers
8933,91,7,79792.38,2,1,2,212,Regular Customers
8934,19,10,152293.61000000002,4,2,4,424,Big Spenders
8935,45,20,234286.18,3,4,4,344,Big Spenders
8936,132,7,39955.4,1,1,1,111,At Risk
8937,15,12,116502.15,4,3,3,433,Loyal Customers
8938,5,16,148695.08,4,4,4,444,Champions
8939,48,11,80947.51,3,3,2,332,Regular Customers
8940,87,4,28221.55,2,1,1,211,Regular Customers
8941,109,15,206778.03,1,4,4,144,Big Spenders
8942,39,3,23409.71,3,1,1,311,Regular Customers
8943,3,13,134164.01,4,4,3,443,Loyal Customers
8944,17,9,72812.01,4,2,1,421,Regular Customers
8945,13,6,71608.31999999999,4,1,1,411,Regular Customers
8946,117,10,120680.63,1,2,3,123,At Risk
8947,34,10,70806.22,3,2,1,321,Regular Customers
8948,104,8,52830.01,1,1,1,111,At Risk
8949,105,6,60144.770000000004,1,1,1,111,At Risk
8950,50,3,11254.710000000001,3,1,1,311,Regular Customers
8951,99,14,118367.15,2,4,3,243,Regular Customers
8952,33,12,114739.89,3,3,3,333,Regular Customers
8953,12,8,56519.880000000005,4,1,1,411,Regular Customers
8954,64,11,81498.53,2,3,2,232,Regular Customers
8955,18,12,123653.31,4,3,3,433,Loyal Customers
8956,175,7,60602.21,1,1,1,111,At Risk
8957,68,7,48854.630000000005,2,1,1,211,Regular Customers
8958,99,7,87420.03,2,1,2,212,Regular Customers
8959,8,12,132327.8,4,3,3,433,Loyal Customers
8960,14,10,47389.6,4,2,1,421,Regular Customers
8961,93,7,71990.35,2,1,1,211,Regular Customers
8962,82,10,96287.91,2,2,2,222,Regular Customers
8963,4,14,120788.35,4,4,3,443,Loyal Customers
8964,93,7,65205.840000000004,2,1,1,211,Regular Customers
8965,28,8,96233.49,3,1,2,312,Regular Customers
8966,32,9,79306.73000000001,3,2,2,322,Regular Customers
8967,170,3,42156.07,1,1,1,111,At Risk
8968,119,8,96554.62,1,1,2,112,At Risk
8969,24,10,76846.14,3,2,1,321,Regular Customers
8970,58,12,126775.86,2,3,3,233,Regular Customers
8971,29,10,90195.1,3,2,2,322,Regular Customers
8972,19,14,91808.73,4,4,2,442,Loyal Customers
8973,108,10,81441.95,1,2,2,122,At Risk
8974,246,7,65706.13,1,1,1,111,At Risk
8975,24,11,99472.99,3,3,2,332,Regular Customers
8976,7,6,70506.06,4,1,1,411,Regular Customers
8977,109,4,21823.809999999998,1,1,1,111,At Risk
8978,70,16,131345.59,2,4,3,243,Regular Customers
8979,12,13,136283.18,4,4,4,444,Champions
8980,7,12,164063.72999999998,4,3,4,434,Loyal Customers
8981,24,9,91332.6,3,2,2,322,Regular Customers
8982,96,5,38195.68,2,1,1,211,Regular Customers
8983,157,5,46502.119999999995,1,1,1,111,At Risk
8984,32,10,72931.53,3,2,1,321,Regular Customers
8985,2,10,90659.08,4,2,2,422,Regular Customers
8986,77,11,167014.48,2,3,4,234,Big Spenders
8987,51,11,88871.29,3,3,2,332,Regular Customers
8988,69,11,117098.98,2,3,3,233,Regular Customers
8989,70,7,120365.23999999999,2,1,3,213,Regular Customers
8990,49,15,144487.47,3,4,4,344,Big Spenders
8991,86,5,66162.43000000001,2,1,1,211,Regular Customers
8992,40,12,135589.57,3,3,3,333,Regular Customers
8993,133,12,119915.37,1,3,3,133,At Risk
8994,195,12,123354.75,1,3,3,133,At Risk
8995,20,7,109561.27,4,1,3,413,Regular Customers
8996,54,5,25994.3,2,1,1,211,Regular Customers
8997,16,14,136037.92,4,4,4,444,Champions
8998,129,6,75856.93000000001,1,1,1,111,At Risk
8999,50,9,107897.47,3,2,3,323,Regular Customers
9000,9,14,159815.1,4,4,4,444,Champions
9001,16,15,164584.83000000002,4,4,4,444,Champions
9002,48,10,122476.27,3,2,3,323,Regular Customers
9003,26,11,57721.72,3,3,1,331,Regular Customers
9004,77,11,96555.7,2,3,2,232,Regular Customers
9005,6,10,87471.83,4,2,2,422,Regular Customers
9006,14,12,87463.57999999999,4,3,2,432,Loyal Customers
9007,51,15,117342.42,3,4,3,343,Regular Customers
9008,62,12,125042.23,2,3,3,233,Regular Customers
9009,90,11,100983.54000000001,2,3,2,232,Regular Customers
9010,12,11,126815.85,4,3,3,433,Loyal Customers
9011,61,12,154420.26,2,3,4,234,Big Spenders
9012,60,7,88381.16,2,1,2,212,Regular Customers
9013,50,15,153399.22,3,4,4,344,Big Spenders
9014,273,11,119496.46,1,3,3,133,At Risk
9015,86,9,75026.20999999999,2,2,1,221,Regular Customers
9016,80,9,101142.03,2,2,2,222,Regular Customers
9017,4,10,94563.26,4,2,2,422,Regular Customers
9018,19,9,83281.12,4,2,2,422,Regular Customers
9019,10,8,58124.07,4,1,1,411,Regular Customers
9020,17,10,153544.73,4,2,4,424,Big Spenders
9021,16,11,170220.6,4,3,4,434,Loyal Customers
9022,17,11,115374.8,4,3,3,433,Loyal Customers
9023,274,11,152455.11000000002,1,3,4,134,Big Spenders
9024,126,10,135329.67,1,2,3,123,At Risk
9025,121,13,170110.61000000002,1,4,4,144,Big Spenders
9026,281,6,60082.98,1,1,1,111,At Risk
9027,111,6,76049.45,1,1,1,111,At Risk
9028,26,12,183962.58000000002,3,3,4,334,Big Spenders
9029,75,8,86582.34,2,1,2,212,Regular Customers
9030,127,7,69645.08,1,1,1,111,At Risk
9031,23,7,102464.84,3,1,2,312,Regular Customers
9032,96,14,182433.93,2,4,4,244,Big Spenders
9033,62,5,45453.240000000005,2,1,1,211,Regular Customers
9034,62,10,88903.45,2,2,2,222,Regular Customers
9035,67,11,72889.89,2,3,1,231,Regular Customers
9036,30,7,111392.04000000001,3,1,3,313,Regular Customers
9037,29,12,142076.91999999998,3,3,4,334,Big Spenders
9038,84,8,94802.27,2,1,2,212,Regular Customers
9039,6,16,168153.71,4,4,4,444,Champions
9040,62,10,96025.64,2,2,2,222,Regular Customers
9041,122,7,65735.03,1,1,1,111,At Risk
9042,4,20,163116.81,4,4,4,444,Champions
9043,15,9,123172.95,4,2,3,423,Regular Customers
9044,105,12,128241.48000000001,1,3,3,133,At Risk
9045,71,4,20275.33,2,1,1,211,Regular Customers
9046,73,13,120435.95,2,4,3,243,Regular Customers
9047,87,13,112021.0,2,4,3,243,Regular Customers
9048,188,5,68217.91,1,1,1,111,At Risk
9049,161,9,63591.18,1,2,1,121,At Risk
9050,24,8,81770.66,3,1,2,312,Regular Customers
9051,94,7,42363.43,2,1,1,211,Regular Customers
9052,31,15,136615.32,3,4,4,344,Big Spenders
9053,119,8,77502.7,1,1,2,112,At Risk
9054,44,10,76899.55,3,2,2,322,Regular Customers
9055,16,11,138118.56,4,3,4,434,Loyal Customers
9056,131,14,175361.69,1,4,4,144,Big Spenders
9057,33,8,105010.68,3,1,3,313,Regular Customers
9058,15,10,86245.23999999999,4,2,2,422,Regular Customers
9059,72,10,101780.73000000001,2,2,2,222,Regular Customers
9060,5,13,107437.41,4,4,3,443,Loyal Customers
9061,62,8,71557.17,2,1,1,211,Regular Customers
9062,338,6,44809.57,1,1,1,111,At Risk
9063,12,9,78636.29000000001,4,2,2,422,Regular Customers
9064,42,13,171380.47,3,4,4,344,Big Spenders
9065,172,8,81485.36000000002,1,1,2,112,At Risk
9066,132,11,91440.88,1,3,2,132,At Risk
9067,68,15,189343.42,2,4,4,244,Big Spenders
9068,185,8,85020.65,1,1,2,112,At Risk
9069,78,8,45953.75,2,1,1,211,Regular Customers
9070,25,12,110252.79000000001,3,3,3,333,Regular Customers
9071,26,7,129682.59,3,1,3,313,Regular Customers
9072,159,9,64420.79,1,2,1,121,At Risk
9073,66,9,82168.76,2,2,2,222,Regular Customers
9074,214,11,144336.27000000002,1,3,4,134,Big Spenders
9075,211,11,68610.42,1,3,1,131,At Risk
9076,115,9,65338.770000000004,1,2,1,121,At Risk
9077,103,12,176231.97,1,3,4,134,Big Spenders
9078,44,12,193619.86000000002,3,3,4,334,Big Spenders
9079,37,13,136434.79,3,4,4,344,Big Spenders
9080,54,6,55448.12,2,1,1,211,Regular Customers
9081,42,4,53247.9,3,1,1,311,Regular Customers
9082,69,4,52534.94,2,1,1,211,Regular Customers
9083,53,11,102608.8,2,3,2,232,Regular Customers
9084,40,9,70418.2,3,2,1,321,Regular Customers
9085,2,12,127156.23,4,3,3,433,Loyal Customers
9086,87,14,109373.9,2,4,3,243,Regular Customers
9087,125,9,85596.76000000001,1,2,2,122,At Risk
9088,32,15,178740.24,3,4,4,344,Big Spenders
9089,72,12,97302.51999999999,2,3,2,232,Regular Customers
9090,136,13,103578.72,1,4,2,142,At Risk
9091,12,18,224661.53,4,4,4,444,Champions
9092,86,12,99644.28,2,3,2,232,Regular Customers
9093,264,5,22637.91,1,1,1,111,At Risk
9094,178,9,47010.99,1,2,1,121,At Risk
9095,44,8,85839.45,3,1,2,312,Regular Customers
9096,31,12,86170.93,3,3,2,332,Regular Customers
9097,50,13,137509.3,3,4,4,344,Big Spenders
9098,37,15,123592.87,3,4,3,343,Regular Customers
9099,5,9,54846.299999999996,4,2,1,421,Regular Customers
9100,166,6,74335.20999999999,1,1,1,111,At Risk
9101,43,8,67551.97,3,1,1,311,Regular Customers
9102,24,11,161614.8,3,3,4,334,Big Spenders
9103,15,11,122113.41,4,3,3,433,Loyal Customers
9104,7,8,74990.35,4,1,1,411,Regular Customers
9105,75,12,125741.52,2,3,3,233,Regular Customers
9106,30,14,130418.65000000001,3,4,3,343,Regular Customers
9107,10,17,197529.85,4,4,4,444,Champions
9108,38,13,112185.69,3,4,3,343,Regular Customers
9109,102,8,89123.7,2,1,2,212,Regular Customers
9110,240,7,82656.37,1,1,2,112,At Risk
9111,104,6,74185.33,1,1,1,111,At Risk
9112,59,10,78978.07,2,2,2,222,Regular Customers
9113,108,8,122286.22,1,1,3,113,At Risk
9114,32,12,148583.08,3,3,4,334,Big Spenders
9115,41,12,137344.89,3,3,4,334,Big Spenders
9116,325,11,105676.93,1,3,3,133,At Risk
9117,248,5,30143.6,1,1,1,111,At Risk
9118,115,8,137678.8,1,1,4,114,Big Spenders
9119,98,13,187201.11,2,4,4,244,Big Spenders
9120,1,13,185357.59,4,4,4,444,Champions
9121,31,12,129906.78,3,3,3,333,Regular Customers
9122,95,9,109831.45000000001,2,2,3,223,Regular Customers
9123,1,13,105475.45,4,4,3,443,Loyal Customers
9124,54,10,93527.0,2,2,2,222,Regular Customers
9125,58,9,61358.95,2,2,1,221,Regular Customers
9126,228,8,112454.07,1,1,3,113,At Risk
9127,18,15,208652.05,4,4,4,444,Champions
9128,3,9,111332.28,4,2,3,423,Regular Customers
9129,90,7,63837.590000000004,2,1,1,211,Regular Customers
9130,142,9,80956.89,1,2,2,122,At Risk
9131,14,7,49722.259999999995,4,1,1,411,Regular Customers
9132,122,10,102430.17,1,2,2,122,At Risk
9133,65,9,140952.11,2,2,4,224,Big Spenders
9134,15,19,164586.88,4,4,4,444,Champions
9135,1,13,166545.04,4,4,4,444,Champions
9136,94,5,41344.85,2,1,1,211,Regular Customers
9137,98,14,126137.62,2,4,3,243,Regular Customers
9138,222,8,81209.03,1,1,2,112,At Risk
9139,217,9,75643.03,1,2,1,121,At Risk
9140,153,4,40451.46,1,1,1,111,At Risk
9141,26,11,213219.48,3,3,4,334,Big Spenders
9142,38,14,170184.91999999998,3,4,4,344,Big Spenders
9143,13,18,210521.93,4,4,4,444,Champions
9144,72,12,137352.74,2,3,4,234,Big Spenders
9145,51,6,34078.58,3,1,1,311,Regular Customers
9146,178,7,79682.94,1,1,2,112,At Risk
9147,20,7,97464.18,4,1,2,412,Regular Customers
9148,74,5,61969.68,2,1,1,211,Regular Customers
9149,77,10,128444.95,2,2,3,223,Regular Customers
9150,244,8,112261.06,1,1,3,113,At Risk
9151,79,6,75292.96,2,1,1,211,Regular Customers
9152,39,11,125262.95999999999,3,3,3,333,Regular Customers
9153,71,11,129581.63,2,3,3,233,Regular Customers
9154,11,8,99743.40000000001,4,1,2,412,Regular Customers
9155,59,8,104526.89,2,1,3,213,Regular Customers
9156,4,10,78145.34999999999,4,2,2,422,Regular Customers
9157,55,7,81965.72,2,1,2,212,Regular Customers
9158,82,7,59623.29,2,1,1,211,Regular Customers
9159,24,7,85194.6,3,1,2,312,Regular Customers
9160,11,10,97768.55,4,2,2,422,Regular Customers
9161,20,10,102370.68,4,2,2,422,Regular Customers
9162,42,10,100547.95999999999,3,2,2,322,Regular Customers
9163,55,11,134586.09,2,3,3,233,Regular Customers
9164,51,13,98293.49,3,4,2,342,Regular Customers
9165,2,9,73566.63,4,2,1,421,Regular Customers
9166,4,6,62163.2,4,1,1,411,Regular Customers
9167,16,9,105642.05,4,2,3,423,Regular Customers
9168,51,9,88954.41,3,2,2,322,Regular Customers
9169,27,7,53897.1,3,1,1,311,Regular Customers
9170,45,11,115447.28,3,3,3,333,Regular Customers
9171,80,9,35219.58,2,2,1,221,Regular Customers
9172,47,10,82197.23999999999,3,2,2,322,Regular Customers
9173,74,10,111729.06,2,2,3,223,Regular Customers
9174,116,6,56235.01,1,1,1,111,At Risk
9175,13,7,88013.6,4,1,2,412,Regular Customers
9176,28,14,133772.47,3,4,3,343,Regular Customers
9177,46,15,157360.66999999998,3,4,4,344,Big Spenders
9178,121,8,88951.48999999999,1,1,2,112,At Risk
9179,5,12,113793.09999999999,4,3,3,433,Loyal Customers
9180,65,12,140453.75,2,3,4,234,Big Spenders
9181,112,9,124013.1,1,2,3,123,At Risk
9182,3,11,116290.72,4,3,3,433,Loyal Customers
9183,25,5,77933.55,3,1,2,312,Regular Customers
9184,45,15,122754.66,3,4,3,343,Regular Customers
9185,14,10,142210.94,4,2,4,424,Big Spenders
9186,6,9,139659.68,4,2,4,424,Big Spenders
9187,60,9,89723.2,2,2,2,222,Regular Customers
9188,166,6,82326.69,1,1,2,112,At Risk
9189,234,10,114406.74,1,2,3,123,At Risk
9190,65,6,60277.56,2,1,1,211,Regular Customers
9191,51,9,61698.52,3,2,1,321,Regular Customers
9192,75,10,75372.49,2,2,1,221,Regular Customers
9193,123,7,88999.24,1,1,2,112,At Risk
9194,2,7,101606.27,4,1,2,412,Regular Customers
9195,116,8,75341.25,1,1,1,111,At Risk
9196,3,1,1603.55,4,1,1,411,Regular Customers
9197,95,13,159299.76,2,4,4,244,Big Spenders
9198,18,13,181485.29,4,4,4,444,Champions
9199,26,8,37408.729999999996,3,1,1,311,Regular Customers
9200,79,11,152555.86000000002,2,3,4,234,Big Spenders
9201,45,18,254166.77,3,4,4,344,Big Spenders
9202,202,3,51962.99,1,1,1,111,At Risk
9203,49,7,43659.47,3,1,1,311,Regular Customers
9204,104,8,116476.88,1,1,3,113,At Risk
9205,34,10,116444.82999999999,3,2,3,323,Regular Customers
9206,62,10,63216.700000000004,2,2,1,221,Regular Customers
9207,24,10,49242.06,3,2,1,321,Regular Customers
9208,15,12,99357.06,4,3,2,432,Loyal Customers
9209,7,9,102329.81,4,2,2,422,Regular Customers
9210,75,9,58906.65,2,2,1,221,Regular Customers
9211,28,6,61433.520000000004,3,1,1,311,Regular Customers
9212,66,9,70381.27,2,2,1,221,Regular Customers
9213,1,14,134194.53,4,4,3,443,Loyal Customers
9214,73,13,143082.76,2,4,4,244,Big Spenders
9215,33,14,168259.99,3,4,4,344,Big Spenders
9216,167,7,100520.63,1,1,2,112,At Risk
9217,18,8,70005.96,4,1,1,411,Regular Customers
9218,43,14,196286.98,3,4,4,344,Big Spenders
9219,17,10,127650.33,4,2,3,423,Regular Customers
9220,7,13,172716.59,4,4,4,444,Champions
9221,56,8,71073.06,2,1,1,211,Regular Customers
9222,170,10,83644.98,1,2,2,122,At Risk
9223,1,12,160782.79,4,3,4,434,Loyal Customers
9224,181,15,110342.35,1,4,3,143,At Risk
9225,25,12,133259.33,3,3,3,333,Regular Customers
9226,46,7,72647.15,3,1,1,311,Regular Customers
9227,44,13,138259.77,3,4,4,344,Big Spenders
9228,59,12,114457.98000000001,2,3,3,233,Regular Customers
9229,132,11,143796.52,1,3,4,134,Big Spenders
9230,99,7,80570.54000000001,2,1,2,212,Regular Customers
9231,2,16,220703.21,4,4,4,444,Champions
9232,15,11,195479.35,4,3,4,434,Loyal Customers
9233,42,12,136534.66,3,3,4,334,Big Spenders
9234,118,10,125961.11,1,2,3,123,At Risk
9235,18,9,118535.98,4,2,3,423,Regular Customers
9236,1,14,175836.63,4,4,4,444,Champions
9237,21,10,154392.62,4,2,4,424,Big Spenders
9238,37,10,117855.15,3,2,3,323,Regular Customers
9239,10,11,119241.81,4,3,3,433,Loyal Customers
9240,15,11,133728.58000000002,4,3,3,433,Loyal Customers
9241,286,13,185121.49,1,4,4,144,Big Spenders
9242,3,17,124437.56,4,4,3,443,Loyal Customers
9243,199,7,71078.12,1,1,1,111,At Risk
9244,50,16,218913.65000000002,3,4,4,344,Big Spenders
9245,111,7,84056.02,1,1,2,112,At Risk
9246,62,13,125587.08,2,4,3,243,Regular Customers
9247,101,13,95292.5,2,4,2,242,Regular Customers
9248,13,9,117785.6,4,2,3,423,Regular Customers
9249,31,10,95458.29999999999,3,2,2,322,Regular Customers
9250,37,23,259206.57,3,4,4,344,Big Spenders
9251,102,14,150290.63,2,4,4,244,Big Spenders
9252,61,7,85269.39,2,1,2,212,Regular Customers
9253,1,16,140051.01,4,4,4,444,Champions
9254,57,8,76022.52,2,1,1,211,Regular Customers
9255,20,7,80358.07,4,1,2,412,Regular Customers
9256,12,17,215772.81,4,4,4,444,Champions
9257,58,12,107795.29000000001,2,3,3,233,Regular Customers
9258,26,9,99736.55,3,2,2,322,Regular Customers
9259,132,11,102235.85,1,3,2,132,At Risk
9260,262,8,99613.26999999999,1,1,2,112,At Risk
9261,118,10,108156.86,1,2,3,123,At Risk
9262,18,13,175542.51,4,4,4,444,Champions
9263,25,16,150934.01,3,4,4,344,Big Spenders
9264,113,6,44228.0,1,1,1,111,At Risk
9265,52,5,27373.190000000002,2,1,1,211,Regular Customers
9266,265,9,70700.31999999999,1,2,1,121,At Risk
9267,26,6,72305.45,3,1,1,311,Regular Customers
9268,174,5,44286.05,1,1,1,111,At Risk
9269,85,9,112236.41,2,2,3,223,Regular Customers
9270,20,14,136386.16,4,4,4,444,Champions
9271,27,12,126814.23000000001,3,3,3,333,Regular Customers
9272,42,13,112679.83,3,4,3,343,Regular Customers
9273,37,12,164417.64,3,3,4,334,Big Spenders
9274,18,9,135822.14,4,2,3,423,Regular Customers
9275,19,15,147216.93,4,4,4,444,Champions
9276,107,9,116555.41,1,2,3,123,At Risk
9277,5,11,120784.7,4,3,3,433,Loyal Customers
9278,166,8,30657.19,1,1,1,111,At Risk
9279,73,7,124227.83,2,1,3,213,Regular Customers
9280,16,7,104265.43,4,1,2,412,Regular Customers
9281,138,7,64889.82,1,1,1,111,At Risk
9282,51,14,134549.65,3,4,3,343,Regular Customers
9283,56,9,70358.85,2,2,1,221,Regular Customers
9284,289,5,49509.21,1,1,1,111,At Risk
9285,21,8,85381.01,4,1,2,412,Regular Customers
9286,61,8,53493.53,2,1,1,211,Regular Customers
9287,118,7,84526.95,1,1,2,112,At Risk
9288,261,7,64205.840000000004,1,1,1,111,At Risk
9289,93,7,36999.36,2,1,1,211,Regular Customers
9290,47,7,93499.41,3,1,2,312,Regular Customers
9291,17,8,53852.1,4,1,1,411,Regular Customers
9292,96,8,109743.89,2,1,3,213,Regular Customers
9293,39,4,27800.42,3,1,1,311,Regular Customers
9294,6,18,198839.79,4,4,4,444,Champions
9295,213,8,151201.52,1,1,4,114,Big Spenders
9296,138,7,79511.56,1,1,2,112,At Risk
9297,44,20,260384.38,3,4,4,344,Big Spenders
9298,30,9,121724.6,3,2,3,323,Regular Customers
9299,41,15,127511.47,3,4,3,343,Regular Customers
9300,71,13,136952.68,2,4,4,244,Big Spenders
9301,82,12,73961.84,2,3,1,231,Regular Customers
9302,90,5,60714.66,2,1,1,211,Regular Customers
9303,16,8,60118.83,4,1,1,411,Regular Customers
9304,2,14,106854.23,4,4,3,443,Loyal Customers
9305,74,7,101255.29000000001,2,1,2,212,Regular Customers
9306,140,6,29942.08,1,1,1,111,At Risk
9307,24,11,130221.83,3,3,3,333,Regular Customers
9308,1,9,119070.37,4,2,3,423,Regular Customers
9309,34,7,83873.29,3,1,2,312,Regular Customers
9310,58,11,138799.98,2,3,4,234,Big Spenders
9311,3,11,99172.17,4,3,2,432,Loyal Customers
9312,53,10,139776.84,2,2,4,224,Big Spenders
9313,64,9,81196.78,2,2,2,222,Regular Customers
9314,9,7,121657.87999999999,4,1,3,413,Regular Customers
9315,44,6,86601.72,3,1,2,312,Regular Customers
9316,49,6,72331.84,3,1,1,311,Regular Customers
9317,208,9,74984.14,1,2,1,121,At Risk
9318,71,13,140604.75,2,4,4,244,Big Spenders
9319,31,5,28777.230000000003,3,1,1,311,Regular Customers
9320,109,8,70114.3,1,1,1,111,At Risk
9321,41,13,182515.01,3,4,4,344,Big Spenders
9322,16,13,128238.76999999999,4,4,3,443,Loyal Customers
9323,124,9,113042.18000000001,1,2,3,123,At Risk
9324,11,9,95244.45,4,2,2,422,Regular Customers
9325,40,4,51267.31,3,1,1,311,Regular Customers
9326,52,12,113106.98000000001,2,3,3,233,Regular Customers
9327,147,7,74985.57,1,1,1,111,At Risk
9328,150,8,72009.64,1,1,1,111,At Risk
9329,161,11,132718.06,1,3,3,133,At Risk
9330,123,11,112372.57,1,3,3,133,At Risk
9331,56,9,57444.560000000005,2,2,1,221,Regular Customers
9332,110,7,64151.57,1,1,1,111,At Risk
9333,18,12,185905.41,4,3,4,434,Loyal Customers
9334,185,8,93020.61,1,1,2,112,At Risk
9335,69,8,113060.57,2,1,3,213,Regular Customers
9336,9,11,111676.68000000001,4,3,3,433,Loyal Customers
9337,23,11,153906.92,3,3,4,334,Big Spenders
9338,7,8,62965.770000000004,4,1,1,411,Regular Customers
9339,9,12,118087.63,4,3,3,433,Loyal Customers
9340,25,11,154295.6,3,3,4,334,Big Spenders
9341,22,8,47759.76,3,1,1,311,Regular Customers
9342,106,11,126601.83,1,3,3,133,At Risk
9343,4,14,144648.19,4,4,4,444,Champions
9344,6,11,139631.5,4,3,4,434,Loyal Customers
9345,67,10,124961.18000000001,2,2,3,223,Regular Customers
9346,49,11,109760.57,3,3,3,333,Regular Customers
9347,18,7,82541.53,4,1,2,412,Regular Customers
9348,222,7,105576.08,1,1,3,113,At Risk
9349,358,7,115854.03,1,1,3,113,At Risk
9350,258,12,131915.89,1,3,3,133,At Risk
9351,7,18,186330.33000000002,4,4,4,444,Champions
9352,8,9,132861.48,4,2,3,423,Regular Customers
9353,174,8,156126.89,1,1,4,114,Big Spenders
9354,54,12,117916.63,2,3,3,233,Regular Customers
9355,53,9,59130.66,2,2,1,221,Regular Customers
9356,54,10,94863.91,2,2,2,222,Regular Customers
9357,62,10,98131.29000000001,2,2,2,222,Regular Customers
9358,50,10,114382.79,3,2,3,323,Regular Customers
9359,189,9,105646.2,1,2,3,123,At Risk
9360,46,8,38503.47,3,1,1,311,Regular Customers
9361,90,10,187611.26,2,2,4,224,Big Spenders
9362,19,8,51011.39,4,1,1,411,Regular Customers
9363,243,5,54981.649999999994,1,1,1,111,At Risk
9364,17,11,100567.01999999999,4,3,2,432,Loyal Customers
9365,81,7,77751.5,2,1,2,212,Regular Customers
9366,3,11,117332.74,4,3,3,433,Loyal Customers
9367,180,11,83446.58,1,3,2,132,At Risk
9368,47,8,120669.39,3,1,3,313,Regular Customers
9369,3,9,84508.32,4,2,2,422,Regular Customers
9370,39,15,197881.61,3,4,4,344,Big Spenders
9371,148,7,101394.94,1,1,2,112,At Risk
9372,50,8,74382.11,3,1,1,311,Regular Customers
9373,135,8,81089.12,1,1,2,112,At Risk
9374,124,8,85359.05,1,1,2,112,At Risk
9375,17,15,87960.85,4,4,2,442,Loyal Customers
9376,237,9,132054.89,1,2,3,123,At Risk
9377,105,15,182089.26,1,4,4,144,Big Spenders
9378,272,8,58600.02,1,1,1,111,At Risk
9379,40,13,110980.86,3,4,3,343,Regular Customers
9380,107,13,139957.72,1,4,4,144,Big Spenders
9381,12,14,141470.38999999998,4,4,4,444,Champions
9382,32,13,130601.82,3,4,3,343,Regular Customers
9383,168,11,136202.3,1,3,4,134,Big Spenders
9384,96,13,202711.32,2,4,4,244,Big Spenders
9385,199,6,65545.61,1,1,1,111,At Risk
9386,9,8,60600.32,4,1,1,411,Regular Customers
9387,47,12,145334.99,3,3,4,334,Big Spenders
9388,163,10,101413.42,1,2,2,122,At Risk
9389,21,10,100259.79,4,2,2,422,Regular Customers
9390,54,13,147700.46,2,4,4,244,Big Spenders
9391,78,8,91089.82,2,1,2,212,Regular Customers
9392,201,6,76219.45,1,1,1,111,At Risk
9393,73,15,183980.85,2,4,4,244,Big Spenders
9394,97,10,130712.19,2,2,3,223,Regular Customers
9395,14,11,69832.14,4,3,1,431,Loyal Customers
9396,113,11,122769.18000000001,1,3,3,133,At Risk
9397,4,13,103601.95999999999,4,4,2,442,Loyal Customers
9398,217,7,79560.77,1,1,2,112,At Risk
9399,102,7,51797.630000000005,2,1,1,211,Regular Customers
9400,123,11,153010.57,1,3,4,134,Big Spenders
9401,173,6,35192.9,1,1,1,111,At Risk
9402,41,14,161799.7,3,4,4,344,Big Spenders
9403,28,14,134496.21,3,4,3,343,Regular Customers
9404,30,17,190432.68,3,4,4,344,Big Spenders
9405,36,11,87933.52,3,3,2,332,Regular Customers
9406,108,9,153567.25,1,2,4,124,Big Spenders
9407,31,12,117952.85,3,3,3,333,Regular Customers
9408,103,9,99695.17,1,2,2,122,At Risk
9409,4,10,81047.82,4,2,2,422,Regular Customers
9410,2,9,116957.64,4,2,3,423,Regular Customers
9411,64,14,113166.95000000001,2,4,3,243,Regular Customers
9412,72,5,43216.32,2,1,1,211,Regular Customers
9413,67,11,148220.98,2,3,4,234,Big Spenders
9414,193,8,110629.64,1,1,3,113,At Risk
9415,11,12,142134.02,4,3,4,434,Loyal Customers
9416,17,13,194922.58,4,4,4,444,Champions
9417,48,4,69452.92,3,1,1,311,Regular Customers
9418,10,5,64778.38,4,1,1,411,Regular Customers
9419,123,7,64213.79,1,1,1,111,At Risk
9420,20,11,131423.26,4,3,3,433,Loyal Customers
9421,79,10,82093.1,2,2,2,222,Regular Customers
9422,31,9,79978.56,3,2,2,322,Regular Customers
9423,2,14,137320.99,4,4,4,444,Champions
9424,7,10,116265.02,4,2,3,423,Regular Customers
9425,104,4,90923.77,1,1,2,112,At Risk
9426,4,7,74736.3,4,1,1,411,Regular Customers
9427,33,8,106164.64,3,1,3,313,Regular Customers
9428,12,6,58253.91,4,1,1,411,Regular Customers
9429,86,7,98826.45999999999,2,1,2,212,Regular Customers
9430,95,8,89688.09,2,1,2,212,Regular Customers
9431,23,14,158833.4,3,4,4,344,Big Spenders
9432,97,12,74339.87,2,3,1,231,Regular Customers
9433,130,4,30135.65,1,1,1,111,At Risk
9434,179,9,107301.4,1,2,3,123,At Risk
9435,44,6,76053.06999999999,3,1,1,311,Regular Customers
9436,7,11,81251.08,4,3,2,432,Loyal Customers
9437,29,8,24899.45,3,1,1,311,Regular Customers
9438,153,6,67324.54000000001,1,1,1,111,At Risk
9439,102,10,125984.81,2,2,3,223,Regular Customers
9440,35,9,89337.19,3,2,2,322,Regular Customers
9441,34,19,160312.36000000002,3,4,4,344,Big Spenders
9442,103,10,110321.93,1,2,3,123,At Risk
9443,45,16,124565.70999999999,3,4,3,343,Regular Customers
9444,59,11,138785.11,2,3,4,234,Big Spenders
9445,147,12,140142.43,1,3,4,134,Big Spenders
9446,142,9,63491.47,1,2,1,121,At Risk
9447,13,11,169965.75,4,3,4,434,Loyal Customers
9448,22,14,204046.7,3,4,4,344,Big Spenders
9449,47,6,110278.53,3,1,3,313,Regular Customers
9450,1,12,175970.3,4,3,4,434,Loyal Customers
9451,38,8,44031.92,3,1,1,311,Regular Customers
9452,41,8,120748.62,3,1,3,313,Regular Customers
9453,248,5,75571.76000000001,1,1,1,111,At Risk
9454,143,9,60372.04,1,2,1,121,At Risk
9455,233,8,90794.62000000001,1,1,2,112,At Risk
9456,20,12,105657.62000000001,4,3,3,433,Loyal Customers
9457,114,11,61077.89,1,3,1,131,At Risk
9458,11,9,96297.84,4,2,2,422,Regular Customers
9459,44,9,96934.2,3,2,2,322,Regular Customers
9460,82,11,117707.53,2,3,3,233,Regular Customers
9461,263,8,107634.21,1,1,3,113,At Risk
9462,16,9,124489.02,4,2,3,423,Regular Customers
9463,11,16,201570.97,4,4,4,444,Champions
9464,73,13,161401.12,2,4,4,244,Big Spenders
9465,57,11,157647.45,2,3,4,234,Big Spenders
9466,84,15,108108.1,2,4,3,243,Regular Customers
9467,7,7,69383.77,4,1,1,411,Regular Customers
9468,92,8,62788.42,2,1,1,211,Regular Customers
9469,511,6,91066.26999999999,1,1,2,112,At Risk
9470,37,9,95979.22,3,2,2,322,Regular Customers
9471,74,7,53660.270000000004,2,1,1,211,Regular Customers
9472,11,11,94364.87,4,3,2,432,Loyal Customers
9473,14,11,114770.49,4,3,3,433,Loyal Customers
9474,328,3,10573.27,1,1,1,111,At Risk
9475,139,11,145077.8,1,3,4,134,Big Spenders
9476,174,13,158854.66999999998,1,4,4,144,Big Spenders
9477,74,7,68000.31999999999,2,1,1,211,Regular Customers
9478,115,14,133240.97,1,4,3,143,At Risk
9479,6,9,88735.6,4,2,2,422,Regular Customers
9480,172,8,60592.96,1,1,1,111,At Risk
9481,34,11,122640.37,3,3,3,333,Regular Customers
9482,15,9,123549.12000000001,4,2,3,423,Regular Customers
9483,201,9,88537.11,1,2,2,122,At Risk
9484,25,13,142527.61,3,4,4,344,Big Spenders
9485,89,16,190628.77,2,4,4,244,Big Spenders
9486,32,9,100426.41,3,2,2,322,Regular Customers
9487,37,10,71461.42,3,2,1,321,Regular Customers
9488,12,13,113823.56,4,4,3,443,Loyal Customers
9489,40,5,31132.53,3,1,1,311,Regular Customers
9490,41,8,77947.35,3,1,2,312,Regular Customers
9491,210,9,54304.34,1,2,1,121,At Risk
9492,44,12,115558.54,3,3,3,333,Regular Customers
9493,3,17,143190.14,4,4,4,444,Champions
9494,14,9,91427.31,4,2,2,422,Regular Customers
9495,46,6,55038.36,3,1,1,311,Regular Customers
9496,25,15,158023.89,3,4,4,344,Big Spenders
9497,37,19,206642.47,3,4,4,344,Big Spenders
9498,36,8,63279.9,3,1,1,311,Regular Customers
9499,259,4,81814.29,1,1,2,112,At Risk
9500,65,12,51549.520000000004,2,3,1,231,Regular Customers
9501,8,12,125141.18,4,3,3,433,Loyal Customers
9502,153,9,118849.74,1,2,3,123,At Risk
9503,3,17,165129.41999999998,4,4,4,444,Champions
9504,46,11,76325.99,3,3,1,331,Regular Customers
9505,78,15,144041.88999999998,2,4,4,244,Big Spenders
9506,86,12,98101.68,2,3,2,232,Regular Customers
9507,16,14,163681.21,4,4,4,444,Champions
9508,10,10,80598.3,4,2,2,422,Regular Customers
9509,57,9,101735.02,2,2,2,222,Regular Customers
9510,44,8,67978.32,3,1,1,311,Regular Customers
9511,5,7,42039.33,4,1,1,411,Regular Customers
9512,73,18,190575.21,2,4,4,244,Big Spenders
9513,47,11,130840.41,3,3,3,333,Regular Customers
9514,24,13,197016.02,3,4,4,344,Big Spenders
9515,14,11,120104.08,4,3,3,433,Loyal Customers
9516,45,9,83826.65,3,2,2,322,Regular Customers
9517,19,11,107709.97,4,3,3,433,Loyal Customers
9518,25,10,83368.11,3,2,2,322,Regular Customers
9519,44,15,92961.14,3,4,2,342,Regular Customers
9520,58,12,162003.97,2,3,4,234,Big Spenders
9521,123,10,85980.76,1,2,2,122,At Risk
9522,209,4,29635.41,1,1,1,111,At Risk
9523,5,6,76181.74,4,1,1,411,Regular Customers
9524,13,13,154123.6,4,4,4,444,Champions
9525,42,12,152663.61000000002,3,3,4,334,Big Spenders
9526,20,13,118894.44,4,4,3,443,Loyal Customers
9527,4,10,39373.78,4,2,1,421,Regular Customers
9528,134,9,116839.9,1,2,3,123,At Risk
9529,112,5,32979.31,1,1,1,111,At Risk
9530,29,11,120677.27,3,3,3,333,Regular Customers
9531,14,18,173272.09,4,4,4,444,Champions
9532,166,10,111195.95,1,2,3,123,At Risk
9533,80,9,65942.84,2,2,1,221,Regular Customers
9534,18,16,190296.39,4,4,4,444,Champions
9535,3,16,219304.99000000002,4,4,4,444,Champions
9536,37,16,107803.17,3,4,3,343,Regular Customers
9537,95,9,66974.69,2,2,1,221,Regular Customers
9538,225,9,100739.6,1,2,2,122,At Risk
9539,16,10,100709.23999999999,4,2,2,422,Regular Customers
9540,26,10,139321.84,3,2,4,324,Big Spenders
9541,94,12,172683.5,2,3,4,234,Big Spenders
9542,13,13,142942.69999999998,4,4,4,444,Champions
9543,12,16,147515.89,4,4,4,444,Champions
9544,19,8,106812.46,4,1,3,413,Regular Customers
9545,163,8,104342.48,1,1,2,112,At Risk
9546,236,3,31719.07,1,1,1,111,At Risk
9547,38,8,106883.42,3,1,3,313,Regular Customers
9548,23,8,93880.93,3,1,2,312,Regular Customers
9549,26,12,127979.76,3,3,3,333,Regular Customers
9550,82,11,145091.08000000002,2,3,4,234,Big Spenders
9551,132,11,80723.7,1,3,2,132,At Risk
9552,1,11,154622.46,4,3,4,434,Loyal Customers
9553,25,7,124277.13,3,1,3,313,Regular Customers
9554,112,7,117863.15000000001,1,1,3,113,At Risk
9555,41,8,52414.25,3,1,1,311,Regular Customers
9556,31,8,70614.39,3,1,1,311,Regular Customers
9557,53,10,100512.05,2,2,2,222,Regular Customers
9558,20,12,174658.78,4,3,4,434,Loyal Customers
9559,48,2,13762.54,3,1,1,311,Regular Customers
9560,88,14,143772.96,2,4,4,244,Big Spenders
9561,35,7,60513.240000000005,3,1,1,311,Regular Customers
9562,22,10,107950.42,3,2,3,323,Regular Customers
9563,60,8,99974.01,2,1,2,212,Regular Customers
9564,33,8,96585.93,3,1,2,312,Regular Customers
9565,36,13,213946.02,3,4,4,344,Big Spenders
9566,131,7,69556.76,1,1,1,111,At Risk
9567,31,16,211369.65,3,4,4,344,Big Spenders
9568,55,9,83025.44,2,2,2,222,Regular Customers
9569,132,12,118212.21,1,3,3,133,At Risk
9570,40,13,157404.01,3,4,4,344,Big Spenders
9571,79,7,58378.04,2,1,1,211,Regular Customers
9572,142,10,89720.84999999999,1,2,2,122,At Risk
9573,70,4,19462.15,2,1,1,211,Regular Customers
9574,8,11,103910.7,4,3,2,432,Loyal Customers
9575,29,12,130351.23,3,3,3,333,Regular Customers
9576,81,8,64861.85,2,1,1,211,Regular Customers
9577,68,11,120151.86,2,3,3,233,Regular Customers
9578,14,10,102487.46,4,2,2,422,Regular Customers
9579,155,15,80529.92,1,4,2,142,At Risk
9580,389,4,49490.380000000005,1,1,1,111,At Risk
9581,78,11,95858.98,2,3,2,232,Regular Customers
9582,167,11,107925.64,1,3,3,133,At Risk
9583,1,11,80368.13,4,3,2,432,Loyal Customers
9584,38,14,158080.64,3,4,4,344,Big Spenders
9585,7,11,151145.35,4,3,4,434,Loyal Customers
9586,21,15,146542.29,4,4,4,444,Champions
9587,52,9,78089.06,2,2,2,222,Regular Customers
9588,16,12,96942.85,4,3,2,432,Loyal Customers
9589,294,6,43968.69,1,1,1,111,At Risk
9590,136,11,142384.91,1,3,4,134,Big Spenders
9591,115,8,76227.11,1,1,1,111,At Risk
9592,88,13,180976.81,2,4,4,244,Big Spenders
9593,79,11,112605.86,2,3,3,233,Regular Customers
9594,33,11,142729.57,3,3,4,334,Big Spenders
9595,19,13,216519.24,4,4,4,444,Champions
9596,25,10,96801.78,3,2,2,322,Regular Customers
9597,64,4,42107.17,2,1,1,211,Regular Customers
9598,16,9,94999.76,4,2,2,422,Regular Customers
9599,59,18,225827.44,2,4,4,244,Big Spenders
9600,195,3,28662.629999999997,1,1,1,111,At Risk
9601,52,10,60685.28,2,2,1,221,Regular Customers
9602,1,8,141333.61000000002,4,1,4,414,Big Spenders
9603,39,8,84717.72,3,1,2,312,Regular Customers
9604,22,9,94636.72,3,2,2,322,Regular Customers
9605,7,11,138396.92,4,3,4,434,Loyal Customers
9606,156,12,126176.52,1,3,3,133,At Risk
9607,106,5,57001.98,1,1,1,111,At Risk
9608,19,15,155385.71,4,4,4,444,Champions
9609,4,10,87841.1,4,2,2,422,Regular Customers
9610,165,7,109154.33,1,1,3,113,At Risk
9611,17,4,64105.91,4,1,1,411,Regular Customers
9612,159,8,95013.23,1,1,2,112,At Risk
9613,181,8,73635.34999999999,1,1,1,111,At Risk
9614,72,6,56122.090000000004,2,1,1,211,Regular Customers
9615,69,13,136715.67,2,4,4,244,Big Spenders
9616,191,12,115840.46,1,3,3,133,At Risk
9617,16,9,67177.89,4,2,1,421,Regular Customers
9618,110,8,80508.47,1,1,2,112,At Risk
9619,50,15,163652.83,3,4,4,344,Big Spenders
9620,461,2,14867.77,1,1,1,111,At Risk
9621,29,11,127111.09999999999,3,3,3,333,Regular Customers
9622,41,7,133841.56,3,1,3,313,Regular Customers
9623,228,8,66876.26,1,1,1,111,At Risk
9624,229,6,110143.43,1,1,3,113,At Risk
9625,85,8,74752.33,2,1,1,211,Regular Customers
9626,77,9,111303.29,2,2,3,223,Regular Customers
9627,220,7,76564.76000000001,1,1,1,111,At Risk
9628,13,14,202541.68,4,4,4,444,Champions
9629,23,7,80166.62,3,1,2,312,Regular Customers
9630,7,10,125397.4,4,2,3,423,Regular Customers
9631,135,4,39771.89,1,1,1,111,At Risk
9632,186,6,53926.060000000005,1,1,1,111,At Risk
9633,92,10,129306.21,2,2,3,223,Regular Customers
9634,38,11,108721.99,3,3,3,333,Regular Customers
9635,123,10,98291.22,1,2,2,122,At Risk
9636,45,10,133844.48,3,2,3,323,Regular Customers
9637,89,12,165231.49,2,3,4,234,Big Spenders
9638,22,8,84346.19,3,1,2,312,Regular Customers
9639,85,11,137711.01,2,3,4,234,Big Spenders
9640,15,13,153866.0,4,4,4,444,Champions
9641,8,8,85905.32,4,1,2,412,Regular Customers
9642,85,12,89750.1,2,3,2,232,Regular Customers
9643,75,8,95805.62,2,1,2,212,Regular Customers
9644,217,12,128834.82,1,3,3,133,At Risk
9645,2,9,70238.05,4,2,1,421,Regular Customers
9646,2,12,94032.88,4,3,2,432,Loyal Customers
9647,188,8,86982.83,1,1,2,112,At Risk
9648,85,10,148640.13,2,2,4,224,Big Spenders
9649,46,9,65746.78,3,2,1,321,Regular Customers
9650,248,12,87186.52,1,3,2,132,At Risk
9651,140,4,45937.4,1,1,1,111,At Risk
9652,48,10,115720.76999999999,3,2,3,323,Regular Customers
9653,12,15,223102.81,4,4,4,444,Champions
9654,27,10,105582.07,3,2,3,323,Regular Customers
9655,1,8,71811.36,4,1,1,411,Regular Customers
9656,11,11,68219.71,4,3,1,431,Loyal Customers
9657,36,9,74990.41,3,2,1,321,Regular Customers
9658,2,11,119356.71,4,3,3,433,Loyal Customers
9659,88,8,126504.91,2,1,3,213,Regular Customers
9660,29,7,85006.51999999999,3,1,2,312,Regular Customers
9661,79,11,97235.64,2,3,2,232,Regular Customers
9662,5,9,97006.33,4,2,2,422,Regular Customers
9663,159,6,104400.12,1,1,2,112,At Risk
9664,41,7,101458.5,3,1,2,312,Regular Customers
9665,6,15,152850.0,4,4,4,444,Champions
9666,50,14,114717.31,3,4,3,343,Regular Customers
9667,122,16,170567.78,1,4,4,144,Big Spenders
9668,199,9,123823.97,1,2,3,123,At Risk
9669,16,15,181272.38999999998,4,4,4,444,Champions
9670,47,13,206339.34,3,4,4,344,Big Spenders
9671,3,8,97658.62,4,1,2,412,Regular Customers
9672,14,15,103027.39,4,4,2,442,Loyal Customers
9673,125,8,86303.19,1,1,2,112,At Risk
9674,58,8,140892.63,2,1,4,214,Big Spenders
9675,6,8,72489.2,4,1,1,411,Regular Customers
9676,13,11,152097.36,4,3,4,434,Loyal Customers
9677,19,14,104906.76,4,4,3,443,Loyal Customers
9678,46,10,76140.0,3,2,1,321,Regular Customers
9679,37,16,160655.88999999998,3,4,4,344,Big Spenders
9680,88,8,126757.58,2,1,3,213,Regular Customers
9681,3,7,79482.79,4,1,2,412,Regular Customers
9682,124,13,119769.8,1,4,3,143,At Risk
9683,1,11,67989.7,4,3,1,431,Loyal Customers
9684,1,11,179247.72,4,3,4,434,Loyal Customers
9685,44,6,76288.62,3,1,1,311,Regular Customers
9686,16,8,99519.56,4,1,2,412,Regular Customers
9687,63,8,106478.51,2,1,3,213,Regular Customers
9688,41,7,64446.17999999999,3,1,1,311,Regular Customers
9689,79,8,45991.28,2,1,1,211,Regular Customers
9690,47,5,23943.68,3,1,1,311,Regular Customers
9691,45,12,175042.27,3,3,4,334,Big Spenders
9692,46,6,66067.78,3,1,1,311,Regular Customers
9693,76,11,65987.26,2,3,1,231,Regular Customers
9694,6,10,112933.34,4,2,3,423,Regular Customers
9695,15,11,119662.66,4,3,3,433,Loyal Customers
9696,132,10,89810.45,1,2,2,122,At Risk
9697,42,7,125380.72,3,1,3,313,Regular Customers
9698,31,8,103099.39,3,1,2,312,Regular Customers
9699,103,9,87736.35,1,2,2,122,At Risk
9700,18,2,4683.860000000001,4,1,1,411,Regular Customers
9701,7,9,57578.37,4,2,1,421,Regular Customers
9702,17,10,90586.78,4,2,2,422,Regular Customers
9703,180,10,156326.66,1,2,4,124,Big Spenders
9704,22,9,103735.95999999999,3,2,2,322,Regular Customers
9705,97,10,56852.71,2,2,1,221,Regular Customers
9706,154,10,86043.29,1,2,2,122,At Risk
9707,47,11,71040.86,3,3,1,331,Regular Customers
9708,51,11,71866.76,3,3,1,331,Regular Customers
9709,33,4,62842.08,3,1,1,311,Regular Customers
9710,89,10,67914.01000000001,2,2,1,221,Regular Customers
9711,10,10,177131.88,4,2,4,424,Big Spenders
9712,141,8,63535.01,1,1,1,111,At Risk
9713,156,6,43310.85,1,1,1,111,At Risk
9714,25,8,55498.92,3,1,1,311,Regular Customers
9715,29,13,125309.94,3,4,3,343,Regular Customers
9716,7,7,55743.17,4,1,1,411,Regular Customers
9717,70,10,68696.46,2,2,1,221,Regular Customers
9718,102,10,129764.73000000001,2,2,3,223,Regular Customers
9719,122,16,192472.16999999998,1,4,4,144,Big Spenders
9720,189,7,87935.89,1,1,2,112,At Risk
9721,40,11,101642.52,3,3,2,332,Regular Customers
9722,52,16,133704.94,2,4,3,243,Regular Customers
9723,312,6,64211.3,1,1,1,111,At Risk
9724,73,9,79343.47,2,2,2,222,Regular Customers
9725,83,8,84465.70999999999,2,1,2,212,Regular Customers
9726,25,12,149982.98,3,3,4,334,Big Spenders
9727,17,8,86697.63,4,1,2,412,Regular Customers
9728,141,8,39070.24,1,1,1,111,At Risk
9729,12,10,119579.28,4,2,3,423,Regular Customers
9730,201,7,48351.01,1,1,1,111,At Risk
9731,14,12,181160.58,4,3,4,434,Loyal Customers
9732,111,8,104568.59,1,1,3,113,At Risk
9733,196,8,64875.32,1,1,1,111,At Risk
9734,23,11,99767.18,3,3,2,332,Regular Customers
9735,1,11,151398.36,4,3,4,434,Loyal Customers
9736,56,11,78737.38,2,3,2,232,Regular Customers
9737,66,11,170238.11,2,3,4,234,Big Spenders
9738,108,16,228918.84,1,4,4,144,Big Spenders
9739,52,7,46788.04,2,1,1,211,Regular Customers
9740,15,10,109916.79000000001,4,2,3,423,Regular Customers
9741,150,17,125215.37999999999,1,4,3,143,At Risk
9742,11,10,106813.54999999999,4,2,3,423,Regular Customers
9743,20,17,232615.76,4,4,4,444,Champions
9744,15,12,110238.54000000001,4,3,3,433,Loyal Customers
9745,101,8,142068.06,2,1,4,214,Big Spenders
9746,176,8,65199.88,1,1,1,111,At Risk
9747,72,12,131282.72,2,3,3,233,Regular Customers
9748,129,13,185009.88,1,4,4,144,Big Spenders
9749,11,11,120432.18,4,3,3,433,Loyal Customers
9750,55,13,168914.54,2,4,4,244,Big Spenders
9751,2,8,53645.39,4,1,1,411,Regular Customers
9752,60,9,125811.86,2,2,3,223,Regular Customers
9753,72,8,99932.76,2,1,2,212,Regular Customers
9754,53,14,92913.69,2,4,2,242,Regular Customers
9755,73,11,158278.27,2,3,4,234,Big Spenders
9756,50,11,114102.46,3,3,3,333,Regular Customers
9757,41,13,157081.04,3,4,4,344,Big Spenders
9758,226,7,98687.18000000001,1,1,2,112,At Risk
9759,152,9,84411.76000000001,1,2,2,122,At Risk
9760,4,10,81466.35,4,2,2,422,Regular Customers
9761,37,8,86818.11,3,1,2,312,Regular Customers
9762,23,8,96848.24,3,1,2,312,Regular Customers
9763,17,9,71676.61,4,2,1,421,Regular Customers
9764,8,8,102088.23999999999,4,1,2,412,Regular Customers
9765,82,12,165571.59,2,3,4,234,Big Spenders
9766,132,11,111283.81,1,3,3,133,At Risk
9767,244,9,84503.26000000001,1,2,2,122,At Risk
9768,7,13,145484.14,4,4,4,444,Champions
9769,149,8,45514.03,1,1,1,111,At Risk
9770,41,11,89155.54000000001,3,3,2,332,Regular Customers
9771,347,4,26557.300000000003,1,1,1,111,At Risk
9772,7,19,187216.7,4,4,4,444,Champions
9773,25,7,74936.95,3,1,1,311,Regular Customers
9774,142,2,29139.72,1,1,1,111,At Risk
9775,68,12,117058.28,2,3,3,233,Regular Customers
9776,37,12,187546.63,3,3,4,334,Big Spenders
9777,18,7,106998.22,4,1,3,413,Regular Customers
9778,2,14,164352.27,4,4,4,444,Champions
9779,163,7,62464.53,1,1,1,111,At Risk
9780,70,17,202674.08,2,4,4,244,Big Spenders
9781,29,7,69576.54000000001,3,1,1,311,Regular Customers
9782,97,6,76735.3,2,1,1,211,Regular Customers
9783,45,9,69882.56,3,2,1,321,Regular Customers
9784,162,9,75317.58,1,2,1,121,At Risk
9785,211,3,48227.06,1,1,1,111,At Risk
9786,4,15,147699.64,4,4,4,444,Champions
9787,35,12,109544.34999999999,3,3,3,333,Regular Customers
9788,53,18,219472.44,2,4,4,244,Big Spenders
9789,14,11,71097.71,4,3,1,431,Loyal Customers
9790,41,11,105421.64,3,3,3,333,Regular Customers
9791,14,5,58445.26,4,1,1,411,Regular Customers
9792,74,7,34548.75,2,1,1,211,Regular Customers
9793,11,6,68656.56,4,1,1,411,Regular Customers
9794,66,12,125962.37,2,3,3,233,Regular Customers
9795,63,10,81027.66,2,2,2,222,Regular Customers
9796,154,6,77912.04,1,1,2,112,At Risk
9797,14,8,75784.7,4,1,1,411,Regular Customers
9798,178,12,116317.98,1,3,3,133,At Risk
9799,7,8,69639.73,4,1,1,411,Regular Customers
9800,7,4,59758.47,4,1,1,411,Regular Customers
9801,345,9,55770.009999999995,1,2,1,121,At Risk
9802,36,14,140395.32,3,4,4,344,Big Spenders
9803,90,9,83564.7,2,2,2,222,Regular Customers
9804,21,14,186919.28,4,4,4,444,Champions
9805,56,10,145557.8,2,2,4,224,Big Spenders
9806,24,6,61836.18000000001,3,1,1,311,Regular Customers
9807,9,10,149159.38,4,2,4,424,Big Spenders
9808,58,9,66891.58,2,2,1,221,Regular Customers
9809,164,9,84877.24,1,2,2,122,At Risk
9810,6,12,95967.75,4,3,2,432,Loyal Customers
9811,118,3,41164.44,1,1,1,111,At Risk
9812,115,12,123265.47,1,3,3,133,At Risk
9813,210,9,73126.58,1,2,1,121,At Risk
9814,64,7,99481.36,2,1,2,212,Regular Customers
9815,12,12,121941.51,4,3,3,433,Loyal Customers
9816,14,17,205842.88999999998,4,4,4,444,Champions
9817,17,13,182545.64,4,4,4,444,Champions
9818,199,11,182054.91999999998,1,3,4,134,Big Spenders
9819,67,9,100765.97,2,2,2,222,Regular Customers
9820,55,9,84837.98,2,2,2,222,Regular Customers
9821,133,8,53981.21,1,1,1,111,At Risk
9822,199,12,189255.08000000002,1,3,4,134,Big Spenders
9823,26,8,109570.75,3,1,3,313,Regular Customers
9824,10,16,210134.23,4,4,4,444,Champions
9825,100,11,92212.35,2,3,2,232,Regular Customers
9826,43,12,109735.45,3,3,3,333,Regular Customers
9827,177,7,131921.66,1,1,3,113,At Risk
9828,77,13,144557.67,2,4,4,244,Big Spenders
9829,10,16,146460.13999999998,4,4,4,444,Champions
9830,85,12,142553.96,2,3,4,234,Big Spenders
9831,81,9,74361.51999999999,2,2,1,221,Regular Customers
9832,88,10,123188.01,2,2,3,223,Regular Customers
9833,24,10,88117.17,3,2,2,322,Regular Customers
9834,89,12,74809.3,2,3,1,231,Regular Customers
9835,93,6,90414.94,2,1,2,212,Regular Customers
9836,93,14,147603.32,2,4,4,244,Big Spenders
9837,94,9,93338.64,2,2,2,222,Regular Customers
9838,21,9,71490.98,4,2,1,421,Regular Customers
9839,25,13,104079.28,3,4,2,342,Regular Customers
9840,110,5,56276.89,1,1,1,111,At Risk
9841,39,6,56004.03999999999,3,1,1,311,Regular Customers
9842,40,10,99623.35,3,2,2,322,Regular Customers
9843,170,10,108263.6,1,2,3,123,At Risk
9844,61,11,79491.18,2,3,2,232,Regular Customers
9845,111,9,193369.88999999998,1,2,4,124,Big Spenders
9846,2,12,101140.14,4,3,2,432,Loyal Customers
9847,33,9,103889.6,3,2,2,322,Regular Customers
9848,11,11,121343.26000000001,4,3,3,433,Loyal Customers
9849,142,7,26149.88,1,1,1,111,At Risk
9850,58,5,42499.990000000005,2,1,1,211,Regular Customers
9851,65,8,69901.95,2,1,1,211,Regular Customers
9852,17,12,126250.3,4,3,3,433,Loyal Customers
9853,37,11,140872.61,3,3,4,334,Big Spenders
9854,3,10,91432.95,4,2,2,422,Regular Customers
9855,30,14,112483.52,3,4,3,343,Regular Customers
9856,32,9,85526.93,3,2,2,322,Regular Customers
9857,187,10,99865.56999999999,1,2,2,122,At Risk
9858,60,5,81340.95999999999,2,1,2,212,Regular Customers
9859,32,15,169290.87,3,4,4,344,Big Spenders
9860,43,8,93248.22,3,1,2,312,Regular Customers
9861,6,8,71354.79000000001,4,1,1,411,Regular Customers
9862,150,8,98184.21,1,1,2,112,At Risk
9863,192,8,91040.59,1,1,2,112,At Risk
9864,46,9,112631.34,3,2,3,323,Regular Customers
9865,22,13,90521.52,3,4,2,342,Regular Customers
9866,59,11,122470.6,2,3,3,233,Regular Customers
9867,4,10,93495.79,4,2,2,422,Regular Customers
9868,75,15,179610.02,2,4,4,244,Big Spenders
9869,56,10,120128.47,2,2,3,223,Regular Customers
9870,95,10,74247.12,2,2,1,221,Regular Customers
9871,66,12,127275.07,2,3,3,233,Regular Customers
9872,128,8,120300.87,1,1,3,113,At Risk
9873,217,9,141769.6,1,2,4,124,Big Spenders
9874,13,9,100758.81999999999,4,2,2,422,Regular Customers
9875,43,8,99690.98,3,1,2,312,Regular Customers
9876,90,12,90372.57,2,3,2,232,Regular Customers
9877,11,7,96934.5,4,1,2,412,Regular Customers
9878,67,10,144286.09,2,2,4,224,Big Spenders
9879,369,4,47784.95,1,1,1,111,At Risk
9880,4,6,79377.15,4,1,2,412,Regular Customers
9881,81,13,93476.51000000001,2,4,2,242,Regular Customers
9882,136,7,76426.39,1,1,1,111,At Risk
9883,123,7,67126.48,1,1,1,111,At Risk
9884,10,7,91094.61,4,1,2,412,Regular Customers
9885,5,13,162906.56999999998,4,4,4,444,Champions
9886,140,8,91501.51,1,1,2,112,At Risk
9887,50,16,173766.06,3,4,4,344,Big Spenders
9888,21,7,43889.05,4,1,1,411,Regular Customers
9889,159,9,144904.6,1,2,4,124,Big Spenders
9890,3,12,103734.25,4,3,2,432,Loyal Customers
9891,39,11,103585.65,3,3,2,332,Regular Customers
9892,58,15,123105.11,2,4,3,243,Regular Customers
9893,23,6,72566.56999999999,3,1,1,311,Regular Customers
9894,14,14,146835.91999999998,4,4,4,444,Champions
9895,177,6,63164.17,1,1,1,111,At Risk
9896,44,7,86771.3,3,1,2,312,Regular Customers
9897,33,11,107535.64,3,3,3,333,Regular Customers
9898,152,7,78708.95999999999,1,1,2,112,At Risk
9899,2,12,139530.94999999998,4,3,4,434,Loyal Customers
9900,45,10,105856.63,3,2,3,323,Regular Customers
9901,30,13,154202.35,3,4,4,344,Big Spenders
9902,44,9,118182.06,3,2,3,323,Regular Customers
9903,34,10,107344.04000000001,3,2,3,323,Regular Customers
9904,39,7,110875.43999999999,3,1,3,313,Regular Customers
9905,73,8,61943.97,2,1,1,211,Regular Customers
9906,128,8,89849.51,1,1,2,112,At Risk
9907,102,5,81237.45,2,1,2,212,Regular Customers
9908,3,13,126333.22,4,4,3,443,Loyal Customers
9909,21,12,165109.22,4,3,4,434,Loyal Customers
9910,30,17,147356.16,3,4,4,344,Big Spenders
9911,200,6,52242.15,1,1,1,111,At Risk
9912,105,9,94239.54000000001,1,2,2,122,At Risk
9913,68,9,117416.4,2,2,3,223,Regular Customers
9914,1,17,166440.75,4,4,4,444,Champions
9915,103,6,83328.51000000001,1,1,2,112,At Risk
9916,93,10,96721.52,2,2,2,222,Regular Customers
9917,45,8,94018.64,3,1,2,312,Regular Customers
9918,32,8,59922.61,3,1,1,311,Regular Customers
9919,83,8,69703.68,2,1,1,211,Regular Customers
9920,188,8,101125.74,1,1,2,112,At Risk
9921,7,10,89286.86,4,2,2,422,Regular Customers
9922,13,8,65144.79,4,1,1,411,Regular Customers
9923,1,11,159733.54,4,3,4,434,Loyal Customers
9924,63,11,114462.93999999999,2,3,3,233,Regular Customers
9925,30,12,188201.08000000002,3,3,4,334,Big Spenders
9926,62,8,107059.95,2,1,3,213,Regular Customers
9927,69,11,114760.11,2,3,3,233,Regular Customers
9928,173,9,57149.46,1,2,1,121,At Risk
9929,53,10,120231.11,2,2,3,223,Regular Customers
9930,123,7,72034.41,1,1,1,111,At Risk
9931,5,13,191433.87,4,4,4,444,Champions
9932,1,10,99620.0,4,2,2,422,Regular Customers
9933,113,8,91520.98,1,1,2,112,At Risk
9934,59,8,48418.81,2,1,1,211,Regular Customers
9935,23,15,142441.05,3,4,4,344,Big Spenders
9936,58,16,163032.61,2,4,4,244,Big Spenders
9937,63,10,105528.15,2,2,3,223,Regular Customers
9938,63,8,94827.59,2,1,2,212,Regular Customers
9939,17,10,109420.65,4,2,3,423,Regular Customers
9940,88,14,132492.24,2,4,3,243,Regular Customers
9941,41,18,101389.17,3,4,2,342,Regular Customers
9942,113,8,120195.5,1,1,3,113,At Risk
9943,81,8,111445.4,2,1,3,213,Regular Customers
9944,62,10,104275.9,2,2,2,222,Regular Customers
9945,31,11,125295.29000000001,3,3,3,333,Regular Customers
9946,65,11,162942.47,2,3,4,234,Big Spenders
9947,114,12,125212.51,1,3,3,133,At Risk
9948,24,10,99986.81,3,2,2,322,Regular Customers
9949,155,16,191681.83,1,4,4,144,Big Spenders
9950,15,11,84610.46,4,3,2,432,Loyal Customers
9951,10,14,124342.46,4,4,3,443,Loyal Customers
9952,16,17,202952.73,4,4,4,444,Champions
9953,155,9,87311.12,1,2,2,122,At Risk
9954,76,12,152568.76,2,3,4,234,Big Spenders
9955,10,10,169672.1,4,2,4,424,Big Spenders
9956,220,6,74738.89,1,1,1,111,At Risk
9957,18,8,97877.7,4,1,2,412,Regular Customers
9958,83,9,84709.74,2,2,2,222,Regular Customers
9959,61,11,148785.48,2,3,4,234,Big Spenders
9960,133,9,93783.29999999999,1,2,2,122,At Risk
9961,108,6,54463.7,1,1,1,111,At Risk
9962,48,14,169387.14,3,4,4,344,Big Spenders
9963,79,8,96841.5,2,1,2,212,Regular Customers
9964,169,10,119741.65000000001,1,2,3,123,At Risk
9965,52,18,326977.23,2,4,4,244,Big Spenders
9966,79,5,53340.15,2,1,1,211,Regular Customers
9967,83,13,69577.84,2,4,1,241,Regular Customers
9968,225,10,149493.2,1,2,4,124,Big Spenders
9969,115,8,85014.34,1,1,2,112,At Risk
9970,168,10,71800.43,1,2,1,121,At Risk
9971,99,9,82709.81999999999,2,2,2,222,Regular Customers
9972,3,18,201621.66999999998,4,4,4,444,Champions
9973,233,7,112960.63,1,1,3,113,At Risk
9974,31,9,74182.29,3,2,1,321,Regular Customers
9975,30,5,41440.979999999996,3,1,1,311,Regular Customers
9976,134,10,76906.81,1,2,2,122,At Risk
9977,94,9,117572.86,2,2,3,223,Regular Customers
9978,18,12,163855.35,4,3,4,434,Loyal Customers
9979,93,13,180556.65,2,4,4,244,Big Spenders
9980,71,9,109130.33,2,2,3,223,Regular Customers
9981,3,11,115334.43000000001,4,3,3,433,Loyal Customers
9982,30,11,133347.11,3,3,3,333,Regular Customers
9983,88,15,191709.37,2,4,4,244,Big Spenders
9984,160,9,82159.31,1,2,2,122,At Risk
9985,36,18,240106.06,3,4,4,344,Big Spenders
9986,76,13,149387.85,2,4,4,244,Big Spenders
9987,67,12,145823.43,2,3,4,234,Big Spenders
9988,60,9,75407.84999999999,2,2,1,221,Regular Customers
9989,62,12,117029.09,2,3,3,233,Regular Customers
9990,46,13,168772.71000000002,3,4,4,344,Big Spenders
9991,99,9,67889.01000000001,2,2,1,221,Regular Customers
9992,36,14,131862.03,3,4,3,343,Regular Customers
9993,55,12,120416.06,2,3,3,233,Regular Customers
9994,8,11,160917.23,4,3,4,434,Loyal Customers
9995,140,13,164709.41,1,4,4,144,Big Spenders
9996,425,2,4622.639999999999,1,1,1,111,At Risk
9997,82,9,86422.87,2,2,2,222,Regular Customers
9998,23,12,104878.06,3,3,3,333,Regular Customers
9999,44,10,151990.75,3,2,4,324,Big Spenders
10000,10,14,224974.72,4,4,4,444,Champions
